V1,V2,V3,V4,V5,V6,V7,V8,V9,V10,V11,V12,V13,V14,V15,V16,V17,V18
-0.001017835,-0.000959918,-0.000948126,-0.020863545,-0.000764589,-0.004343318,-0.000614907,-0.000588395,-0.00057236,-0.01387976,-0.000382871,-0.002896358,-0.00044296,-0.000433427,-0.000431036,-0.010590516,-0.000266894,-0.002225135
-0.000911859,-0.000864414,-0.000838078,-0.020622434,-0.000601759,-0.001202131,-0.000530087,-0.000493153,-0.000481122,-0.014176145,-0.000350519,-0.000740163,-0.000385876,-0.000364075,-0.000364052,-0.010457695,-0.000257093,-0.000544189
-0.000905062,-0.000902425,-0.000875249,-0.020677209,-0.000675685,-0.000743007,-0.000616354,-0.000610118,-0.000605292,-0.014556755,-0.000351486,-0.000451218,-0.000486094,-0.000473478,-0.000471832,-0.0107397,-0.000253344,-0.000323625
-0.001188456,-0.001146585,-0.001069627,-0.020904722,-0.000619853,-0.005971594,-0.000709562,-0.000663371,-0.00060954,-0.013980331,-0.000329495,-0.003595999,-0.000506403,-0.000471286,-0.000452182,-0.010817313,-0.000258648,-0.002684411
-0.000870782,-0.000875931,-0.000858155,-0.019447272,-0.000709404,-0.001212307,-0.000587265,-0.000567071,-0.000536511,-0.013521782,-0.000342144,-0.000713178,-0.000424617,-0.000419322,-0.000420565,-0.010585348,-0.000255587,-0.000535697
-0.001441846,-0.001384884,-0.001317115,-0.021218718,-0.000708534,-0.001478558,-0.000688469,-0.00067957,-0.000641619,-0.013907931,-0.000358357,-0.000919006,-0.000512884,-0.000474164,-0.000463714,-0.010096153,-0.000268847,-0.000663474
-0.001114319,-0.001035555,-0.000969803,-0.018624939,-0.000655368,-0.00458669,-0.000633843,-0.00060326,-0.000579042,-0.013975696,-0.000333818,-0.003080642,-0.000460076,-0.000447572,-0.000431563,-0.010882228,-0.000259377,-0.002380328
-0.001595679,-0.001428694,-0.001403651,-0.019015003,-0.000668073,-0.00067906,-0.000931432,-0.000872101,-0.000847532,-0.013444716,-0.000365808,-0.000375197,-0.000684027,-0.000646149,-0.000639458,-0.01022974,-0.000255098,-0.000288579
-0.001423553,-0.001393071,-0.001265237,-0.019144248,-0.000682033,-0.001084624,-0.0008217,-0.000784202,-0.000745852,-0.013467392,-0.000352642,-0.000664796,-0.00054475,-0.000532207,-0.000509329,-0.010604014,-0.00026201,-0.00052691
-0.002094563,-0.001606725,-0.001386931,-0.020961775,-0.000697919,-0.003014213,-0.001142038,-0.000905679,-0.00075638,-0.012778884,-0.000367778,-0.002140882,-0.000779451,-0.000609957,-0.000547294,-0.010374548,-0.000272459,-0.001576737
-0.001652365,-0.001525442,-0.001431655,-0.021957816,-0.00056189,-0.003713822,-0.000999125,-0.000912654,-0.000812391,-0.013736107,-0.00033278,-0.002422819,-0.000676723,-0.000625222,-0.000527922,-0.01087694,-0.000245886,-0.002019703
-0.001411499,-0.001315038,-0.001382915,-0.02041435,-0.000602086,-0.00588993,-0.000688955,-0.000671663,-0.000665169,-0.014316774,-0.0003395,-0.003856242,-0.000523314,-0.000488803,-0.000486191,-0.011081153,-0.000258254,-0.003029767
-0.00142309,-0.001320908,-0.001278157,-0.020453438,-0.000792628,-0.001047195,-0.000895013,-0.000840751,-0.000751361,-0.013961326,-0.000329293,-0.000622582,-0.000627372,-0.000579355,-0.000545834,-0.0105273,-0.000258652,-0.000453638
-0.001391865,-0.001250477,-0.001149428,-0.020273674,-0.000587252,-0.005818119,-0.000894791,-0.000780391,-0.000724361,-0.013955656,-0.000357315,-0.003977966,-0.000628251,-0.000550869,-0.000496823,-0.010821819,-0.000259906,-0.002888677
-0.001558005,-0.001508372,-0.001410822,-0.019721668,-0.000734558,-0.005488161,-0.000853567,-0.000837646,-0.000764093,-0.01376419,-0.000400817,-0.003614158,-0.000619201,-0.000577321,-0.000548922,-0.011130832,-0.00027518,-0.002857392
-0.003105257,-0.00227166,-0.002023806,-0.019599338,-0.000614357,-0.002437569,-0.001491542,-0.001115581,-0.000992675,-0.013569452,-0.000338759,-0.00138827,-0.001064484,-0.000774129,-0.000695422,-0.010277808,-0.000263468,-0.001052993
-0.001701802,-0.001488417,-0.00140482,-0.018681499,-0.000541499,-0.00062421,-0.001100407,-0.000959619,-0.000915547,-0.013431995,-0.000333502,-0.000384639,-0.000808636,-0.000709417,-0.000666588,-0.010138444,-0.000257053,-0.000297033
-0.001787476,-0.001489099,-0.001329303,-0.020470823,-0.000518973,-0.000746933,-0.001135394,-0.000934826,-0.000834481,-0.012996941,-0.000338865,-0.000474303,-0.0008752,-0.0006951,-0.000610249,-0.010135204,-0.000250519,-0.000345271
-0.001427141,-0.001291354,-0.001225199,-0.018489955,-0.000648854,-0.0006586,-0.000787811,-0.000726153,-0.000709247,-0.01256312,-0.000368295,-0.000402996,-0.000561226,-0.000537236,-0.000517131,-0.00946787,-0.000248869,-0.000297328
-0.001402537,-0.001351828,-0.00129883,-0.020336056,-0.000753597,-0.00107502,-0.000707741,-0.000602498,-0.000587605,-0.013022419,-0.000348759,-0.000550252,-0.000512436,-0.000464846,-0.000440265,-0.010219764,-0.000252704,-0.000385719
-0.00170555,-0.001436275,-0.001321898,-0.018729472,-0.000610495,-0.003941493,-0.001020809,-0.000806957,-0.000738084,-0.012360268,-0.000356467,-0.002297562,-0.000727813,-0.000600388,-0.000546922,-0.00968762,-0.000256286,-0.001831315
-0.00092602,-0.00089618,-0.000951491,-0.018179519,-0.000772966,-0.003181484,-0.000633395,-0.000651203,-0.000640135,-0.012845443,-0.0004133,-0.002015414,-0.000494388,-0.000493831,-0.000482707,-0.009827388,-0.000287638,-0.001674059
-0.001620192,-0.001484818,-0.001377638,-0.019049887,-0.000651067,-0.003601589,-0.001004816,-0.000909327,-0.000849853,-0.013086569,-0.000400535,-0.002394193,-0.000694109,-0.000624189,-0.000570192,-0.010134877,-0.00029637,-0.001932463
-0.002111367,-0.001830702,-0.001670633,-0.018850155,-0.000556012,-0.003411366,-0.001230933,-0.001070542,-0.000988962,-0.012476825,-0.00036759,-0.002310218,-0.000905254,-0.000773207,-0.000690874,-0.009621986,-0.000267109,-0.001767162
-0.002393762,-0.001784327,-0.001541769,-0.018313903,-0.000696809,-0.003513677,-0.001485754,-0.001162307,-0.000922172,-0.012548246,-0.000356082,-0.002273009,-0.001071866,-0.000840901,-0.000668772,-0.009826194,-0.000266665,-0.001759789
-0.001166017,-0.001102881,-0.001029447,-0.02148708,-0.00071672,-0.005452354,-0.000650521,-0.000629351,-0.000604047,-0.013911056,-0.000434122,-0.003773128,-0.000466851,-0.000459723,-0.000446252,-0.010941077,-0.000282994,-0.002778951
-0.001102737,-0.001086032,-0.001078429,-0.020082736,-0.000701557,-0.003408814,-0.000654169,-0.000642689,-0.000629605,-0.013270046,-0.000351435,-0.002164672,-0.00044369,-0.000444153,-0.000444935,-0.009949431,-0.000254958,-0.001710247
-0.001372441,-0.001220576,-0.00115316,-0.022362762,-0.000699643,-0.00427647,-0.00072838,-0.000627867,-0.000606866,-0.013854705,-0.000371568,-0.002714177,-0.000548252,-0.000480233,-0.000474215,-0.010847767,-0.000280889,-0.002262099
-0.001378475,-0.001282974,-0.001205362,-0.022117437,-0.000884781,-0.004285439,-0.00075328,-0.000698459,-0.000672719,-0.014102436,-0.000392256,-0.002814513,-0.000561215,-0.000520304,-0.000491667,-0.010382502,-0.000271343,-0.002151903
-0.001178557,-0.00108821,-0.001012039,-0.020268283,-0.000628395,-0.002716745,-0.00070711,-0.00066219,-0.000640402,-0.012567795,-0.000348125,-0.001872145,-0.000531435,-0.000513431,-0.000488275,-0.009835185,-0.000254746,-0.001338147
-0.001237086,-0.001141066,-0.001096917,-0.021267321,-0.000623381,-0.001676626,-0.0007657,-0.000698205,-0.000668319,-0.013836495,-0.000371956,-0.001031782,-0.0005336,-0.000489855,-0.000474538,-0.010349107,-0.000258768,-0.000730217
-0.000903776,-0.000878525,-0.000819448,-0.021153229,-0.000609198,-0.001391364,-0.000519497,-0.000500593,-0.00046908,-0.013515313,-0.000364553,-0.000859579,-0.000376063,-0.000370226,-0.000347047,-0.010159302,-0.00026997,-0.000634732
-0.000858577,-0.000844118,-0.000830215,-0.02137142,-0.000684514,-0.001205268,-0.0005461,-0.000524005,-0.000511498,-0.013157703,-0.000369216,-0.000850676,-0.000361655,-0.000341317,-0.000343627,-0.010138168,-0.000282203,-0.000681921
-0.000997717,-0.000981857,-0.000901708,-0.019113517,-0.000699397,-0.001652867,-0.000495805,-0.000489422,-0.000481828,-0.013339216,-0.000385482,-0.00112641,-0.000396406,-0.000382706,-0.000360789,-0.009424701,-0.000285139,-0.000834749
-0.00103601,-0.001009897,-0.000920274,-0.020487317,-0.000687515,-0.002055381,-0.000636174,-0.000610534,-0.000587378,-0.012961312,-0.000367335,-0.001348479,-0.000468943,-0.000445194,-0.000427857,-0.009662399,-0.000266559,-0.001000292
-0.000993899,-0.000966015,-0.000959452,-0.020228879,-0.000725537,-0.001250375,-0.000553067,-0.000533786,-0.000513423,-0.012728752,-0.000392531,-0.000850114,-0.000400108,-0.000397173,-0.000391072,-0.00985434,-0.000278745,-0.000657782
-0.002462086,-0.001786303,-0.001565954,-0.022414266,-0.000734397,-0.001729239,-0.001371057,-0.000986,-0.000847029,-0.012364707,-0.000409343,-0.001032767,-0.000945718,-0.00068965,-0.000606157,-0.010056022,-0.000275966,-0.000756205
-0.000878472,-0.000823526,-0.00080963,-0.020301249,-0.000674893,-0.002683426,-0.000564738,-0.000560993,-0.000519771,-0.012484724,-0.000360888,-0.001740441,-0.000424353,-0.000421159,-0.000401204,-0.009766394,-0.000261364,-0.001361431
-0.000936067,-0.000913141,-0.000930018,-0.020605845,-0.00067308,-0.00092775,-0.000596312,-0.000575649,-0.000550799,-0.01323064,-0.000357686,-0.000614634,-0.000441671,-0.000436919,-0.000409312,-0.009935964,-0.00026924,-0.000484495
-0.001145854,-0.001112822,-0.001102425,-0.018263652,-0.000680907,-0.000793066,-0.000650262,-0.000630615,-0.000614337,-0.012398849,-0.000342635,-0.000405462,-0.000483999,-0.000477025,-0.000455516,-0.00968794,-0.000251531,-0.000314243
-0.000983251,-0.000957263,-0.000933597,-0.020834239,-0.000714445,-0.000951368,-0.000528376,-0.000530783,-0.000511819,-0.013076546,-0.00037085,-0.000576003,-0.000390737,-0.000384395,-0.000395708,-0.009915089,-0.000279573,-0.000451839
-0.000968266,-0.00092486,-0.000903873,-0.019617116,-0.000625048,-0.001594202,-0.000624295,-0.000611709,-0.000602699,-0.013043818,-0.000350607,-0.001048532,-0.000478858,-0.000451768,-0.000432538,-0.009642377,-0.0002617,-0.000737219
-0.001151655,-0.001082758,-0.000975041,-0.018003948,-0.000674865,-0.000750443,-0.000619629,-0.000588723,-0.000566982,-0.012510207,-0.000364942,-0.000428093,-0.000445237,-0.000437979,-0.000408356,-0.009786964,-0.000256669,-0.000327351
-0.003025784,-0.001831195,-0.001344688,-0.018033671,-0.000464292,-0.000597914,-0.001515222,-0.000931008,-0.000702797,-0.012427355,-0.000310729,-0.000394981,-0.001198567,-0.000755105,-0.000561236,-0.00987181,-0.000237583,-0.00030552
-0.000674207,-0.000652793,-0.00064425,-0.018759725,-0.00057945,-0.000582867,-0.000397785,-0.000391404,-0.000402976,-0.011991055,-0.000317277,-0.000332011,-0.000295032,-0.000295587,-0.000293375,-0.009441621,-0.000225903,-0.000236608
-0.000863031,-0.000828986,-0.000830143,-0.018520323,-0.000499764,-0.002036433,-0.00046177,-0.000440775,-0.000429283,-0.012961075,-0.000293544,-0.001352706,-0.000340755,-0.000327295,-0.000308593,-0.009952415,-0.000227939,-0.001096261
-0.000963887,-0.000930079,-0.000898904,-0.018549639,-0.000454285,-0.000574546,-0.000436063,-0.000424655,-0.000415252,-0.013025588,-0.00027338,-0.000373342,-0.000327832,-0.000319683,-0.000311732,-0.010257326,-0.000189836,-0.00025993
-0.000917977,-0.000796749,-0.000749854,-0.018538981,-0.000400895,-0.000469085,-0.000475539,-0.000426331,-0.000401825,-0.013099403,-0.000231732,-0.000267043,-0.000326521,-0.000303234,-0.000294612,-0.010074513,-0.000168229,-0.000190743
-0.000576667,-0.000570552,-0.000548233,-0.019073576,-0.000342898,-0.000758442,-0.000297475,-0.000291488,-0.000278516,-0.01277372,-0.000210473,-0.000438785,-0.00022593,-0.000224843,-0.000210519,-0.010078393,-0.000162748,-0.000351055
-0.000315944,-0.000320055,-0.00031985,-0.019204917,-0.000291913,-0.000409781,-0.000187599,-0.000188788,-0.000185627,-0.012081235,-0.000189093,-0.000247507,-0.000137549,-0.000138265,-0.000141517,-0.009924101,-0.000141994,-0.000193566
-0.0003461,-0.000340099,-0.000327891,-0.020598043,-0.000290088,-0.00044714,-0.000174658,-0.000166787,-0.000169795,-0.013196922,-0.000169748,-0.00029658,-0.000129838,-0.000128706,-0.000125397,-0.01028118,-0.000128857,-0.000232563
-0.000330154,-0.000326968,-0.000319545,-0.017505476,-0.000280565,-0.000625973,-0.000178121,-0.000177118,-0.000178299,-0.01274655,-0.000162035,-0.000395728,-0.000136932,-0.000135278,-0.000135285,-0.00994631,-0.000117202,-0.000281273
-0.000252654,-0.000248723,-0.000244953,-0.021073903,-0.000262286,-0.000840515,-0.000163624,-0.000159976,-0.000158508,-0.013634923,-0.000154681,-0.000418373,-0.000110511,-0.00011021,-0.000111673,-0.010380312,-0.000106476,-0.000295865
-0.000297893,-0.000301107,-0.000303145,-0.019595228,-0.000222162,-0.00131451,-0.000174987,-0.000168814,-0.000170706,-0.012835733,-0.000131937,-0.000679847,-0.000126162,-0.000124307,-0.000124517,-0.009656888,-9.59E-05,-0.000477941
-0.000328988,-0.000311764,-0.0002938,-0.01932184,-0.000247252,-0.000828485,-0.000193976,-0.000187901,-0.000174156,-0.013339548,-0.000129487,-0.000451838,-0.00014568,-0.000140257,-0.000137656,-0.01036763,-9.99E-05,-0.000327454
-0.000312265,-0.000317614,-0.000307276,-0.019671591,-0.000255639,-0.001238166,-0.000188682,-0.000177874,-0.000175281,-0.013339766,-0.000130785,-0.000663418,-0.000135432,-0.000130901,-0.000127113,-0.010255823,-9.45E-05,-0.000520135
-0.000264835,-0.000259026,-0.000253821,-0.020627869,-0.000233671,-0.000990573,-0.000148776,-0.000151631,-0.000147321,-0.01331523,-0.000132147,-0.000700056,-0.000109306,-0.000108868,-0.000106446,-0.01042386,-0.000101296,-0.000554209
-0.000353015,-0.000342091,-0.000336837,-0.020899007,-0.000254625,-0.001428029,-0.000202633,-0.000201029,-0.000201607,-0.012509359,-0.000128112,-0.000775673,-0.000135826,-0.000130142,-0.000130505,-0.010083669,-9.22E-05,-0.000600585
-0.000289907,-0.000280913,-0.000280662,-0.020493093,-0.000214571,-0.001159618,-0.000187815,-0.00018543,-0.00017779,-0.012680669,-0.000121984,-0.00069183,-0.000139261,-0.000136818,-0.000134428,-0.010441064,-9.28E-05,-0.000550499
-0.000335919,-0.000324542,-0.000321441,-0.02004104,-0.000220907,-0.000960344,-0.000205409,-0.000198419,-0.00019848,-0.013071274,-0.000127204,-0.000687142,-0.0001437,-0.000140022,-0.000140682,-0.010351351,-9.21E-05,-0.000504431
-0.000246483,-0.000244746,-0.000243288,-0.021965575,-0.000197752,-0.000479719,-0.000152536,-0.000158344,-0.000156742,-0.014449965,-0.000121038,-0.000307739,-0.000114869,-0.000113957,-0.000112328,-0.011517556,-9.44E-05,-0.000230668
-0.000395676,-0.000400545,-0.000357785,-0.021740094,-0.000316775,-0.00170326,-0.000197842,-0.000192718,-0.000184589,-0.015046082,-0.000123113,-0.001138062,-0.000133227,-0.000129411,-0.000129511,-0.011458565,-9.29E-05,-0.000870869
-0.000383494,-0.000366308,-0.000337311,-0.020717205,-0.000308782,-0.001543345,-0.000194457,-0.000191088,-0.000174238,-0.014027492,-0.000127446,-0.000961303,-0.000143642,-0.0001393,-0.000133598,-0.010972649,-9.80E-05,-0.000773241
-0.000294021,-0.000280919,-0.000265075,-0.021222909,-0.000224605,-0.000732765,-0.00018963,-0.000185425,-0.000183209,-0.014750389,-0.000123077,-0.000469236,-0.000150202,-0.00014619,-0.000142649,-0.010630153,-8.91E-05,-0.000357328
-0.000359258,-0.000351257,-0.000334086,-0.022414497,-0.000268789,-0.001702444,-0.000232193,-0.000218143,-0.000197307,-0.014539363,-0.000132924,-0.001073935,-0.00017742,-0.000169211,-0.000150833,-0.010899533,-9.35E-05,-0.000849195
-0.000263953,-0.000265294,-0.000254344,-0.022033202,-0.000209593,-0.000251331,-0.000176595,-0.000179483,-0.000170223,-0.014592405,-0.00011802,-0.000168036,-0.00012377,-0.000120348,-0.000120169,-0.011098938,-8.91E-05,-0.000120418
-0.000396464,-0.000385539,-0.000341397,-0.022466158,-0.000227606,-0.000984089,-0.00022546,-0.000213389,-0.000208021,-0.014483069,-0.000125653,-0.000608057,-0.00016206,-0.000158281,-0.000152085,-0.010906913,-8.65E-05,-0.000481473
-0.000289806,-0.00027967,-0.00028314,-0.021498184,-0.00022006,-0.001263915,-0.000167615,-0.000163535,-0.000164145,-0.014470326,-0.000118618,-0.000742639,-0.000126442,-0.000126032,-0.000124413,-0.010665425,-8.81E-05,-0.000579263
-0.000450345,-0.000439264,-0.000409805,-0.02000664,-0.000218768,-0.001669127,-0.000243652,-0.000235406,-0.000224228,-0.013268498,-0.000127837,-0.000909145,-0.000178993,-0.00017903,-0.000169032,-0.010500808,-8.85E-05,-0.000644015
-0.000369981,-0.000377121,-0.000387869,-0.021990205,-0.000228626,-0.000290945,-0.00022178,-0.000223909,-0.000228481,-0.013990508,-0.000135183,-0.000180289,-0.000160354,-0.000156598,-0.00015711,-0.011521176,-9.69E-05,-0.000143115
-0.000239074,-0.000213899,-0.000214791,-0.02176724,-0.000195596,-0.003054983,-0.000146932,-0.000147745,-0.000144233,-0.014805989,-0.000120665,-0.001752594,-0.000108182,-0.00011067,-0.000109272,-0.010415049,-8.97E-05,-0.001364674
-0.000306243,-0.000300249,-0.000282337,-0.021952069,-0.000241462,-0.00211201,-0.000196783,-0.000192373,-0.000183373,-0.014627499,-0.000118486,-0.001453626,-0.000142725,-0.000136888,-0.000136744,-0.011037899,-9.06E-05,-0.001092583
-0.000321749,-0.000319405,-0.00031452,-0.023117686,-0.000234495,-0.000801392,-0.000194803,-0.000192716,-0.000189444,-0.015157545,-0.000126658,-0.000534715,-0.000131724,-0.000129192,-0.000125693,-0.011273008,-9.89E-05,-0.000358687
-0.000299656,-0.000295135,-0.000291606,-0.023587983,-0.000249526,-0.004040863,-0.000164219,-0.000165681,-0.00015915,-0.016284345,-0.000144667,-0.002599057,-0.000128075,-0.000127495,-0.000126724,-0.012505632,-0.000102954,-0.001998014
-0.000284686,-0.000284496,-0.00028657,-0.024371339,-0.000239568,-0.002011364,-0.000150806,-0.000153578,-0.000152107,-0.015528643,-0.000125712,-0.001196976,-0.000116163,-0.000115047,-0.000114116,-0.012177852,-9.11E-05,-0.000851859
-0.000403155,-0.000395115,-0.000397519,-0.025876764,-0.000244027,-0.005217842,-0.000240031,-0.000227817,-0.000225873,-0.015516926,-0.000135998,-0.003526017,-0.00015738,-0.000155451,-0.0001539,-0.012441497,-9.64E-05,-0.002733737
-0.000354638,-0.000329898,-0.000328425,-0.023871998,-0.000219633,-0.003232532,-0.000214322,-0.00020059,-0.000199198,-0.0147157,-0.000123729,-0.00190288,-0.000151983,-0.000145933,-0.000146243,-0.011701901,-9.48E-05,-0.001325326
-0.000378058,-0.000378608,-0.000358971,-0.024637472,-0.000230501,-0.003345229,-0.000229998,-0.000228556,-0.000217374,-0.016893073,-0.000146031,-0.00217876,-0.000161128,-0.000157239,-0.000153009,-0.012291494,-0.000105351,-0.001745601
-0.000347975,-0.000330418,-0.00032162,-0.023213861,-0.000242635,-0.000917534,-0.000196598,-0.000186365,-0.000178569,-0.015671316,-0.000127665,-0.000495411,-0.00014512,-0.000137387,-0.000137851,-0.012078658,-9.63E-05,-0.00036564
-0.000351567,-0.000316513,-0.000307423,-0.024105146,-0.00026753,-0.002674395,-0.000224928,-0.000209079,-0.000207149,-0.015770588,-0.000123197,-0.001394765,-0.000164268,-0.000155986,-0.000147681,-0.011578446,-9.62E-05,-0.001044438
-0.000247945,-0.000240379,-0.000241283,-0.023688808,-0.00026682,-0.002311717,-0.000151389,-0.000149361,-0.00015002,-0.01512367,-0.00012351,-0.001439657,-0.000108544,-0.000105434,-0.000107109,-0.011580125,-9.60E-05,-0.001087813
-0.000275908,-0.00027156,-0.000266797,-0.022694575,-0.000264164,-0.002651759,-0.000151528,-0.000150955,-0.00014858,-0.01522526,-0.000127485,-0.001550454,-0.000106296,-0.000106795,-0.000106027,-0.011772388,-9.12E-05,-0.001140424
-0.000274269,-0.000264424,-0.000246237,-0.024545257,-0.000237947,-0.001104928,-0.000154625,-0.000147895,-0.000139509,-0.015651961,-0.000120983,-0.000663349,-0.000111709,-0.00010931,-0.000105722,-0.011850838,-8.66E-05,-0.000469303
-0.000237923,-0.000217884,-0.00021602,-0.023469176,-0.000204714,-0.002136244,-0.000166963,-0.000158352,-0.000154916,-0.015586138,-0.0001177,-0.001383607,-0.000123692,-0.000121414,-0.000118109,-0.011631665,-8.93E-05,-0.001017364
-0.000237461,-0.000235726,-0.000232509,-0.024831192,-0.00025619,-0.001857911,-0.000155085,-0.000152029,-0.000150094,-0.015810369,-0.00013939,-0.001067069,-0.000107564,-0.000106447,-0.000104231,-0.01206806,-9.70E-05,-0.000762775
-0.000246494,-0.000242847,-0.000235994,-0.026579487,-0.000251226,-0.003952039,-0.000134276,-0.000132866,-0.000136287,-0.016708139,-0.0001251,-0.002711087,-0.000102411,-0.000103858,-0.000104151,-0.012581702,-9.40E-05,-0.002080808
-0.000205692,-0.000209447,-0.000209913,-0.026921311,-0.000210309,-0.001760579,-0.000135256,-0.000131377,-0.000130867,-0.01773773,-0.000122001,-0.001060424,-8.79E-05,-8.83E-05,-8.79E-05,-0.01384445,-9.13E-05,-0.000822199
-0.000275692,-0.000267383,-0.000259545,-0.024281636,-0.000257443,-0.002677195,-0.000150052,-0.000150427,-0.000146918,-0.017742495,-0.000140083,-0.001483881,-0.000114278,-0.000114521,-0.00011202,-0.012751375,-9.70E-05,-0.001041632
-0.000229026,-0.000230458,-0.000223352,-0.023892486,-0.00023366,-0.003747876,-0.000137191,-0.000130428,-0.000132161,-0.016357807,-0.000134427,-0.002378656,-9.34E-05,-9.04E-05,-8.85E-05,-0.013480695,-8.72E-05,-0.001713922
-0.000237814,-0.000229611,-0.000221052,-0.023943958,-0.000201253,-0.002368729,-0.00012951,-0.000123466,-0.000123093,-0.016737571,-0.000120625,-0.00156724,-9.18E-05,-8.89E-05,-8.83E-05,-0.012419394,-8.96E-05,-0.001155121
-0.00023631,-0.000233321,-0.000239877,-0.024880765,-0.000226398,-0.00265151,-0.000141363,-0.000138486,-0.000137962,-0.017284276,-0.000127232,-0.001488604,-0.000100947,-9.79E-05,-9.79E-05,-0.0132252,-9.24E-05,-0.001000671
-0.00024659,-0.000241035,-0.000236079,-0.028190249,-0.000239877,-0.000770784,-0.000165427,-0.000159956,-0.000155891,-0.017650964,-0.000137083,-0.000530152,-0.000116167,-0.000115698,-0.000113222,-0.013718142,-9.59E-05,-0.000414976
-0.000272659,-0.000261493,-0.000262258,-0.028994285,-0.000205822,-0.001264084,-0.000148391,-0.000142736,-0.000147549,-0.017789924,-0.000135559,-0.000714583,-0.000105949,-0.000104491,-0.00010627,-0.013476587,-9.00E-05,-0.000538057
-0.00035868,-0.000340689,-0.000304529,-0.03394053,-0.000205319,-0.002154012,-0.000191555,-0.000186015,-0.000177193,-0.017666031,-0.000127365,-0.001432628,-0.000129478,-0.000124932,-0.000118065,-0.01406615,-9.24E-05,-0.000991014
-0.000226625,-0.000224408,-0.000220657,-0.029277955,-0.000242357,-0.003279209,-0.000135347,-0.00014158,-0.000137421,-0.018585127,-0.000144906,-0.002253879,-0.00010594,-0.000106526,-0.000107547,-0.014702431,-9.76E-05,-0.00174638
-0.000195536,-0.000196796,-0.000195844,-0.028650281,-0.00022228,-0.004260881,-0.000124938,-0.000123879,-0.000124699,-0.01873636,-0.000133585,-0.002670141,-8.67E-05,-8.83E-05,-8.79E-05,-0.015439798,-9.78E-05,-0.001962765
-0.000203168,-0.000202346,-0.000202806,-0.02616233,-0.00022329,-0.001166276,-0.000126729,-0.000123226,-0.000126083,-0.017925889,-0.000126094,-0.000654164,-9.24E-05,-9.15E-05,-9.16E-05,-0.014323866,-9.03E-05,-0.000489195
-0.000192561,-0.000193613,-0.00019655,-0.027113684,-0.000240249,-0.001698854,-0.000124262,-0.000120194,-0.000115029,-0.018055632,-0.000124203,-0.001019163,-8.57E-05,-8.62E-05,-8.61E-05,-0.013691682,-9.57E-05,-0.000732152
-0.000176395,-0.000174749,-0.000176396,-0.0261431,-0.000195089,-0.000961906,-0.000109403,-0.000111354,-0.000110821,-0.017564321,-0.000117964,-0.000590167,-8.26E-05,-8.38E-05,-8.31E-05,-0.013750289,-8.74E-05,-0.000445307
-0.000168307,-0.000171402,-0.000168596,-0.027688003,-0.00023056,-0.002241563,-0.000116847,-0.000116235,-0.00011616,-0.01851453,-0.00012561,-0.00112497,-9.20E-05,-9.13E-05,-8.92E-05,-0.013107735,-9.66E-05,-0.000850597
-0.000212463,-0.000211334,-0.000217396,-0.026032842,-0.000257564,-0.002206181,-0.000127527,-0.000127393,-0.000128217,-0.018041787,-0.000136875,-0.001116406,-9.59E-05,-9.36E-05,-9.58E-05,-0.014015876,-9.88E-05,-0.000868064
-0.000233238,-0.000229841,-0.000218538,-0.025744746,-0.000240787,-0.001911658,-0.000136305,-0.000136321,-0.00012958,-0.017352272,-0.000123485,-0.001096419,-8.71E-05,-8.80E-05,-8.42E-05,-0.013415649,-9.70E-05,-0.000802971
-0.000193566,-0.000186713,-0.000189715,-0.026407305,-0.000202143,-0.002934225,-0.000126343,-0.000123919,-0.000124366,-0.017290902,-0.000133049,-0.001641648,-9.08E-05,-9.12E-05,-9.10E-05,-0.013647071,-0.000100624,-0.001239371
-0.000222597,-0.000222664,-0.000228147,-0.025277914,-0.000228848,-0.00351444,-0.000136531,-0.00013628,-0.000134215,-0.016874087,-0.000134304,-0.002118503,-9.60E-05,-9.72E-05,-9.97E-05,-0.0132552,-9.49E-05,-0.001401836
-0.00021519,-0.000207193,-0.000203331,-0.023925868,-0.000212013,-0.00061371,-0.00012476,-0.000125432,-0.000122852,-0.016199698,-0.000116981,-0.000377535,-8.85E-05,-8.91E-05,-8.85E-05,-0.013100567,-8.74E-05,-0.00028184
-0.00022976,-0.000231535,-0.000234614,-0.025863719,-0.000229569,-0.002179366,-0.000144191,-0.000145755,-0.000142891,-0.01616992,-0.000135749,-0.001386901,-0.000105834,-0.00010523,-0.000104068,-0.012809591,-9.46E-05,-0.000978921
-0.000242782,-0.000244181,-0.000239984,-0.023130841,-0.000220385,-0.003044842,-0.000152547,-0.00015263,-0.000149009,-0.016027293,-0.000138079,-0.001641679,-0.000106617,-0.000106949,-0.000108431,-0.012714019,-9.78E-05,-0.001221946
-0.000800493,-0.000773802,-0.000753731,-0.025774764,-0.000666398,-0.002812503,-0.000427289,-0.000416623,-0.00042413,-0.015798198,-0.000374208,-0.001707489,-0.000313845,-0.000315315,-0.00031635,-0.012507313,-0.000276812,-0.001321459
-0.000896475,-0.000890399,-0.00087729,-0.024134031,-0.000784411,-0.00196188,-0.000479676,-0.000487969,-0.000467914,-0.016428729,-0.000369482,-0.001189123,-0.000334588,-0.000346458,-0.000342297,-0.012957283,-0.000260531,-0.000876225
-0.000886474,-0.00087621,-0.000852023,-0.023703209,-0.000676324,-0.003581849,-0.000466858,-0.000447652,-0.000457826,-0.016092182,-0.000362225,-0.002075129,-0.000343638,-0.000338951,-0.000341132,-0.012792744,-0.000269511,-0.001467143
-0.000693567,-0.000697991,-0.000676893,-0.025990213,-0.000567647,-0.000676553,-0.000419457,-0.000417404,-0.000411842,-0.016746308,-0.000348918,-0.000377133,-0.000302227,-0.000308452,-0.000304175,-0.013086386,-0.000273159,-0.000284473
-0.000787165,-0.00074705,-0.000743666,-0.024828682,-0.000733199,-0.002038118,-0.000457418,-0.000438175,-0.000436037,-0.015697016,-0.000347173,-0.001270478,-0.000326916,-0.000316591,-0.000320018,-0.011922856,-0.000260828,-0.000973845
-0.000686761,-0.000673139,-0.000650906,-0.023548765,-0.00056186,-0.001523283,-0.000407628,-0.000394703,-0.000404699,-0.015894178,-0.000329736,-0.00081876,-0.000290197,-0.000280295,-0.000287438,-0.011578511,-0.000247952,-0.000631953
-0.000627921,-0.000618888,-0.000600951,-0.024073674,-0.000565337,-0.001126803,-0.000371862,-0.00036957,-0.000369917,-0.015975656,-0.000342556,-0.000605267,-0.000263172,-0.000258119,-0.000263765,-0.012083094,-0.000252301,-0.000459406
-0.000674468,-0.000663254,-0.0006386,-0.023405242,-0.000612754,-0.001459175,-0.000422875,-0.000419925,-0.000408924,-0.015797902,-0.000337244,-0.000818961,-0.000264104,-0.000258298,-0.000264097,-0.011975209,-0.000247803,-0.00062035
-0.000590848,-0.00059421,-0.000579258,-0.023063468,-0.000540691,-0.001266591,-0.000341509,-0.000319381,-0.000318801,-0.0151592,-0.000303058,-0.000804777,-0.000250755,-0.000241827,-0.000240097,-0.012267002,-0.000219243,-0.000606235
-0.000505853,-0.000499116,-0.000499146,-0.023598729,-0.000462504,-0.001055126,-0.000315141,-0.00031095,-0.000314287,-0.015394932,-0.000288256,-0.000692565,-0.000233802,-0.000231073,-0.000232149,-0.012259764,-0.000226416,-0.000522532
-0.000412074,-0.000403409,-0.00038778,-0.021828336,-0.000378698,-0.000698014,-0.000244429,-0.000243756,-0.000238264,-0.015810339,-0.000249792,-0.000454771,-0.000185303,-0.000185422,-0.000186265,-0.01171605,-0.000186552,-0.00034007
-0.000388652,-0.000390407,-0.000381174,-0.022602485,-0.000350913,-0.001020911,-0.000238115,-0.000236798,-0.000233943,-0.015646644,-0.000223802,-0.000562646,-0.000176533,-0.000181187,-0.000180761,-0.011657037,-0.000159955,-0.000412893
-0.000351485,-0.000345512,-0.000350746,-0.020665133,-0.000314297,-0.000570984,-0.000217346,-0.000214644,-0.000215459,-0.015157857,-0.000192619,-0.000355837,-0.000165751,-0.000161392,-0.000160181,-0.011451662,-0.000145313,-0.000267221
-0.000369023,-0.000367836,-0.000365142,-0.021587054,-0.000284312,-0.000344295,-0.000213262,-0.000212587,-0.000214006,-0.01522607,-0.000180025,-0.000221426,-0.000156549,-0.000153732,-0.000153266,-0.011899233,-0.000133911,-0.000174154
-0.000316523,-0.000314543,-0.000306088,-0.021737116,-0.000259521,-0.000706116,-0.000198738,-0.000201667,-0.000197285,-0.014526114,-0.000167799,-0.000472248,-0.000143541,-0.000141682,-0.000140404,-0.011444474,-0.000122269,-0.000376452
-0.000347636,-0.0003355,-0.000333078,-0.021931449,-0.000267099,-0.000454959,-0.000232169,-0.000232501,-0.000221077,-0.014703083,-0.000153354,-0.000283806,-0.000171872,-0.000168263,-0.000165333,-0.011647388,-0.000114664,-0.000228765
-0.00040131,-0.000397414,-0.000394618,-0.02201359,-0.000278158,-0.000995071,-0.000227886,-0.000222559,-0.000220929,-0.015659172,-0.000157537,-0.000588524,-0.000154223,-0.00015596,-0.000153466,-0.01211104,-0.000107615,-0.000458247
-0.000259665,-0.000258759,-0.000256684,-0.023947782,-0.000247442,-0.000541644,-0.000164846,-0.000170951,-0.000169395,-0.015414313,-0.000140539,-0.000349453,-0.000125732,-0.000126738,-0.00012433,-0.012457377,-9.39E-05,-0.000244889
-0.000267226,-0.00026282,-0.000256375,-0.023007987,-0.000221238,-0.003211596,-0.000153354,-0.000157373,-0.000157018,-0.015903313,-0.000125853,-0.00177322,-0.000118918,-0.000121775,-0.000119931,-0.012043196,-9.90E-05,-0.0013092
-0.000217431,-0.000215336,-0.000215174,-0.024096408,-0.000287687,-0.002140136,-0.000111828,-0.000114602,-0.000112524,-0.01697859,-0.000141734,-0.001242322,-7.68E-05,-7.86E-05,-8.05E-05,-0.012600067,-9.58E-05,-0.000938143
-0.000187094,-0.000186616,-0.000187604,-0.023034516,-0.000247139,-0.002741716,-0.000113037,-0.00011322,-0.00011119,-0.015692875,-0.000132778,-0.001808494,-8.44E-05,-8.63E-05,-8.53E-05,-0.011815525,-9.79E-05,-0.001380818
-0.00019337,-0.000190371,-0.000196183,-0.024591933,-0.000234932,-0.000465273,-0.000107139,-0.000107309,-0.0001086,-0.016472165,-0.00012898,-0.00029779,-8.29E-05,-8.12E-05,-8.04E-05,-0.012545298,-9.67E-05,-0.000230439
-0.000164052,-0.000164575,-0.000160699,-0.024637623,-0.000239332,-0.002718182,-1.00E-04,-0.0001012,-0.000100693,-0.016428767,-0.00013245,-0.001757889,-7.54E-05,-7.60E-05,-7.54E-05,-0.012781705,-9.36E-05,-0.001302729
-0.000476508,-0.000479625,-0.000460272,-0.026642403,-0.000615734,-0.003650377,-0.00028655,-0.000291529,-0.000290272,-0.018077559,-0.000358449,-0.002136534,-0.000212949,-0.000208283,-0.000213885,-0.014443123,-0.000269768,-0.001633819
-0.000418374,-0.000417443,-0.000401429,-0.030432314,-0.000597572,-0.000585577,-0.000287086,-0.000284725,-0.000290369,-0.01872826,-0.000369037,-0.000372071,-0.000206401,-0.000211018,-0.000208819,-0.013711363,-0.000265365,-0.000263627
-0.000480527,-0.00048112,-0.000468645,-0.028124124,-0.000621114,-0.002235721,-0.000271013,-0.000271856,-0.00026408,-0.019527175,-0.000313996,-0.001458609,-0.000189282,-0.00019049,-0.00018888,-0.015080731,-0.000237723,-0.001089201
-0.00040813,-0.00040593,-0.000420503,-0.026513182,-0.000563506,-0.001464579,-0.000236318,-0.000237782,-0.0002425,-0.019072528,-0.000310761,-0.001001007,-0.000182972,-0.000183888,-0.000184586,-0.014282981,-0.000232895,-0.000758791
-0.000416287,-0.000419161,-0.000411334,-0.032159627,-0.000590401,-0.002381717,-0.000252738,-0.000259436,-0.000256963,-0.020315898,-0.00039037,-0.001410735,-0.000177282,-0.000180581,-0.000185798,-0.015168971,-0.000259629,-0.001041359
-0.000380659,-0.000374194,-0.000376021,-0.026228605,-0.000489457,-0.003185982,-0.000208864,-0.000210595,-0.000210472,-0.018515635,-0.000314503,-0.002152492,-0.000159853,-0.000159394,-0.000158028,-0.01492647,-0.000228246,-0.001658887
-0.000359599,-0.000348678,-0.000342687,-0.0285349,-0.000486332,-0.004456704,-0.000208158,-0.000208199,-0.000212368,-0.018637603,-0.000275191,-0.00276662,-0.00014678,-0.000144813,-0.000146988,-0.014463732,-0.000208551,-0.002268401
-0.003139955,-0.003139705,-0.003039119,-0.027496108,-0.004375126,-0.005039942,-0.002102466,-0.002095909,-0.002033777,-0.018773832,-0.002929571,-0.003134886,-0.001604767,-0.001584497,-0.001610867,-0.013846521,-0.002143278,-0.002470747
-0.002910015,-0.002854622,-0.00283618,-0.028246704,-0.003990506,-0.005181218,-0.001933387,-0.001914783,-0.001895047,-0.018723245,-0.002396367,-0.003058338,-0.001430427,-0.001450202,-0.001461197,-0.014244047,-0.001764765,-0.002323833
-0.002981935,-0.002938198,-0.002811079,-0.027764422,-0.003331397,-0.005656202,-0.001678103,-0.001659002,-0.001675285,-0.018515141,-0.002019543,-0.003426317,-0.001223478,-0.001228576,-0.001261209,-0.013866113,-0.001469986,-0.002577151
-0.002297975,-0.002246299,-0.002313757,-0.02940143,-0.00295048,-0.004202719,-0.001454702,-0.001463456,-0.001479328,-0.018255586,-0.00176148,-0.002770616,-0.001153615,-0.001142382,-0.001164087,-0.014388706,-0.001296983,-0.002123435
-0.002021441,-0.0020486,-0.001962819,-0.029301467,-0.002184836,-0.002193477,-0.001219293,-0.001212236,-0.001209266,-0.018434892,-0.001331538,-0.001341505,-0.000871906,-0.000888047,-0.000860849,-0.01392846,-0.001033344,-0.001047423
-0.002057784,-0.002076177,-0.002059638,-0.02476818,-0.002338875,-0.002332791,-0.001091077,-0.001103575,-0.001097101,-0.017636101,-0.001214939,-0.00122545,-0.000780108,-0.000759132,-0.000777381,-0.013979992,-0.000906984,-0.000892906
-0.001616104,-0.001635012,-0.001652541,-0.025034739,-0.002035363,-0.00276585,-0.000881986,-0.000894942,-0.000904035,-0.017196385,-0.000956247,-0.001678527,-0.000679296,-0.000681524,-0.000666754,-0.01385082,-0.000710641,-0.001314515
-0.001620999,-0.001601717,-0.001721098,-0.023890537,-0.001691535,-0.001845772,-0.000850989,-0.000860996,-0.000824548,-0.017893053,-0.000853818,-0.001146358,-0.000600659,-0.000582225,-0.000611238,-0.013887915,-0.000635966,-0.00093636
-0.001238256,-0.001200139,-0.001192166,-0.026282042,-0.001502453,-0.002742977,-0.000767018,-0.000767894,-0.00078279,-0.017334392,-0.000750675,-0.001886253,-0.000519698,-0.000519515,-0.00050563,-0.01346686,-0.000538669,-0.001310362
-0.001127869,-0.001114313,-0.00113006,-0.025178601,-0.001067036,-0.001481424,-0.000678772,-0.000667984,-0.000653275,-0.017148349,-0.000668384,-0.001048532,-0.000466607,-0.000460369,-0.000442642,-0.013585627,-0.000448283,-0.000731247
-0.000843925,-0.000844251,-0.000857845,-0.02570301,-0.000909371,-0.003423584,-0.000492934,-0.000500999,-0.000504037,-0.017609669,-0.000550041,-0.002185247,-0.000357841,-0.000360546,-0.000361526,-0.013720057,-0.000388229,-0.001732578
-0.000799244,-0.000784277,-0.000804782,-0.026393624,-0.000975566,-0.002203769,-0.0004946,-0.000505713,-0.000513828,-0.01639727,-0.000563336,-0.00150486,-0.00038657,-0.000388705,-0.000394655,-0.013267367,-0.000402866,-0.001146379
-0.000688143,-0.000692295,-0.000694013,-0.026490279,-0.000875058,-0.002362941,-0.000440094,-0.000437414,-0.00044742,-0.0177315,-0.000461999,-0.00144498,-0.000307334,-0.000305704,-0.000303783,-0.013825665,-0.000318246,-0.001107548
-0.00061247,-0.000618799,-0.000622326,-0.028681749,-0.000694127,-0.001762453,-0.000360633,-0.000360132,-0.000359342,-0.01802783,-0.000434226,-0.001038954,-0.000259895,-0.000260788,-0.000262587,-0.014491119,-0.000308716,-0.000754113
-0.000651905,-0.000656007,-0.000660923,-0.027745535,-0.000795981,-0.001106087,-0.000370249,-0.000372294,-0.00037287,-0.018203636,-0.000417399,-0.000559512,-0.000273817,-0.000276671,-0.000267793,-0.014180169,-0.000289699,-0.000429866
-0.000615973,-0.000608468,-0.00059378,-0.025878532,-0.000652019,-0.000786652,-0.000326226,-0.000322508,-0.000330513,-0.017501412,-0.00038045,-0.000488635,-0.000261475,-0.000261172,-0.000253591,-0.013942527,-0.000283992,-0.000363905
-0.000664577,-0.000650352,-0.00063839,-0.024856236,-0.000734463,-0.001238049,-0.000371269,-0.000371743,-0.000377302,-0.016919889,-0.000403082,-0.000837719,-0.000270159,-0.000276412,-0.000273326,-0.013353985,-0.00028172,-0.000664682
-0.000786791,-0.000788049,-0.000801241,-0.023925235,-0.000820786,-0.002363632,-0.000369909,-0.000364434,-0.000369619,-0.016822523,-0.00040146,-0.001386626,-0.000273115,-0.00027227,-0.000274254,-0.01296478,-0.000293113,-0.000961863
-0.000572594,-0.000553736,-0.000553411,-0.02351669,-0.000721189,-0.000883904,-0.000321139,-0.000324009,-0.000323102,-0.016551181,-0.00037746,-0.000537781,-0.000244931,-0.000240374,-0.000243039,-0.013031191,-0.000280833,-0.000377692
-0.000610276,-0.000616597,-0.000610223,-0.023399447,-0.000724465,-0.001179704,-0.000386912,-0.000390397,-0.000387588,-0.016031285,-0.000385933,-0.000667254,-0.000254446,-0.000261441,-0.000266404,-0.012741922,-0.000285768,-0.000533472
-0.000578141,-0.000568844,-0.000557104,-0.021848256,-0.000582257,-0.000702411,-0.000350124,-0.000349781,-0.00034707,-0.015692538,-0.00035249,-0.000421997,-0.000255988,-0.000252343,-0.000251979,-0.012903098,-0.000271822,-0.000331658
-0.000548635,-0.000525935,-0.000527073,-0.022637135,-0.000579715,-0.0011577,-0.000335073,-0.000332028,-0.000338052,-0.016552936,-0.000350977,-0.000760468,-0.000246406,-0.000247439,-0.000246256,-0.012845821,-0.00027082,-0.000586274
-0.000627266,-0.000616124,-0.000617802,-0.026174512,-0.000583114,-0.001722478,-0.000371,-0.000366981,-0.000366009,-0.017516094,-0.000351531,-0.001046933,-0.00028903,-0.000286747,-0.000282018,-0.013310457,-0.00027196,-0.000799157
-0.000607407,-0.000605473,-0.000592318,-0.024722122,-0.000675768,-0.000759337,-0.000297986,-0.000303206,-0.00030582,-0.016705576,-0.00032753,-0.00042881,-0.000227181,-0.000230558,-0.000230989,-0.013164601,-0.000248831,-0.000340861
-0.000573994,-0.000575208,-0.000579172,-0.024119394,-0.000678527,-0.001191328,-0.000354839,-0.000351411,-0.000365521,-0.016664997,-0.000342811,-0.000732793,-0.00027064,-0.000265519,-0.000261151,-0.01228928,-0.000260853,-0.000579039
-0.000676209,-0.000676774,-0.000676826,-0.02428542,-0.000674922,-0.000792247,-0.000353565,-0.000363465,-0.000360539,-0.016505883,-0.000343145,-0.000534408,-0.000261225,-0.000257833,-0.000253583,-0.01224269,-0.000260966,-0.000399332
-0.000585501,-0.000588503,-0.000586141,-0.023378701,-0.000674481,-0.001144575,-0.000382208,-0.000376701,-0.00036924,-0.016645926,-0.000342959,-0.000710876,-0.00026504,-0.000265732,-0.000273083,-0.011741828,-0.000260857,-0.000515013
-0.000689282,-0.000694536,-0.00068623,-0.024534143,-0.000674927,-0.001020868,-0.00036895,-0.000366299,-0.000367151,-0.016109358,-0.000342191,-0.000586239,-0.000269023,-0.000266713,-0.00026448,-0.012181598,-0.000260822,-0.000455249
-0.000722223,-0.000717922,-0.000706218,-0.024085638,-0.000673379,-0.00115448,-0.000350355,-0.000352505,-0.000356881,-0.016371546,-0.000342539,-0.00069868,-0.00024339,-0.000244551,-0.000240125,-0.012501381,-0.000260494,-0.000493556
-0.000625596,-0.000628691,-0.000627162,-0.023651074,-0.00061454,-0.00124314,-0.00033229,-0.000334156,-0.000337184,-0.01619436,-0.000354237,-0.000831665,-0.000230326,-0.00023021,-0.000232939,-0.012400741,-0.000258214,-0.000637143
-0.000642538,-0.000599963,-0.000581872,-0.024111913,-0.000609998,-0.000810335,-0.000325582,-0.000330107,-0.000326778,-0.016250673,-0.000367543,-0.00050576,-0.000249917,-0.000249246,-0.000247155,-0.013047469,-0.000260535,-0.000354209
-0.000523071,-0.00053494,-0.000560694,-0.023303795,-0.000572501,-0.001618754,-0.000333491,-0.000322374,-0.00032656,-0.016161783,-0.000346479,-0.000983201,-0.000247701,-0.000244758,-0.000245282,-0.012327231,-0.000269226,-0.000763153
-0.000579277,-0.000565408,-0.000560504,-0.022502241,-0.000572753,-0.002549339,-0.000320979,-0.000318102,-0.000324063,-0.015902784,-0.000346468,-0.001557248,-0.000253691,-0.00025266,-0.000250823,-0.012207803,-0.000269402,-0.001158199
-0.000627392,-0.000632741,-0.00065451,-0.024607227,-0.000691021,-0.001161806,-0.000345702,-0.000335174,-0.000332504,-0.01673205,-0.000333889,-0.000649343,-0.000255587,-0.000253661,-0.000249458,-0.012473774,-0.000257513,-0.000483228
-0.000507512,-0.000514215,-0.000508692,-0.023759703,-0.000611789,-0.002170124,-0.000321147,-0.000321382,-0.000323452,-0.016509094,-0.000323774,-0.001317421,-0.000229959,-0.000236701,-0.000238353,-0.01203706,-0.000250022,-0.000998128
-0.000628481,-0.000639099,-0.00062484,-0.024171594,-0.00065553,-0.001646334,-0.000346418,-0.000348218,-0.00034598,-0.014928196,-0.000358362,-0.001000848,-0.000239433,-0.000239199,-0.000237752,-0.012324048,-0.000258705,-0.000765483
-0.000643073,-0.000633599,-0.000652474,-0.020751463,-0.000692637,-0.001319816,-0.000344992,-0.000340969,-0.000347342,-0.015351476,-0.000323313,-0.000820585,-0.000243685,-0.000239253,-0.00024422,-0.01164808,-0.000245551,-0.000595446
-0.000582884,-0.000591449,-0.000602419,-0.023564516,-0.000650452,-0.00189144,-0.000346841,-0.00036669,-0.000368751,-0.015466345,-0.000379883,-0.001133123,-0.000256541,-0.000260678,-0.000273887,-0.012108844,-0.000263131,-0.00090363
-0.000639597,-0.000634667,-0.000636386,-0.023340707,-0.000642265,-0.00104413,-0.00035394,-0.000355197,-0.000356079,-0.015320411,-0.000349434,-0.00070492,-0.000264531,-0.000257154,-0.000260799,-0.012161068,-0.000253524,-0.000504031
-0.000557148,-0.000562366,-0.000573004,-0.022534463,-0.000625041,-0.001372215,-0.000357667,-0.000364641,-0.000368135,-0.015440324,-0.000365706,-0.000832337,-0.000264984,-0.00027136,-0.000279696,-0.011810265,-0.000264968,-0.000621356
-0.000565268,-0.000561589,-0.000566528,-0.021430381,-0.000648912,-0.002185894,-0.000368018,-0.000374039,-0.000371621,-0.014990165,-0.00034194,-0.001287945,-0.000256578,-0.000253668,-0.000260598,-0.011864842,-0.000257314,-0.000922001
-0.000686384,-0.000681814,-0.000684656,-0.022449771,-0.000718648,-0.001370661,-0.000408875,-0.000408571,-0.000393713,-0.014838665,-0.000360328,-0.000830472,-0.000275986,-0.00027897,-0.000283742,-0.011668544,-0.000259649,-0.000585895
-0.000621453,-0.00062074,-0.000627609,-0.024069391,-0.000676013,-0.001687358,-0.000387818,-0.000386968,-0.000392007,-0.015327148,-0.000395134,-0.000968609,-0.000281423,-0.000275455,-0.000281578,-0.012053181,-0.000288453,-0.000689284
-0.000608438,-0.000613693,-0.000618379,-0.023392882,-0.000707468,-0.001866989,-0.000369564,-0.000372586,-0.000372058,-0.015534139,-0.000380009,-0.001133536,-0.000251075,-0.000257047,-0.000263912,-0.011725614,-0.000266211,-0.000912952
-0.000623022,-0.000641452,-0.000642006,-0.023549793,-0.000616047,-0.000608059,-0.00036423,-0.000378302,-0.000377752,-0.015352115,-0.000346254,-0.000349999,-0.00027271,-0.000274972,-0.00027277,-0.011872754,-0.000260817,-0.000267585
-0.000641309,-0.000607769,-0.000626034,-0.02211955,-0.000615526,-0.000825818,-0.000358927,-0.000363263,-0.000365606,-0.015057865,-0.000345849,-0.000461801,-0.000271165,-0.000273078,-0.000271227,-0.011714665,-0.00026071,-0.000353152
-0.000608026,-0.000605458,-0.000600127,-0.02254365,-0.000761835,-0.003582621,-0.000400792,-0.000399582,-0.000402578,-0.014715071,-0.000417153,-0.001913016,-0.000282092,-0.000282874,-0.000281052,-0.011296713,-0.000289725,-0.001403038
-0.000638904,-0.000609922,-0.000584352,-0.022556783,-0.000629582,-0.001208057,-0.000377743,-0.000371836,-0.000364949,-0.014933141,-0.000344105,-0.000683884,-0.000268909,-0.000256638,-0.000256062,-0.011460345,-0.000260766,-0.00050014
-0.000627953,-0.000617999,-0.000615992,-0.023214858,-0.000648581,-0.000748449,-0.000361029,-0.000357042,-0.000354713,-0.015280724,-0.000330143,-0.000458966,-0.000257406,-0.000263121,-0.000250109,-0.012038366,-0.000243465,-0.000343146
-0.00057038,-0.00056057,-0.000552508,-0.021687868,-0.000684705,-0.001279965,-0.000334675,-0.000334344,-0.000338995,-0.014886863,-0.00036762,-0.000766498,-0.000262418,-0.000268851,-0.000269015,-0.011037978,-0.000263822,-0.000602999
-0.000649251,-0.000645828,-0.000632669,-0.025732565,-0.000680618,-0.001496844,-0.000369404,-0.000365364,-0.000364725,-0.01539855,-0.000331217,-0.000985406,-0.000267286,-0.000263616,-0.00026904,-0.012169519,-0.000258048,-0.000715572
-0.000636704,-0.0006333,-0.000611073,-0.024310914,-0.000680793,-0.001801129,-0.000391616,-0.000382789,-0.000372776,-0.015484336,-0.000331035,-0.001243416,-0.000300404,-0.000303257,-0.00028738,-0.012024155,-0.000258048,-0.000962535
-0.000612727,-0.000604375,-0.000593161,-0.022465333,-0.000680757,-0.000698276,-0.000399219,-0.00038235,-0.000385832,-0.014579288,-0.0003316,-0.00038315,-0.000277928,-0.000281001,-0.000278583,-0.011899396,-0.000258027,-0.000304021
-0.000653659,-0.000645357,-0.000645564,-0.023206248,-0.000680828,-0.000984885,-0.000364416,-0.000366204,-0.000365848,-0.015001843,-0.000331139,-0.000601852,-0.000251675,-0.000249057,-0.00025127,-0.01193772,-0.000258338,-0.000473642
-0.000699011,-0.000692715,-0.00067667,-0.021570825,-0.000757541,-0.001556114,-0.000356962,-0.000359372,-0.00036451,-0.014817723,-0.000371641,-0.000808525,-0.000260907,-0.000262619,-0.000262241,-0.011567742,-0.000261943,-0.000616293
-0.000563499,-0.000565346,-0.000562341,-0.023491503,-0.000655527,-0.001767093,-0.000372048,-0.000366188,-0.00036138,-0.015632554,-0.000342772,-0.001137902,-0.00027163,-0.000276301,-0.000278299,-0.011627269,-0.000260622,-0.000877904
-0.000757743,-0.000766729,-0.000762823,-0.022461907,-0.000788532,-0.002848415,-0.000353865,-0.000352727,-0.000355696,-0.015185387,-0.000364447,-0.001723735,-0.000262863,-0.000261789,-0.000264806,-0.011574667,-0.000253191,-0.001326748
-0.000581993,-0.000581872,-0.000579937,-0.022703042,-0.000669696,-0.001439237,-0.000372172,-0.000368773,-0.000364895,-0.014988697,-0.000334794,-0.000886771,-0.000249755,-0.000252679,-0.000250472,-0.011558495,-0.000258637,-0.0006724
-0.000529275,-0.0005304,-0.000526827,-0.02256633,-0.000611755,-0.002509208,-0.0003215,-0.000320557,-0.000318496,-0.01529018,-0.000329592,-0.001838871,-0.000228517,-0.000227434,-0.00022998,-0.011724265,-0.000255972,-0.001433457
-0.000600595,-0.00060307,-0.000584405,-0.021947002,-0.000659416,-0.003216534,-0.000350919,-0.00034608,-0.000338482,-0.015037696,-0.000345688,-0.001885376,-0.00027252,-0.000256929,-0.000253628,-0.011821002,-0.000256523,-0.001417261
-0.000619088,-0.0006232,-0.000615016,-0.02259898,-0.00071684,-0.002520257,-0.000356416,-0.000350367,-0.000359888,-0.014739414,-0.000418218,-0.001747256,-0.000247631,-0.000257549,-0.0002596,-0.011716029,-0.000283525,-0.001353769
-0.000589705,-0.000580916,-0.00057939,-0.024007164,-0.00068062,-0.001327212,-0.000331628,-0.000334025,-0.000334184,-0.015317013,-0.000362043,-0.000866436,-0.000249197,-0.000250033,-0.000249256,-0.011933868,-0.000260297,-0.00065347
-0.000591801,-0.000598028,-0.000583182,-0.023108779,-0.000652012,-0.001757354,-0.000340845,-0.000338987,-0.000337148,-0.015648412,-0.000342784,-0.001107315,-0.000269612,-0.000267934,-0.000263217,-0.011464499,-0.000260777,-0.00087893
-0.000530989,-0.000538997,-0.00053495,-0.023162637,-0.000596548,-0.002688608,-0.000343822,-0.000343792,-0.000358779,-0.016085977,-0.000370444,-0.001765229,-0.00025866,-0.000254566,-0.000248742,-0.012345203,-0.000266136,-0.001443306
-0.0006619,-0.000650846,-0.000662598,-0.021626227,-0.000695563,-0.004095272,-0.000351538,-0.000356109,-0.000349022,-0.015364866,-0.000370628,-0.002488891,-0.000252642,-0.000253829,-0.000253869,-0.012378369,-0.000271698,-0.001967802
-0.000541576,-0.00053871,-0.000527868,-0.023604932,-0.000593769,-0.002093443,-0.000357487,-0.000364039,-0.000368791,-0.015413446,-0.000359696,-0.001164574,-0.000263412,-0.00026488,-0.000260996,-0.012285643,-0.000273559,-0.000914663
-0.000523759,-0.000510912,-0.000533402,-0.022351585,-0.00055477,-0.001642552,-0.000335284,-0.000335793,-0.000332702,-0.014964594,-0.000333644,-0.001045479,-0.000248528,-0.000244313,-0.000246579,-0.011491468,-0.000250177,-0.000769602
-0.000577103,-0.00055994,-0.000563907,-0.025990279,-0.000618847,-0.001002984,-0.000373061,-0.000367921,-0.000366359,-0.016033192,-0.000352245,-0.000680667,-0.000271618,-0.000261055,-0.000259629,-0.012318145,-0.000264064,-0.000552876
-0.000616349,-0.000615868,-0.000613392,-0.026023547,-0.000638402,-0.000859664,-0.000355893,-0.000356385,-0.000346624,-0.016242236,-0.000345327,-0.000527054,-0.00026453,-0.000264129,-0.000266768,-0.012275879,-0.000263955,-0.000372654
-0.000584793,-0.000595413,-0.000591652,-0.024442857,-0.000624908,-0.001228299,-0.000330112,-0.000331948,-0.000322389,-0.016295877,-0.000360629,-0.000691926,-0.000229864,-0.000231613,-0.000230161,-0.012368482,-0.000264402,-0.000539987
-0.000629829,-0.00063373,-0.000646998,-0.024992984,-0.00082416,-0.003961163,-0.000334936,-0.00033472,-0.00033095,-0.016509235,-0.000357843,-0.002634883,-0.000238945,-0.000238465,-0.000236951,-0.012820193,-0.00025606,-0.002002645
-0.000543215,-0.000547364,-0.000551983,-0.023919894,-0.000713921,-0.001047953,-0.000335273,-0.000327524,-0.000320447,-0.015950575,-0.000385026,-0.000643292,-0.00024395,-0.000243521,-0.000248215,-0.012312097,-0.000281252,-0.000507334
-0.000593503,-0.00059311,-0.000582077,-0.027371133,-0.000699991,-0.001068891,-0.000332215,-0.00034324,-0.000341181,-0.016119629,-0.000367388,-0.000699522,-0.00024406,-0.000244044,-0.000240328,-0.012604089,-0.000280712,-0.000540306
-0.000504785,-0.000511625,-0.000512812,-0.025680351,-0.000686784,-0.001174575,-0.00032272,-0.000321098,-0.000319698,-0.016824144,-0.000331616,-0.000825539,-0.000236831,-0.00023598,-0.00023848,-0.013125314,-0.000257593,-0.000594551
-0.000564305,-0.00056571,-0.000565521,-0.025951641,-0.000686704,-0.000616386,-0.00031737,-0.00031383,-0.000310397,-0.016976397,-0.000330633,-0.000370814,-0.000232371,-0.000235084,-0.000234904,-0.01296649,-0.000257402,-0.000297896
-0.000474263,-0.000473979,-0.000480401,-0.030187735,-0.000542616,-0.001563608,-0.000290109,-0.00029931,-0.000302192,-0.017012295,-0.000340101,-0.001041403,-0.00022638,-0.00022129,-0.000220021,-0.013694609,-0.000263681,-0.000777649
-0.000643995,-0.000648984,-0.000646102,-0.025657276,-0.000672053,-0.000751563,-0.000301899,-0.000300539,-0.000300651,-0.017118194,-0.000362451,-0.000395524,-0.000227398,-0.000225134,-0.000226261,-0.013511481,-0.000247983,-0.000282611
-0.00060212,-0.000599245,-0.000588958,-0.029557955,-0.000767263,-0.003598394,-0.00028316,-0.000280797,-0.000287443,-0.018807998,-0.00035772,-0.002275066,-0.000207472,-0.000209338,-0.000207417,-0.013818344,-0.000252502,-0.001829297
-0.00050799,-0.000501679,-0.000490539,-0.026808683,-0.000643315,-0.005587594,-0.000316607,-0.000319566,-0.000321866,-0.018312146,-0.000365019,-0.003518244,-0.000238821,-0.000242709,-0.000240675,-0.013514515,-0.000266253,-0.002666807
-0.000644079,-0.00064972,-0.000648271,-0.029253733,-0.000791183,-0.005318106,-0.000320028,-0.00031908,-0.00031463,-0.018691209,-0.000436284,-0.003181368,-0.000221752,-0.000221277,-0.000226896,-0.014912067,-0.000259499,-0.002393468
-0.000508561,-0.000510053,-0.000515056,-0.028637386,-0.000636506,-0.004656266,-0.000296837,-0.000295185,-0.000294099,-0.019525697,-0.000369047,-0.00292599,-0.000211821,-0.000217873,-0.000215976,-0.014220052,-0.000259709,-0.002104442
-0.000510457,-0.000509324,-0.000505695,-0.029209908,-0.000598606,-0.003570634,-0.000327308,-0.000324929,-0.000325293,-0.020342083,-0.00036655,-0.002301912,-0.000234364,-0.000235651,-0.00023436,-0.016720971,-0.000262034,-0.001703207
-0.000473773,-0.000476766,-0.000476228,-0.028986795,-0.000582657,-0.001290433,-0.000276325,-0.000278977,-0.0002733,-0.020403215,-0.000354165,-0.000748816,-0.000214979,-0.000220703,-0.000223772,-0.015167318,-0.000273399,-0.000570636
-0.000465523,-0.000452446,-0.000460397,-0.02967717,-0.000603037,-0.002191748,-0.000274944,-0.000276123,-0.000274736,-0.020414808,-0.000349013,-0.001434783,-0.000218725,-0.000215535,-0.000215907,-0.015407146,-0.000272598,-0.001100343
-0.000556701,-0.000559155,-0.000563611,-0.031241842,-0.000680189,-0.001656768,-0.000300554,-0.00030485,-0.000300741,-0.020786362,-0.000328327,-0.000943794,-0.000213136,-0.000216167,-0.000213562,-0.01528372,-0.00026657,-0.000719294
-0.001193269,-0.001197746,-0.001205032,-0.033252777,-0.002289916,-0.002357959,-0.000780712,-0.000781074,-0.000773087,-0.020713493,-0.001048548,-0.001104454,-0.000576821,-0.000576674,-0.000569961,-0.015840966,-0.000796219,-0.000856747
-0.001419539,-0.001405157,-0.001369791,-0.030889039,-0.001755548,-0.001926779,-0.00069603,-0.000687655,-0.000714463,-0.020803552,-0.000978496,-0.001200312,-0.000533065,-0.000535654,-0.000537139,-0.016081073,-0.00069157,-0.000910174
-0.001297748,-0.001259667,-0.001263615,-0.031340619,-0.001652688,-0.001659367,-0.000694434,-0.000697165,-0.000697509,-0.019530802,-0.000916118,-0.000923581,-0.000495064,-0.000491326,-0.000496686,-0.015218013,-0.000683296,-0.000715247
-0.001382046,-0.001370402,-0.001386758,-0.027732278,-0.001814871,-0.002135675,-0.000694023,-0.000672177,-0.000668499,-0.01997108,-0.000861721,-0.001073271,-0.000521046,-0.000516958,-0.00052306,-0.014742167,-0.000620913,-0.000817535
-0.001278368,-0.001285725,-0.001306155,-0.028503154,-0.001657993,-0.002824295,-0.00072325,-0.000735789,-0.000712818,-0.020421683,-0.000933529,-0.001865761,-0.00051874,-0.00052331,-0.000530311,-0.015729896,-0.000676967,-0.001399121
-0.001272825,-0.001289725,-0.001296031,-0.028099306,-0.001637194,-0.003058446,-0.000681971,-0.000693385,-0.000698137,-0.020481172,-0.000944016,-0.00206397,-0.000522229,-0.00052729,-0.000522138,-0.015110562,-0.000648511,-0.001606148
-0.00135444,-0.001344742,-0.001325651,-0.026640848,-0.001598918,-0.003488993,-0.000694548,-0.000707042,-0.000707592,-0.019859181,-0.000925033,-0.002153581,-0.000488843,-0.000490233,-0.000496038,-0.014542322,-0.000635125,-0.001717903
-0.001157906,-0.001139187,-0.001124544,-0.027053059,-0.001420599,-0.001769281,-0.000680758,-0.000680496,-0.000679553,-0.018772453,-0.000830346,-0.001083025,-0.000500291,-0.000497691,-0.000492085,-0.013728801,-0.000614687,-0.000872513
-0.000898966,-0.000925768,-0.000941194,-0.027351327,-0.001289919,-0.001627413,-0.000634202,-0.000636902,-0.00063007,-0.018883567,-0.000850895,-0.001172272,-0.000462776,-0.00047574,-0.00047075,-0.014421769,-0.000636041,-0.000897558
-0.001329641,-0.001330989,-0.001333512,-0.029614731,-0.001667195,-0.001676912,-0.000633741,-0.000634803,-0.000650083,-0.018923188,-0.000821004,-0.000842123,-0.000464813,-0.000458871,-0.000466897,-0.013894017,-0.000613038,-0.000623518
-0.000911501,-0.000926776,-0.000934248,-0.027571216,-0.001377229,-0.001392893,-0.000604581,-0.000606582,-0.000602771,-0.018803965,-0.000810668,-0.000817618,-0.000446339,-0.00043628,-0.000437819,-0.01356942,-0.000612184,-0.000618363
-0.000984635,-0.000992353,-0.000959767,-0.027255163,-0.00125396,-0.003696689,-0.000669591,-0.000671194,-0.000666528,-0.016796547,-0.000791093,-0.002287105,-0.00043504,-0.000431663,-0.000425815,-0.013345199,-0.000577728,-0.001814262
-0.001163791,-0.001165235,-0.001139216,-0.027568195,-0.001401441,-0.003725578,-0.000643319,-0.000655349,-0.000651054,-0.016865849,-0.000746768,-0.002698035,-0.000447369,-0.000446753,-0.000455144,-0.012706214,-0.000558087,-0.001894212
-0.001077077,-0.00103079,-0.001059259,-0.026619717,-0.001392931,-0.003314978,-0.000641269,-0.000638767,-0.00064822,-0.017217579,-0.000740965,-0.002083391,-0.000452358,-0.000450908,-0.000453637,-0.012930392,-0.000552249,-0.001504202
-0.000997213,-0.00097637,-0.000979022,-0.026759877,-0.001399107,-0.002311145,-0.000634106,-0.000623115,-0.00063621,-0.015981908,-0.000768062,-0.00153097,-0.000451176,-0.000451621,-0.000442763,-0.012489638,-0.000568587,-0.001097733
-0.000984204,-0.000977957,-0.000977924,-0.024809359,-0.001263937,-0.003052198,-0.000591212,-0.000589664,-0.000600593,-0.016668106,-0.000754529,-0.001841356,-0.000441762,-0.000442736,-0.000446917,-0.012493446,-0.000568271,-0.001422395
-0.00103834,-0.001085223,-0.001106536,-0.021712306,-0.001352368,-0.002910007,-0.000576539,-0.000569653,-0.000582135,-0.01639344,-0.000792232,-0.001938545,-0.000413118,-0.000421806,-0.000437107,-0.012999568,-0.000550818,-0.001409431
-0.000999728,-0.001008233,-0.001010122,-0.022171441,-0.001318391,-0.002518257,-0.000595791,-0.00059405,-0.000602016,-0.01633914,-0.000761434,-0.001686761,-0.00042134,-0.0004245,-0.000427993,-0.012554096,-0.000529516,-0.001185865
-0.00109719,-0.001113711,-0.001144167,-0.026475231,-0.001572797,-0.001722163,-0.000641465,-0.000638439,-0.00063201,-0.017322176,-0.000796199,-0.000957877,-0.000475349,-0.000481087,-0.000483701,-0.012484633,-0.000585535,-0.00073794
-0.000880702,-0.000889917,-0.000890982,-0.026533947,-0.001148095,-0.001777708,-0.000578105,-0.000572465,-0.000576674,-0.016059357,-0.00067112,-0.001016883,-0.000428561,-0.000429596,-0.000435261,-0.01219009,-0.000544999,-0.000798172
-0.001023122,-0.001015981,-0.00100718,-0.025958195,-0.001533628,-0.003648133,-0.000569808,-0.00056894,-0.000582937,-0.017305234,-0.000730199,-0.002163782,-0.000433769,-0.000419331,-0.000420199,-0.012518022,-0.000545114,-0.001642266
-0.001013415,-0.00102806,-0.0010365,-0.028393853,-0.001433936,-0.001662042,-0.000608949,-0.000606053,-0.00062093,-0.01721946,-0.000789677,-0.00110842,-0.000459726,-0.000456862,-0.000461347,-0.012386311,-0.000562818,-0.00072446
-0.001083578,-0.001117118,-0.001153995,-0.023238671,-0.001358526,-0.002578369,-0.000640531,-0.000643049,-0.000633802,-0.015881706,-0.000782875,-0.001869281,-0.000462047,-0.00044525,-0.000470185,-0.012455022,-0.000583049,-0.001400905
-0.000948774,-0.000959554,-0.000955679,-0.026787684,-0.00132717,-0.002284793,-0.000586057,-0.000570461,-0.000575378,-0.016565205,-0.000736126,-0.001341448,-0.000419735,-0.000418531,-0.000422471,-0.012627976,-0.00056681,-0.001029797
-0.001043328,-0.001066239,-0.0010806,-0.02723519,-0.001463352,-0.001554481,-0.000530583,-0.000534717,-0.00055292,-0.017381148,-0.000713893,-0.000923789,-0.000420004,-0.000427969,-0.000423026,-0.013060424,-0.000558534,-0.000712859
-0.001139647,-0.001159706,-0.001149465,-0.025206782,-0.001681372,-0.002658339,-0.000596635,-0.000598013,-0.0005843,-0.016293155,-0.000717159,-0.001536925,-0.00042239,-0.000421372,-0.000441522,-0.01279774,-0.000566181,-0.001101601
-0.001043005,-0.001009444,-0.000969866,-0.024654543,-0.001463468,-0.00245756,-0.000593645,-0.00057972,-0.000583271,-0.016971469,-0.000758314,-0.001401314,-0.00044548,-0.000447107,-0.00044847,-0.012476932,-0.0005563,-0.00105119
-0.001006897,-0.001005409,-0.000966588,-0.024031634,-0.001256815,-0.002867959,-0.000617133,-0.000622953,-0.000627453,-0.016729466,-0.000769867,-0.001775282,-0.000452507,-0.000445279,-0.000446334,-0.012570278,-0.000549558,-0.001291207
-0.000964409,-0.000951259,-0.00091365,-0.025843863,-0.001311502,-0.003460018,-0.000592883,-0.00060027,-0.000578681,-0.015587136,-0.000727638,-0.002051172,-0.00043969,-0.000442483,-0.000442516,-0.012106997,-0.000566167,-0.001536357
-0.000851664,-0.000896655,-0.000887134,-0.0266626,-0.001309881,-0.002997586,-0.00058751,-0.000592478,-0.000598382,-0.015724413,-0.000729315,-0.001838809,-0.000406087,-0.000405423,-0.000416383,-0.011826457,-0.0005661,-0.001429482
-0.000946089,-0.000941268,-0.000943256,-0.025170614,-0.001309709,-0.00380743,-0.000580796,-0.000577526,-0.000565208,-0.015877074,-0.000730734,-0.002332989,-0.000428071,-0.000427947,-0.000426332,-0.012273256,-0.000567138,-0.001686234
-0.001130153,-0.00116375,-0.001181913,-0.023518672,-0.001508126,-0.002748877,-0.000616835,-0.000617423,-0.000612848,-0.016995672,-0.000833542,-0.001577345,-0.000452768,-0.000469858,-0.000464848,-0.012871513,-0.000581922,-0.001115565
-0.001076371,-0.001050101,-0.001006694,-0.024369732,-0.001236848,-0.001242282,-0.000552459,-0.000565831,-0.000573419,-0.017318387,-0.000738358,-0.00075102,-0.000418006,-0.000412066,-0.000414187,-0.013910968,-0.000536788,-0.000541678
-0.000889252,-0.00089368,-0.000884527,-0.02695314,-0.001245276,-0.00264821,-0.000590878,-0.000590642,-0.00058845,-0.01774995,-0.000744612,-0.001665784,-0.000441142,-0.000435638,-0.000440574,-0.013273106,-0.000556524,-0.001179933
-0.000985071,-0.001013179,-0.001010434,-0.028568369,-0.001261617,-0.001952524,-0.000604444,-0.00059615,-0.000613415,-0.017910229,-0.00075253,-0.001157546,-0.000454107,-0.000450521,-0.000446674,-0.014107547,-0.000582441,-0.00088541
-0.000885348,-0.000892353,-0.000899044,-0.024853952,-0.001276478,-0.003283967,-0.000561004,-0.000563081,-0.000554097,-0.018538562,-0.000690902,-0.001942784,-0.000413296,-0.000417031,-0.000413481,-0.01350043,-0.000545111,-0.001411393
-0.001007703,-0.00104985,-0.001076625,-0.025710983,-0.001513267,-0.002711687,-0.000578965,-0.000579834,-0.00057796,-0.017508552,-0.000765973,-0.001474782,-0.00039699,-0.000401351,-0.000395316,-0.013485334,-0.000547366,-0.001055676
-0.000991495,-0.000968462,-0.00096787,-0.029187373,-0.001403869,-0.002429158,-0.000619311,-0.000615673,-0.000603806,-0.018160519,-0.000748387,-0.001508601,-0.000428198,-0.000409838,-0.000417278,-0.013720738,-0.000538202,-0.001208506
-0.001147296,-0.001154493,-0.001162433,-0.025469435,-0.001322266,-0.003154126,-0.000645146,-0.000629795,-0.000618785,-0.017607737,-0.000692977,-0.001862889,-0.000417481,-0.000422767,-0.00041712,-0.013347936,-0.000516692,-0.001361888
-0.001016302,-0.001041632,-0.001043447,-0.026102172,-0.001461881,-0.002130273,-0.000567218,-0.000558355,-0.000566952,-0.018132386,-0.000772895,-0.001297372,-0.000423001,-0.000425667,-0.000429475,-0.013494033,-0.000545238,-0.000979928
-0.000857758,-0.000871444,-0.000874859,-0.026481667,-0.001265248,-0.00211981,-0.000608943,-0.000627185,-0.000617914,-0.017054224,-0.000789448,-0.001434252,-0.000441056,-0.000447116,-0.00044729,-0.013373796,-0.000568733,-0.001009361
-0.000903791,-0.000905387,-0.000895842,-0.024745669,-0.00112698,-0.002787088,-0.000523612,-0.0005318,-0.000548724,-0.016657247,-0.000736209,-0.001806732,-0.00041497,-0.000422824,-0.000434501,-0.012918233,-0.000540034,-0.001341728
-0.000971381,-0.00097952,-0.000979462,-0.02785773,-0.001338479,-0.003784024,-0.000656052,-0.000664983,-0.000664012,-0.019270113,-0.00086856,-0.00232508,-0.000441691,-0.000448318,-0.000447692,-0.014536627,-0.000584131,-0.001829181
-0.001050664,-0.001058911,-0.001059012,-0.030973875,-0.00126906,-0.001656834,-0.000596654,-0.000596664,-0.000594626,-0.01697693,-0.000837973,-0.001032192,-0.000387038,-0.00039103,-0.000395619,-0.013493751,-0.000591975,-0.000722973
-0.000944612,-0.000956968,-0.00091801,-0.026865463,-0.001193452,-0.002945677,-0.000589912,-0.00059477,-0.000594754,-0.017110132,-0.000718429,-0.001896124,-0.000431608,-0.000440585,-0.000443684,-0.013834542,-0.000528227,-0.001468795
-0.001075178,-0.001059945,-0.00110828,-0.030535338,-0.001322359,-0.003120646,-0.000588878,-0.000583005,-0.000596359,-0.018822317,-0.000797056,-0.001873496,-0.000443355,-0.000447408,-0.0004456,-0.014956136,-0.000574444,-0.00134164
-0.000922253,-0.000906882,-0.000908095,-0.03096033,-0.001315737,-0.001504803,-0.00058639,-0.00058971,-0.00058785,-0.019066083,-0.000744711,-0.000950002,-0.000445616,-0.000445396,-0.000439642,-0.014901362,-0.00057288,-0.000722742
-0.000941686,-0.000996339,-0.000959642,-0.036347759,-0.001298635,-0.00137888,-0.000558816,-0.000563248,-0.000533579,-0.019247496,-0.000765171,-0.000784219,-0.000416475,-0.000414311,-0.000408588,-0.014698614,-0.000538773,-0.000554031
-0.000880555,-0.000886531,-0.000868199,-0.035379183,-0.001166166,-0.003339488,-0.000558749,-0.000565575,-0.000563712,-0.02156932,-0.000722142,-0.002120703,-0.000417157,-0.000412896,-0.000413751,-0.016010779,-0.000563449,-0.001454644
-0.000871294,-0.000863598,-0.000868127,-0.038741377,-0.001170968,-0.004065628,-0.00055898,-0.00056145,-0.000569158,-0.021007118,-0.000721616,-0.002262032,-0.000416302,-0.000420023,-0.000418214,-0.016270372,-0.000562657,-0.001681285
-0.000840285,-0.000847634,-0.000858874,-0.036042693,-0.001212041,-0.003547676,-0.000582835,-0.000578459,-0.000580429,-0.022605651,-0.000715326,-0.002317409,-0.000437954,-0.000446519,-0.000451265,-0.016709193,-0.000529696,-0.001748752
-0.000969744,-0.000987856,-0.001000142,-0.038735648,-0.001165491,-0.005322558,-0.000535713,-0.000538171,-0.000539959,-0.025522963,-0.000732172,-0.004105242,-0.000396693,-0.000398334,-0.000395247,-0.019382066,-0.000535439,-0.003084499
-0.000981978,-0.000974865,-0.000919948,-0.03585495,-0.001416583,-0.004280809,-0.000540282,-0.000526298,-0.00053575,-0.026381718,-0.00074397,-0.002979657,-0.000394938,-0.000392776,-0.000404506,-0.020801128,-0.000533437,-0.00231227
-0.000868818,-0.000884204,-0.000864606,-0.038131145,-0.001210326,-0.004789264,-0.000580087,-0.000586018,-0.000579193,-0.025513062,-0.000725526,-0.002892217,-0.000432091,-0.000412577,-0.000411949,-0.01912723,-0.000557321,-0.002128952
-0.000842638,-0.000844301,-0.000870269,-0.040603106,-0.001235165,-0.00126458,-0.000535128,-0.000526188,-0.000531283,-0.023544663,-0.000735855,-0.000778098,-0.000398776,-0.000399166,-0.000401408,-0.017728062,-0.000527078,-0.000587915
-0.000882883,-0.000892686,-0.000901554,-0.036143625,-0.001168866,-0.003922969,-0.000528784,-0.000531387,-0.000527706,-0.024235305,-0.000692842,-0.00246283,-0.000390498,-0.000395456,-0.000391439,-0.018276963,-0.000540711,-0.001783224
-0.00085655,-0.000845914,-0.000831602,-0.038072077,-0.001239625,-0.005757031,-0.000541964,-0.000522708,-0.000519477,-0.02346149,-0.000723524,-0.003701903,-0.000400345,-0.000403891,-0.000399065,-0.017791614,-0.000552966,-0.002664006
-0.000992947,-0.000939411,-0.000946189,-0.032292866,-0.001347514,-0.006628075,-0.000547532,-0.000540308,-0.000539317,-0.023419644,-0.000751911,-0.004112472,-0.000412151,-0.000413985,-0.000412063,-0.018096314,-0.000571794,-0.003198351
-0.001000688,-0.001019567,-0.001075672,-0.032647493,-0.001364246,-0.004208304,-0.000610657,-0.000614793,-0.000589722,-0.022889127,-0.000795323,-0.002871731,-0.000429474,-0.000430838,-0.000434995,-0.016575894,-0.000565661,-0.001976127
-0.00095277,-0.000940837,-0.000943481,-0.036851547,-0.001279964,-0.001421051,-0.000538037,-0.00054406,-0.000544283,-0.02168177,-0.000738245,-0.00091765,-0.000398636,-0.000399246,-0.000396877,-0.016020087,-0.000556292,-0.000706377
-0.000895774,-0.000886227,-0.000889397,-0.034830447,-0.001314813,-0.002850031,-0.00051321,-0.000522455,-0.000530652,-0.020802597,-0.000733081,-0.001933297,-0.000394753,-0.000406476,-0.000411279,-0.015887714,-0.000563983,-0.001410229
-0.001054627,-0.00104716,-0.001063125,-0.027491257,-0.001458724,-0.005547516,-0.000584354,-0.000576671,-0.000572248,-0.020227915,-0.000743716,-0.003443798,-0.000419657,-0.000420238,-0.000420966,-0.015503994,-0.000563308,-0.002557623
-0.000964404,-0.000945204,-0.000927449,-0.032249251,-0.001356372,-0.001580641,-0.000508542,-0.000517279,-0.000519054,-0.020373801,-0.000726214,-0.001040091,-0.000382255,-0.000386291,-0.000403735,-0.015374952,-0.000543669,-0.000782715
-0.001053615,-0.001052153,-0.001060513,-0.030840933,-0.001335287,-0.001375397,-0.00054364,-0.000534701,-0.000538116,-0.020467679,-0.000771615,-0.000785279,-0.000401241,-0.000399616,-0.000401529,-0.015147041,-0.00054768,-0.000574355
-0.000933894,-0.000944819,-0.000946855,-0.031345428,-0.001238019,-0.006119391,-0.000571079,-0.000568812,-0.000570872,-0.020666177,-0.000715703,-0.003879181,-0.000456285,-0.000455404,-0.00045191,-0.015162846,-0.000571335,-0.002904548
-0.000971876,-0.000981047,-0.000969063,-0.030969264,-0.001272735,-0.006676588,-0.000634282,-0.00063257,-0.000632955,-0.019232109,-0.000766553,-0.004137198,-0.00046531,-0.000464761,-0.000461645,-0.015012303,-0.000540609,-0.003146002
-0.001028768,-0.001042193,-0.001023731,-0.029467021,-0.001236276,-0.006481166,-0.000613416,-0.000611797,-0.000620452,-0.0197706,-0.000713673,-0.004360005,-0.000437352,-0.000447605,-0.000437034,-0.014751057,-0.0005756,-0.003081236
-0.00104199,-0.001057925,-0.001064117,-0.029276791,-0.001180949,-0.003743286,-0.000587934,-0.000603748,-0.000606429,-0.018184745,-0.000728865,-0.002142114,-0.000436181,-0.000435695,-0.000428467,-0.014122376,-0.000540961,-0.001638631
-0.001013016,-0.001038256,-0.00103215,-0.032247386,-0.001236979,-0.001382166,-0.000554701,-0.000559186,-0.000562072,-0.017842706,-0.0006825,-0.000762425,-0.000434309,-0.000432548,-0.000433691,-0.013614441,-0.000530565,-0.000593303
-0.001170712,-0.001169868,-0.001175478,-0.027193322,-0.001576016,-0.002225684,-0.000680012,-0.000685676,-0.000676448,-0.01718642,-0.000827782,-0.001171001,-0.000471896,-0.000469815,-0.000469645,-0.013289342,-0.000560479,-0.000811932
-0.001140707,-0.001104754,-0.001137334,-0.024478249,-0.001588731,-0.002109825,-0.000596693,-0.000590021,-0.000593898,-0.016573022,-0.000802498,-0.001261274,-0.000417766,-0.000425363,-0.0004317,-0.012818158,-0.000566128,-0.000982054
-0.000908535,-0.00089965,-0.000905378,-0.02367328,-0.001497051,-0.006001574,-0.000606887,-0.000603524,-0.000593646,-0.01618887,-0.000732291,-0.003636232,-0.000450875,-0.000445781,-0.000433704,-0.012537768,-0.00052021,-0.002700135
-0.001000211,-0.001014383,-0.00101802,-0.025944362,-0.001351507,-0.001494351,-0.0006281,-0.000618069,-0.000631967,-0.016363407,-0.00072582,-0.000931496,-0.000487878,-0.000485832,-0.000477584,-0.012478394,-0.000566221,-0.000737611
-0.001044305,-0.001020505,-0.001077713,-0.026049703,-0.001392063,-0.001437143,-0.000601863,-0.000611488,-0.000632046,-0.016047543,-0.000747125,-0.000772763,-0.00045498,-0.000453338,-0.000460695,-0.012473476,-0.000549221,-0.000573128
-0.006544254,-0.006534028,-0.006336718,-0.025148023,-0.008264538,-0.009499239,-0.003780645,-0.003681162,-0.003630384,-0.015363225,-0.005185046,-0.005307969,-0.00304346,-0.003003579,-0.00294275,-0.012472769,-0.003572153,-0.003665084
-0.005680631,-0.005602161,-0.005541143,-0.023393876,-0.007674747,-0.00857905,-0.003600605,-0.003512602,-0.00351606,-0.016671872,-0.004896492,-0.005439147,-0.002650674,-0.00264253,-0.002670756,-0.012382801,-0.003851469,-0.00391644
-0.004930048,-0.005160208,-0.004967125,-0.030603325,-0.008745013,-0.008486744,-0.003396672,-0.003424036,-0.003285375,-0.018739072,-0.004605061,-0.005095945,-0.002425189,-0.002431765,-0.002502925,-0.015067493,-0.003519143,-0.0037695
-0.005024806,-0.004994464,-0.004958492,-0.029615551,-0.006556063,-0.007455206,-0.003356488,-0.003479973,-0.003505396,-0.020870762,-0.004969222,-0.005252048,-0.002450298,-0.002502606,-0.002426566,-0.015297514,-0.003579495,-0.003664147
-0.00573375,-0.005836545,-0.005699002,-0.02866136,-0.006839445,-0.008039859,-0.003496521,-0.003516158,-0.00337973,-0.019859102,-0.004507374,-0.00491272,-0.002653078,-0.00258936,-0.002534198,-0.01577858,-0.003351817,-0.003735675
-0.005443745,-0.005356892,-0.005310571,-0.028559755,-0.008272167,-0.00861328,-0.003343612,-0.003442666,-0.003398704,-0.019981903,-0.004376147,-0.005042725,-0.002468532,-0.002489126,-0.002408475,-0.015280608,-0.003475153,-0.003614098
-0.004633696,-0.004575549,-0.004609921,-0.026209387,-0.007163529,-0.007927209,-0.003185319,-0.003195687,-0.003139906,-0.019837325,-0.005164789,-0.005043848,-0.002512873,-0.002467297,-0.002469307,-0.015061049,-0.003831049,-0.003782682
-0.005428221,-0.005462955,-0.005381358,-0.032125093,-0.007015733,-0.010340444,-0.003266564,-0.003224633,-0.003219138,-0.019422182,-0.004331672,-0.006425807,-0.002543328,-0.002497409,-0.002532546,-0.014507761,-0.003407988,-0.004452806
-0.00533608,-0.00537532,-0.005361871,-0.025968416,-0.007054845,-0.00730283,-0.003109775,-0.003083548,-0.003110556,-0.018220888,-0.004560567,-0.004464087,-0.002279167,-0.00227473,-0.002260893,-0.014465831,-0.003334725,-0.003264491
-0.005439764,-0.005460982,-0.00536636,-0.031363372,-0.007096154,-0.010504117,-0.003364926,-0.003348272,-0.003324128,-0.018270135,-0.00438999,-0.006446575,-0.002294619,-0.002324521,-0.002335343,-0.013763527,-0.003361561,-0.00494606
-0.004424746,-0.004402067,-0.004267344,-0.025791667,-0.00736737,-0.009282402,-0.003020453,-0.00299773,-0.002900149,-0.019002271,-0.004727263,-0.005089985,-0.002336135,-0.002388503,-0.002388407,-0.014796629,-0.003599826,-0.003806146
-0.004728177,-0.004603024,-0.004663641,-0.029274342,-0.006683671,-0.008602386,-0.003123211,-0.003038818,-0.002949439,-0.018202824,-0.004225866,-0.005678046,-0.002291015,-0.002265568,-0.002295148,-0.013715964,-0.003211535,-0.004091459
-0.005041178,-0.004911375,-0.004580014,-0.027112483,-0.006654893,-0.006532604,-0.003092616,-0.00318777,-0.003149119,-0.018373969,-0.004241208,-0.004104491,-0.002302133,-0.002329571,-0.002395881,-0.014556958,-0.003329424,-0.003309906
-0.005007426,-0.004762693,-0.005035808,-0.025774117,-0.006924997,-0.007070386,-0.003099711,-0.003088245,-0.003026346,-0.018333886,-0.004443375,-0.004979176,-0.002389834,-0.002371575,-0.002356081,-0.014539162,-0.003501539,-0.003779509
-0.005206778,-0.004980084,-0.00512422,-0.026584093,-0.006947686,-0.009250476,-0.003254103,-0.003275176,-0.003138641,-0.017063198,-0.004514567,-0.005912678,-0.002337262,-0.002345167,-0.002301665,-0.01309573,-0.003479653,-0.004726649
-0.005163508,-0.00521726,-0.005113449,-0.02635982,-0.007832032,-0.010668561,-0.003370966,-0.003331814,-0.003284124,-0.017546851,-0.004303067,-0.006085321,-0.002566357,-0.002516142,-0.002500503,-0.012914244,-0.00340915,-0.004289384
-0.005204031,-0.005212042,-0.005107806,-0.024682323,-0.006916486,-0.007790541,-0.003219337,-0.003169511,-0.00337027,-0.017747877,-0.00450383,-0.00469886,-0.002227365,-0.002213766,-0.002261585,-0.01400208,-0.003446779,-0.003384787
-0.004877319,-0.004756439,-0.004613318,-0.02883043,-0.006197718,-0.008522162,-0.003089909,-0.002964203,-0.003022428,-0.018861573,-0.004410548,-0.004559634,-0.002239274,-0.002189579,-0.002224546,-0.013667324,-0.003398517,-0.003329408
-0.004880318,-0.004924122,-0.004814002,-0.027456865,-0.00699377,-0.007074732,-0.002666963,-0.002690094,-0.002651292,-0.018749679,-0.003996724,-0.004273671,-0.002037942,-0.002000139,-0.00201617,-0.013960471,-0.003058286,-0.003101134
-0.004296815,-0.004303275,-0.004260796,-0.031520397,-0.006411882,-0.006460105,-0.003000633,-0.003004253,-0.002912108,-0.018766043,-0.004207891,-0.00425888,-0.002178585,-0.00216081,-0.002115813,-0.014395362,-0.003242668,-0.00318177
-0.004704588,-0.004640477,-0.004493523,-0.031740587,-0.006237958,-0.006317637,-0.003290393,-0.003158711,-0.003158495,-0.018857138,-0.004247856,-0.004380559,-0.002197694,-0.002177268,-0.002178693,-0.014108474,-0.003280302,-0.003186058
-0.004660892,-0.004526976,-0.00421329,-0.027137501,-0.006305402,-0.006496756,-0.002917082,-0.002924707,-0.002934014,-0.018508246,-0.004054101,-0.004038352,-0.002170804,-0.002170815,-0.002215616,-0.01396663,-0.003119201,-0.00307215
-0.004103004,-0.004196869,-0.004131185,-0.028255767,-0.006660882,-0.00637036,-0.002780774,-0.002777139,-0.002782086,-0.018809394,-0.003719555,-0.003933007,-0.002083076,-0.002141054,-0.002152068,-0.014273934,-0.002983831,-0.002928309
-0.004628923,-0.004459295,-0.004247882,-0.02881935,-0.006643934,-0.007309958,-0.002964509,-0.002912649,-0.002820079,-0.018428885,-0.004055449,-0.00398057,-0.002106185,-0.002102219,-0.002133524,-0.014112902,-0.003117421,-0.003036201
-0.004638961,-0.004624345,-0.00467908,-0.028523335,-0.006430225,-0.007564951,-0.003013367,-0.002970918,-0.002925679,-0.017773131,-0.003965217,-0.004268775,-0.00216608,-0.002198323,-0.002250479,-0.013881699,-0.003014588,-0.003299383
-0.00426413,-0.004125391,-0.00412597,-0.028115699,-0.006521737,-0.006487857,-0.002847915,-0.002812789,-0.002835443,-0.018253156,-0.004080314,-0.004101415,-0.00214336,-0.002104797,-0.002058584,-0.013969607,-0.003013489,-0.002997092
-0.00445608,-0.004352946,-0.004255492,-0.027384057,-0.006989617,-0.007286652,-0.002532714,-0.002595955,-0.00264538,-0.017592002,-0.003830148,-0.003953415,-0.001952867,-0.001932228,-0.001928997,-0.014198221,-0.003007734,-0.003002498
-0.005016686,-0.00490694,-0.004681365,-0.027404698,-0.007129394,-0.007402865,-0.002851069,-0.002810414,-0.002736657,-0.018007996,-0.003863446,-0.003965829,-0.002042001,-0.002021084,-0.002000507,-0.013705804,-0.002968999,-0.002957824
-0.004029708,-0.004157798,-0.00390268,-0.025598707,-0.007623933,-0.007393174,-0.002739641,-0.002676928,-0.00265693,-0.01738238,-0.003975175,-0.004330646,-0.002061287,-0.002029332,-0.001980376,-0.013047112,-0.003020899,-0.003166523
-0.004509279,-0.004356878,-0.004405821,-0.027386931,-0.006728261,-0.006894901,-0.002890988,-0.00285576,-0.002880763,-0.017774741,-0.003881178,-0.003889685,-0.002096132,-0.002088902,-0.002007917,-0.013813829,-0.003135553,-0.003014198
-0.00460761,-0.004633295,-0.004414599,-0.022579529,-0.00606024,-0.006373043,-0.002828197,-0.0027984,-0.002819099,-0.016555669,-0.003981425,-0.004014233,-0.002132494,-0.002129714,-0.002160053,-0.012825954,-0.003061121,-0.002922168
-0.004960172,-0.0047743,-0.004598758,-0.022930437,-0.005862673,-0.006822003,-0.003105456,-0.00301634,-0.00295317,-0.015805171,-0.003978861,-0.003949222,-0.002227939,-0.002269656,-0.002210799,-0.011994554,-0.003055654,-0.002880372
-0.004590454,-0.004471212,-0.004489149,-0.02289352,-0.00607599,-0.006478159,-0.002914197,-0.002864836,-0.002940718,-0.016106507,-0.003915639,-0.004253912,-0.002123382,-0.002148674,-0.002172461,-0.012810983,-0.003012543,-0.003048784
-0.004697489,-0.004591514,-0.004604575,-0.025770514,-0.006929496,-0.006713771,-0.003148369,-0.003033568,-0.003072752,-0.016482188,-0.004144161,-0.004010802,-0.002263617,-0.002289469,-0.002220029,-0.012126217,-0.002992966,-0.003111179
-0.004930269,-0.005128887,-0.005174391,-0.024624086,-0.006517336,-0.00620099,-0.003000741,-0.002926649,-0.002932273,-0.015597715,-0.003833435,-0.003930289,-0.002324609,-0.002247051,-0.00223963,-0.011535587,-0.002934119,-0.00305681
-0.00586943,-0.005512638,-0.005494909,-0.025363716,-0.007042987,-0.008215569,-0.003599431,-0.003431632,-0.003457999,-0.016349458,-0.004341636,-0.005394043,-0.002649944,-0.002623834,-0.002518483,-0.013214755,-0.003266974,-0.004281536
-0.005887368,-0.005712778,-0.005966109,-0.024759272,-0.007943994,-0.008043222,-0.003311803,-0.003196308,-0.003173811,-0.015558266,-0.004064378,-0.005279575,-0.002488791,-0.002454725,-0.002441893,-0.012302691,-0.003078483,-0.003795782
-0.005729123,-0.005773389,-0.005729653,-0.024400284,-0.007872612,-0.009206177,-0.003392015,-0.003339569,-0.003359347,-0.015488534,-0.004152944,-0.005180834,-0.002413416,-0.002491602,-0.002492149,-0.012001084,-0.003165622,-0.003956585
-0.006187975,-0.006238385,-0.006052189,-0.025571251,-0.006972762,-0.00768191,-0.003429794,-0.003367189,-0.003296924,-0.016823113,-0.004310372,-0.004681214,-0.002629338,-0.002552377,-0.002551266,-0.013413984,-0.003238575,-0.003720768
-0.005858264,-0.005718762,-0.005649317,-0.02521142,-0.006908573,-0.008062697,-0.003438304,-0.003470203,-0.003485304,-0.016891549,-0.0043543,-0.004863171,-0.002533191,-0.002588401,-0.002598488,-0.013460571,-0.003271639,-0.00359878
-0.005151499,-0.005496435,-0.005580119,-0.024763573,-0.006890105,-0.006922021,-0.003426063,-0.003423817,-0.003497505,-0.016728656,-0.00420549,-0.004735903,-0.002540966,-0.002540226,-0.002525955,-0.013135126,-0.003315538,-0.00360769
-0.00526464,-0.005323636,-0.005342955,-0.026012076,-0.007027438,-0.007655746,-0.00329848,-0.003170961,-0.003402363,-0.016605847,-0.004200948,-0.004612981,-0.002485324,-0.002468274,-0.002431651,-0.013504143,-0.003174511,-0.003442126
-0.005476545,-0.005464685,-0.005194727,-0.02695881,-0.007186242,-0.007528197,-0.00325525,-0.003190778,-0.002985873,-0.016853845,-0.004260579,-0.004500326,-0.002297842,-0.002297453,-0.002274859,-0.012761304,-0.003236266,-0.003193565
-0.004891573,-0.004975986,-0.004622774,-0.025111196,-0.005808597,-0.006157598,-0.003223699,-0.003155798,-0.003010706,-0.015170883,-0.003804371,-0.003928023,-0.00244084,-0.00237355,-0.002307318,-0.012227885,-0.002908143,-0.002802026
-0.005298661,-0.005094185,-0.005131573,-0.025078548,-0.006546749,-0.007428979,-0.003356281,-0.003360992,-0.003301192,-0.017012547,-0.003762244,-0.004781302,-0.002434888,-0.00235708,-0.002335856,-0.01275685,-0.002848741,-0.003542364
-0.005006419,-0.004926543,-0.004880404,-0.028407999,-0.006593377,-0.007456832,-0.003129809,-0.003213784,-0.003187943,-0.017595015,-0.003971791,-0.004510318,-0.002439955,-0.002485262,-0.002498772,-0.013104468,-0.00311984,-0.003492861
-0.004841332,-0.004864147,-0.004687613,-0.02855764,-0.005936534,-0.00596714,-0.002934893,-0.002881129,-0.002897012,-0.019243857,-0.004058793,-0.003956511,-0.002123605,-0.002076699,-0.002061411,-0.015287122,-0.00292416,-0.002875716
-0.004707581,-0.00465303,-0.004650256,-0.026383873,-0.005873705,-0.006593103,-0.003055131,-0.003037967,-0.002982161,-0.018983804,-0.003738613,-0.003902764,-0.002146319,-0.002173202,-0.002108409,-0.015404369,-0.003035801,-0.00289011
-0.005132445,-0.005065151,-0.004790611,-0.02812102,-0.006606955,-0.006305036,-0.003485197,-0.003430818,-0.003347909,-0.019884267,-0.003900909,-0.003994697,-0.002715525,-0.002672504,-0.002665601,-0.015189084,-0.00305605,-0.003132748
-0.00574188,-0.005713797,-0.005726773,-0.028308128,-0.006975186,-0.006967857,-0.003351557,-0.003294323,-0.003377141,-0.018634304,-0.004412995,-0.004507193,-0.002667065,-0.0026429,-0.002681889,-0.014854385,-0.003278997,-0.003399432
-0.005544852,-0.005391023,-0.005186565,-0.029742308,-0.006374642,-0.007633264,-0.003685254,-0.003562735,-0.003487453,-0.019557543,-0.00385178,-0.00482713,-0.002710265,-0.002628857,-0.002502369,-0.014924642,-0.003155495,-0.003665714
-0.005371354,-0.005010816,-0.004750585,-0.027500176,-0.006649403,-0.008348569,-0.003638041,-0.003656793,-0.003592864,-0.019591079,-0.004204565,-0.004610008,-0.002838516,-0.002850928,-0.002708712,-0.014678996,-0.003190606,-0.00347837
-0.004899871,-0.004788589,-0.004656117,-0.027706251,-0.005964587,-0.006129196,-0.00296063,-0.002907965,-0.0029247,-0.018922819,-0.003875305,-0.004234336,-0.002099368,-0.002176349,-0.002284535,-0.01422559,-0.003104407,-0.003272504
-0.004712379,-0.004714013,-0.004783887,-0.027193502,-0.005807052,-0.006669392,-0.002719886,-0.002694865,-0.00270932,-0.018143979,-0.003768934,-0.004404628,-0.001986416,-0.001962115,-0.001984962,-0.013859096,-0.002945607,-0.003364612
-0.004744001,-0.004685567,-0.004611727,-0.028235615,-0.005678148,-0.005502703,-0.002952022,-0.002868329,-0.0028635,-0.018943653,-0.003670447,-0.003613269,-0.002173235,-0.002188272,-0.002231718,-0.014024339,-0.002928588,-0.002832427
-0.005686454,-0.005609931,-0.005548236,-0.030440135,-0.005893712,-0.005836593,-0.003200133,-0.002955625,-0.002980451,-0.018531933,-0.003633443,-0.003632131,-0.002242451,-0.002222119,-0.002179457,-0.013837758,-0.002931328,-0.002928459
-0.004395089,-0.00438956,-0.004404761,-0.027360712,-0.007130004,-0.010561325,-0.002869566,-0.002829568,-0.002836208,-0.018336201,-0.003818389,-0.006069628,-0.002121138,-0.002113157,-0.002111588,-0.01293363,-0.002741668,-0.004414333
-0.004587229,-0.004373993,-0.004262062,-0.026602942,-0.006148735,-0.008993638,-0.002984651,-0.002989902,-0.002796392,-0.017741076,-0.003642227,-0.005576648,-0.002191206,-0.002204334,-0.002156902,-0.013475074,-0.002755312,-0.004133714
-0.004466619,-0.004460957,-0.004508739,-0.029930247,-0.00600089,-0.009340215,-0.002660349,-0.002714222,-0.002664007,-0.017351922,-0.003473591,-0.00523023,-0.001999106,-0.00209344,-0.002067677,-0.012841916,-0.002668278,-0.003818605
-0.003690903,-0.003788545,-0.003558951,-0.035544307,-0.005127842,-0.009095959,-0.00228492,-0.002256195,-0.002240667,-0.022365876,-0.003543387,-0.006298219,-0.001669312,-0.00164349,-0.001651018,-0.016830025,-0.002755497,-0.004654374
-0.00358136,-0.00358283,-0.003493064,-0.03616122,-0.005809621,-0.006815025,-0.002097701,-0.002104628,-0.002190455,-0.023565592,-0.003626812,-0.003814273,-0.001643398,-0.001652023,-0.001620472,-0.017357996,-0.002650091,-0.002800894
-0.003971792,-0.003878966,-0.003830957,-0.033782111,-0.005315821,-0.005672908,-0.002405105,-0.002375507,-0.002463164,-0.022538079,-0.003394296,-0.003620368,-0.001833621,-0.001872632,-0.001860641,-0.018118015,-0.002639806,-0.002714817
-0.003928773,-0.003850393,-0.003891257,-0.033391132,-0.005307988,-0.007202111,-0.002696002,-0.002677151,-0.002700275,-0.022216032,-0.003409942,-0.004522949,-0.001942395,-0.001939029,-0.001947321,-0.017102077,-0.002611854,-0.003457745
-0.003869922,-0.00381237,-0.003747541,-0.033388117,-0.00530711,-0.005606965,-0.002301564,-0.002317805,-0.00229919,-0.022426565,-0.003291529,-0.003425468,-0.001825103,-0.001794905,-0.001763292,-0.016778447,-0.002573255,-0.002690527
-0.003876341,-0.003964028,-0.003890555,-0.033349326,-0.005681496,-0.006062148,-0.00267084,-0.002595631,-0.002506602,-0.022779582,-0.003616248,-0.003746546,-0.001857781,-0.001828386,-0.001892258,-0.01713785,-0.002795579,-0.002712911
-0.004325379,-0.004247507,-0.00424721,-0.031819624,-0.005817086,-0.005822571,-0.002404544,-0.002403217,-0.002369222,-0.022553707,-0.003416236,-0.003416358,-0.001683632,-0.001637893,-0.001687327,-0.017326594,-0.002724387,-0.002724254
-0.003715569,-0.003764969,-0.003810896,-0.032015966,-0.006235034,-0.005897776,-0.002403939,-0.00236182,-0.002333454,-0.020802047,-0.003465469,-0.003540077,-0.001776885,-0.00177645,-0.001774921,-0.015723149,-0.002540173,-0.002586405
-0.003481752,-0.003472284,-0.003461574,-0.033720248,-0.00512428,-0.005319967,-0.002195003,-0.002164,-0.002090117,-0.022686257,-0.003241999,-0.003713734,-0.001660231,-0.001646258,-0.001635738,-0.01746243,-0.002510739,-0.002831728
-0.00315867,-0.003230468,-0.003161555,-0.036712483,-0.005611268,-0.00575034,-0.002072721,-0.002089098,-0.002020503,-0.022519942,-0.00355973,-0.003536842,-0.001468603,-0.001511308,-0.001482518,-0.017624054,-0.002621264,-0.002620741
-0.003643287,-0.003595688,-0.003558754,-0.033404426,-0.005144374,-0.007106508,-0.002294473,-0.002249313,-0.002250065,-0.023205093,-0.003291119,-0.004608852,-0.001671718,-0.001697513,-0.001732329,-0.018349235,-0.002607912,-0.003434702
-0.003400864,-0.003449071,-0.003428209,-0.031418412,-0.005162884,-0.005096459,-0.002075289,-0.002039847,-0.002073342,-0.021556565,-0.003276464,-0.003244302,-0.001540616,-0.001496747,-0.001476103,-0.016498027,-0.002577031,-0.002491499
-0.003310357,-0.003433053,-0.003499818,-0.034982902,-0.00483441,-0.005150399,-0.001956676,-0.002003459,-0.002007283,-0.023174902,-0.00322818,-0.003281256,-0.001449389,-0.001442148,-0.001459663,-0.017974967,-0.002473744,-0.002642615
-0.003323965,-0.003363282,-0.003607463,-0.03375496,-0.005248934,-0.006350969,-0.002064592,-0.002117539,-0.00216907,-0.02127754,-0.0033005,-0.003874266,-0.001524348,-0.001534732,-0.001539842,-0.017027436,-0.002555429,-0.003057267
-0.003509278,-0.003514492,-0.003501133,-0.032177457,-0.005005413,-0.005091005,-0.002139864,-0.002182401,-0.002179174,-0.022519489,-0.003229656,-0.003178025,-0.001576371,-0.001594647,-0.00164998,-0.016926606,-0.002541317,-0.002506662
-0.003072233,-0.002977678,-0.002969808,-0.033176737,-0.005117946,-0.006163492,-0.002024189,-0.002028739,-0.002021584,-0.021393142,-0.003376741,-0.003913515,-0.00151384,-0.001520752,-0.001505929,-0.016199083,-0.002488189,-0.002964294
-0.003204238,-0.003117928,-0.003080392,-0.033805799,-0.004932401,-0.00517369,-0.001740392,-0.00175274,-0.001765967,-0.023167883,-0.002955734,-0.003328732,-0.001271694,-0.001297927,-0.00131123,-0.01762694,-0.002326536,-0.002511197
-0.003194131,-0.003224986,-0.003216322,-0.032324936,-0.004970193,-0.004894471,-0.001996116,-0.001988233,-0.001962724,-0.021573147,-0.003187514,-0.00324423,-0.00143002,-0.001422744,-0.001427515,-0.017544583,-0.002386143,-0.002461087
-0.003223121,-0.003225542,-0.003213122,-0.03275541,-0.004903414,-0.005278637,-0.002042963,-0.001994884,-0.001998818,-0.020991696,-0.003101189,-0.003574563,-0.001495373,-0.001512069,-0.001526655,-0.01615436,-0.002363346,-0.002560977
-0.003334997,-0.003436104,-0.00337449,-0.032139055,-0.00543856,-0.005843633,-0.001861944,-0.001794256,-0.001827148,-0.021442663,-0.003227675,-0.003530223,-0.00135682,-0.00134039,-0.001338891,-0.017311963,-0.002447816,-0.002592727
-0.003645353,-0.003475342,-0.003474754,-0.031239843,-0.005267712,-0.005333455,-0.001921182,-0.001955977,-0.002034108,-0.020295165,-0.003280306,-0.003210182,-0.001402827,-0.001416002,-0.001423211,-0.015304616,-0.00237309,-0.002410845
-0.004117939,-0.004031143,-0.003978156,-0.028018497,-0.005443622,-0.005551917,-0.002845838,-0.002780029,-0.002679804,-0.01948208,-0.003494189,-0.003800135,-0.001981057,-0.001948131,-0.001996332,-0.014687703,-0.002713919,-0.002981375
-0.004358545,-0.004175366,-0.004208924,-0.027811909,-0.005668634,-0.006434947,-0.002821927,-0.002792952,-0.002753266,-0.018241889,-0.003668905,-0.003630644,-0.002058026,-0.002035453,-0.00203384,-0.014272879,-0.002643945,-0.002695522
-0.004759325,-0.004776537,-0.004628109,-0.028313776,-0.006720515,-0.007066584,-0.002976478,-0.002947774,-0.00282002,-0.01965625,-0.003840635,-0.004189376,-0.002093638,-0.002116431,-0.002071931,-0.015634408,-0.002684646,-0.00281501
-0.004599603,-0.004302963,-0.004444767,-0.029196631,-0.006802274,-0.006211435,-0.002581888,-0.002594512,-0.002581428,-0.019844194,-0.003528838,-0.003556558,-0.00189429,-0.001944909,-0.001938382,-0.016054795,-0.002801759,-0.002750644
-0.003882632,-0.004028584,-0.004083216,-0.030404501,-0.00619419,-0.006626413,-0.002709153,-0.002680084,-0.002618229,-0.02123988,-0.003920239,-0.004081028,-0.00201867,-0.002053373,-0.00208711,-0.016518474,-0.002787756,-0.003102286
-0.003457711,-0.003557174,-0.003499439,-0.026297552,-0.005412366,-0.005590949,-0.002522989,-0.00256289,-0.002507905,-0.018717426,-0.003742453,-0.003729673,-0.001875279,-0.001878127,-0.001860961,-0.015125384,-0.00272351,-0.002770142
-0.003585302,-0.003539855,-0.003557753,-0.027634905,-0.005945954,-0.005889873,-0.002412924,-0.002437665,-0.002395149,-0.020093854,-0.003170199,-0.003196588,-0.001845266,-0.00182254,-0.001808612,-0.015496561,-0.002597905,-0.00251622
-0.004001253,-0.00401891,-0.003917436,-0.025373986,-0.006659447,-0.00602121,-0.00270829,-0.002676966,-0.00268012,-0.018230498,-0.003587038,-0.003841469,-0.001823775,-0.001825843,-0.001907989,-0.01437915,-0.002663851,-0.00287891
-0.003988054,-0.003883276,-0.003797205,-0.026911368,-0.005675592,-0.005888611,-0.002375707,-0.002291064,-0.002250712,-0.019318099,-0.003498417,-0.003581072,-0.001730459,-0.001708181,-0.001754423,-0.014885252,-0.002538031,-0.002464449
-0.003625166,-0.00361315,-0.003557696,-0.026246678,-0.004976421,-0.005948422,-0.002443567,-0.002439751,-0.002472358,-0.018589979,-0.003411472,-0.003610339,-0.001767278,-0.00178744,-0.00175194,-0.013756247,-0.002566283,-0.002649117
-0.003780639,-0.003781052,-0.003775807,-0.025481913,-0.004852228,-0.004976985,-0.002170611,-0.002148942,-0.002138339,-0.018318286,-0.00312655,-0.003244358,-0.001590892,-0.001599841,-0.001578701,-0.014856707,-0.002326397,-0.002429805
-0.003492524,-0.003301284,-0.00336737,-0.028103776,-0.005152594,-0.00579498,-0.002037893,-0.002033756,-0.002049862,-0.019608397,-0.003253857,-0.003110101,-0.001612962,-0.001575114,-0.001573293,-0.015811783,-0.002544126,-0.002420265
-0.004601353,-0.004627814,-0.00450195,-0.02792788,-0.006162143,-0.00626853,-0.002502302,-0.002476221,-0.002440099,-0.019831392,-0.003514208,-0.003933615,-0.001827563,-0.001841801,-0.001766847,-0.015322871,-0.002671715,-0.002909355
-0.003923049,-0.003871964,-0.003931016,-0.02844532,-0.005790045,-0.007016527,-0.002486489,-0.002472356,-0.002549505,-0.020568951,-0.003454283,-0.00387621,-0.00185288,-0.001819039,-0.001750727,-0.015910795,-0.002596125,-0.002806325
-0.004133868,-0.004126435,-0.004119622,-0.030055549,-0.005392152,-0.007584961,-0.002144387,-0.002143719,-0.002152058,-0.021487964,-0.003454367,-0.004354559,-0.001606419,-0.001622008,-0.001618327,-0.016814974,-0.002447784,-0.003297229
-0.00384177,-0.003861246,-0.003644164,-0.029112171,-0.005634063,-0.005654499,-0.002483783,-0.002460294,-0.002410989,-0.021018031,-0.003540614,-0.00350746,-0.001886652,-0.001848364,-0.001833716,-0.017493879,-0.002560017,-0.002704926
-0.003823829,-0.003843742,-0.003749831,-0.03113005,-0.005672651,-0.00643733,-0.002511557,-0.002494063,-0.002446909,-0.020722286,-0.003378529,-0.003552269,-0.001791054,-0.00179313,-0.001778157,-0.016155486,-0.002684036,-0.002661353
-0.004847086,-0.004558702,-0.004477135,-0.028909517,-0.004704003,-0.00663056,-0.002523464,-0.002493978,-0.002504031,-0.019990177,-0.003406754,-0.00395034,-0.001944393,-0.001928142,-0.001892151,-0.016348885,-0.002595107,-0.00299968
-0.004024562,-0.003914727,-0.003879663,-0.029343664,-0.005530907,-0.005779264,-0.002240321,-0.002157198,-0.002136688,-0.020085111,-0.003403505,-0.003287808,-0.001704161,-0.001699727,-0.001669058,-0.016479425,-0.002552281,-0.00250693
-0.003786339,-0.003800736,-0.003677329,-0.0277778,-0.006072759,-0.006158899,-0.002296837,-0.002307648,-0.002327386,-0.019115382,-0.003393905,-0.003411323,-0.001684912,-0.001676161,-0.001657709,-0.015718811,-0.00256355,-0.002629013
-0.003410856,-0.003404077,-0.003377838,-0.027911613,-0.005087491,-0.006001607,-0.002111871,-0.002102224,-0.002155869,-0.019150568,-0.003095361,-0.00360016,-0.001615956,-0.001621857,-0.001645164,-0.015151283,-0.002440547,-0.002756481
-0.003796916,-0.003741713,-0.003725024,-0.026264972,-0.005509542,-0.006517592,-0.002389248,-0.002352447,-0.002320674,-0.019674399,-0.003530997,-0.004342893,-0.001691996,-0.001665157,-0.0016497,-0.015342493,-0.002682762,-0.003289045
-0.003969167,-0.00388713,-0.003783513,-0.027526465,-0.004855936,-0.005469549,-0.002063135,-0.002103035,-0.002123057,-0.019638493,-0.003223808,-0.003700602,-0.001643182,-0.001638397,-0.001659256,-0.015808819,-0.002464149,-0.002809902
-0.005097126,-0.005022575,-0.004934959,-0.030107707,-0.005787858,-0.006466351,-0.003331926,-0.003456495,-0.003397312,-0.018864507,-0.003591979,-0.003864316,-0.002634658,-0.002714546,-0.002676819,-0.014716193,-0.002944887,-0.002931398
-0.005389461,-0.005217267,-0.005122188,-0.028562377,-0.006062754,-0.006588612,-0.002997457,-0.002973807,-0.002973761,-0.018617435,-0.003672922,-0.003644572,-0.0022703,-0.002271084,-0.002251354,-0.015577359,-0.0026874,-0.002597787
-0.004754235,-0.004681605,-0.004721984,-0.024955302,-0.005934498,-0.005985257,-0.002897776,-0.002947374,-0.002883972,-0.018829212,-0.003619494,-0.003713302,-0.002170601,-0.002207824,-0.002165404,-0.014821446,-0.002628054,-0.002767497
-0.004962829,-0.004710776,-0.004728198,-0.025963387,-0.005916079,-0.006847397,-0.002995934,-0.002948994,-0.002939559,-0.019168897,-0.003520788,-0.004053329,-0.002141927,-0.002135729,-0.002095303,-0.014681867,-0.002764365,-0.003313299
-0.005366875,-0.005376799,-0.005371667,-0.027202382,-0.005951966,-0.007292493,-0.002911774,-0.002910716,-0.002940713,-0.017983095,-0.003666279,-0.003798052,-0.00213487,-0.002132552,-0.002151275,-0.013788086,-0.002764833,-0.002969583
-0.004738363,-0.004345869,-0.004306345,-0.026966732,-0.005245137,-0.00672045,-0.002875943,-0.002876318,-0.00285917,-0.01837051,-0.003494779,-0.004413562,-0.002264177,-0.002260368,-0.002222596,-0.014351636,-0.002577097,-0.003275742
-0.004715618,-0.004592364,-0.004593702,-0.026040343,-0.005409992,-0.006224929,-0.002827776,-0.002831449,-0.0027757,-0.017834341,-0.00333058,-0.003993762,-0.002179505,-0.00217202,-0.002169807,-0.014065721,-0.002588891,-0.003142913
-0.005586534,-0.005534429,-0.00545637,-0.02506707,-0.006484257,-0.008494239,-0.003105228,-0.00305022,-0.003106893,-0.017431899,-0.003632542,-0.004634289,-0.002223517,-0.002194822,-0.00223276,-0.013929511,-0.002859958,-0.003034234
-0.004997628,-0.004964015,-0.004769452,-0.024732913,-0.005951357,-0.007536424,-0.003288567,-0.003186488,-0.003198056,-0.016815488,-0.003795812,-0.004086673,-0.002243237,-0.002302419,-0.002264517,-0.013612446,-0.0028297,-0.002992766
-0.004566571,-0.004515227,-0.004537858,-0.024464385,-0.005028805,-0.005962032,-0.003046352,-0.002994801,-0.002949292,-0.017188897,-0.003592555,-0.00367669,-0.002276848,-0.002276512,-0.002275656,-0.013165987,-0.002787405,-0.002833876
-0.004792616,-0.004637462,-0.00452446,-0.024593931,-0.005584932,-0.005618028,-0.00290488,-0.002850105,-0.00291197,-0.017093186,-0.0036628,-0.003594034,-0.002136619,-0.002150426,-0.00218847,-0.013043293,-0.002749305,-0.002557911
-0.00532388,-0.005128233,-0.005002393,-0.022990227,-0.006011309,-0.006170257,-0.00316222,-0.003125254,-0.003016103,-0.016412366,-0.003659478,-0.003740389,-0.002158889,-0.002214732,-0.002222099,-0.013122921,-0.002785831,-0.002791908
-0.004566173,-0.004539046,-0.004693866,-0.024112612,-0.00604634,-0.007346207,-0.002928114,-0.002899895,-0.002991884,-0.017277779,-0.003591832,-0.003637696,-0.002205151,-0.002171261,-0.002234788,-0.013752741,-0.002695,-0.002606236
-0.005584483,-0.005494539,-0.005204213,-0.024847209,-0.006009532,-0.006479838,-0.003017378,-0.003032386,-0.003099737,-0.016698562,-0.003556586,-0.003524837,-0.002229838,-0.002229964,-0.002211587,-0.012809253,-0.002656058,-0.002555246
-0.0047282,-0.004532999,-0.004705467,-0.0253036,-0.005925655,-0.006337879,-0.003009896,-0.002905183,-0.002896236,-0.017366243,-0.003675211,-0.00363298,-0.002166429,-0.002175937,-0.002184302,-0.013293553,-0.002703023,-0.002714381
-0.004912021,-0.004874992,-0.005054843,-0.024155183,-0.006425883,-0.006114757,-0.003018913,-0.003006756,-0.00301985,-0.017575153,-0.003486554,-0.004191281,-0.002252318,-0.0022405,-0.002199136,-0.012806805,-0.002752168,-0.003056133
-0.00443662,-0.004446352,-0.004330354,-0.024205439,-0.00544646,-0.006693115,-0.002827631,-0.00279912,-0.002814314,-0.016785714,-0.003516452,-0.003777493,-0.002167007,-0.002133439,-0.002134639,-0.013091664,-0.002672289,-0.002962346
-0.004869349,-0.00474746,-0.004822988,-0.024937697,-0.005623973,-0.007287468,-0.00281454,-0.002788057,-0.002843841,-0.016726518,-0.003337272,-0.003909427,-0.002147722,-0.002175302,-0.002175705,-0.012723632,-0.002668219,-0.002960479
-0.004045474,-0.004074617,-0.004103024,-0.024940994,-0.00577003,-0.006698562,-0.002995784,-0.002934563,-0.00291764,-0.016453729,-0.003293226,-0.004085075,-0.002284571,-0.002290801,-0.002277232,-0.01278432,-0.002555553,-0.003149832
-0.005194113,-0.005404889,-0.005473689,-0.024643801,-0.006551586,-0.007442555,-0.003197246,-0.003201209,-0.003179187,-0.015996442,-0.003497094,-0.003760298,-0.00235769,-0.002331132,-0.002334549,-0.012795914,-0.002503779,-0.0025738
-0.004979118,-0.004879479,-0.004785357,-0.02572453,-0.00525147,-0.005347559,-0.002859815,-0.002819925,-0.002844758,-0.016680616,-0.003468144,-0.003472998,-0.002152684,-0.002181313,-0.002177845,-0.012742057,-0.00250746,-0.00266302
-0.005379888,-0.005354105,-0.005311589,-0.024625121,-0.006500822,-0.006996959,-0.003197084,-0.003037857,-0.00300512,-0.016803288,-0.003523719,-0.003644632,-0.002399823,-0.002347639,-0.002373322,-0.013025098,-0.002841476,-0.002762985
-0.004956564,-0.004719184,-0.004658665,-0.024749536,-0.005642074,-0.00615763,-0.002863432,-0.002811269,-0.002834784,-0.01655821,-0.003343869,-0.003637044,-0.002197995,-0.002187216,-0.002196868,-0.013510568,-0.002553454,-0.002686468
-0.005063663,-0.004990449,-0.004907531,-0.02445935,-0.006220534,-0.006119487,-0.003051579,-0.003100395,-0.003103236,-0.016480114,-0.003422881,-0.003327682,-0.00221731,-0.002200168,-0.002125405,-0.012644392,-0.002580388,-0.002550711
-0.00485092,-0.004808075,-0.004800714,-0.025596944,-0.006264913,-0.006324814,-0.00313481,-0.003133012,-0.00318905,-0.017944188,-0.003729117,-0.003778581,-0.002340476,-0.002344559,-0.002319444,-0.013540001,-0.002826063,-0.002840502
-0.005664744,-0.005679453,-0.005321786,-0.025590644,-0.006517672,-0.006978404,-0.003089485,-0.003055386,-0.002911604,-0.017320887,-0.003311113,-0.003734974,-0.002241107,-0.002213717,-0.002142138,-0.013229342,-0.002634272,-0.002566381
-0.005085847,-0.004934904,-0.005112894,-0.025425576,-0.006288818,-0.007003045,-0.003018083,-0.003105181,-0.003040885,-0.016350387,-0.003811805,-0.003865755,-0.002257554,-0.002223327,-0.002136641,-0.012935292,-0.002841528,-0.002876436
-0.004205931,-0.004234231,-0.004247324,-0.025792438,-0.005553905,-0.005998024,-0.002924764,-0.002856161,-0.002849435,-0.016557186,-0.003448173,-0.003358876,-0.002232038,-0.002182497,-0.002224285,-0.012644446,-0.002746911,-0.002667348
-0.00471356,-0.004790513,-0.004648539,-0.023508192,-0.005488196,-0.00551554,-0.002789219,-0.002790214,-0.002824398,-0.016096627,-0.003417616,-0.003386306,-0.00213726,-0.002159516,-0.002099615,-0.012927971,-0.002573064,-0.002606194
-0.004383873,-0.004492974,-0.004545429,-0.028254939,-0.005288233,-0.005251694,-0.002837275,-0.002830709,-0.002754012,-0.019143497,-0.003544693,-0.003379483,-0.002025864,-0.00203356,-0.001986841,-0.015002809,-0.002557365,-0.0024683
-0.004327456,-0.004484213,-0.004240902,-0.02868308,-0.005821258,-0.006657118,-0.002672177,-0.002691372,-0.002673875,-0.01874427,-0.003536472,-0.004546775,-0.001985801,-0.002062478,-0.00200951,-0.014642762,-0.002637779,-0.003525145
-0.004748007,-0.004631231,-0.004801987,-0.027892098,-0.006806912,-0.007592526,-0.003025985,-0.002975869,-0.002952979,-0.018537932,-0.003591736,-0.004003308,-0.002102027,-0.002180042,-0.002148008,-0.014236552,-0.002735548,-0.003023562
-0.005474569,-0.00556753,-0.005597411,-0.034547693,-0.006876522,-0.009234572,-0.003032394,-0.00305019,-0.00301715,-0.023548396,-0.003923306,-0.006265492,-0.002189217,-0.00221392,-0.002232712,-0.018876945,-0.002976694,-0.004450892
-0.00447934,-0.004631399,-0.004615027,-0.035065975,-0.005977186,-0.005847058,-0.002964266,-0.002914245,-0.002889926,-0.023337633,-0.003714567,-0.003669981,-0.002262418,-0.002276809,-0.002277432,-0.018604515,-0.002682115,-0.002690891
-0.005022528,-0.004872851,-0.004910037,-0.033733079,-0.00595439,-0.005942073,-0.002994754,-0.00298945,-0.002943493,-0.023361743,-0.003416097,-0.003466051,-0.002129443,-0.002102373,-0.002119229,-0.018009577,-0.002706665,-0.00271221
-0.004806256,-0.004737961,-0.00455405,-0.034597167,-0.005903163,-0.009487496,-0.002647451,-0.002583232,-0.002608366,-0.024228533,-0.003549502,-0.00557207,-0.00206003,-0.002067715,-0.00209151,-0.019152407,-0.002656499,-0.004195108
-0.004805685,-0.004922847,-0.004828467,-0.032980047,-0.005510566,-0.007666394,-0.002849784,-0.002827532,-0.002824821,-0.022799464,-0.003257264,-0.004729065,-0.002141132,-0.002098115,-0.002103741,-0.018950786,-0.002539457,-0.003621869
-0.00477589,-0.004663477,-0.00475008,-0.033637199,-0.005892964,-0.005816476,-0.00290079,-0.002851338,-0.002865469,-0.023568069,-0.003532694,-0.003588242,-0.002108945,-0.002143928,-0.002198544,-0.018433732,-0.002607609,-0.002637675
-0.004696853,-0.004556098,-0.004699135,-0.035123697,-0.005953194,-0.006529529,-0.003013338,-0.00302426,-0.003091484,-0.024731946,-0.003668418,-0.003830493,-0.002355265,-0.002346647,-0.002343737,-0.019138492,-0.002816133,-0.002795894
-0.004882582,-0.004748822,-0.004822781,-0.038142242,-0.005758805,-0.008913769,-0.002763899,-0.002714256,-0.00275477,-0.025832473,-0.003254457,-0.004597361,-0.002063598,-0.002088065,-0.002037505,-0.020412459,-0.002482024,-0.003657657
-0.004592191,-0.004579872,-0.00449447,-0.038753209,-0.006192817,-0.006216705,-0.003096213,-0.002958112,-0.002924005,-0.02546111,-0.003819654,-0.003815662,-0.002242475,-0.002158537,-0.002149691,-0.020599062,-0.002699048,-0.002666007
-0.004629227,-0.004594722,-0.004532857,-0.035256521,-0.006033813,-0.007695212,-0.002890237,-0.002839511,-0.002864613,-0.025109076,-0.003513435,-0.004449991,-0.002063969,-0.002117892,-0.002115615,-0.020006005,-0.002601075,-0.003461657
-0.004448473,-0.004581919,-0.004535064,-0.037424456,-0.0058904,-0.005783169,-0.002782247,-0.002780179,-0.002762348,-0.024249667,-0.003334036,-0.003368153,-0.002080661,-0.002098552,-0.002071176,-0.018718793,-0.002597519,-0.002581339
-0.005199619,-0.005055449,-0.004932086,-0.033634354,-0.005240681,-0.005423252,-0.002710479,-0.002721283,-0.00271614,-0.022511607,-0.003433065,-0.003409565,-0.001961214,-0.001956954,-0.001897922,-0.017905583,-0.002613149,-0.002540454
-0.004043295,-0.004185856,-0.004110787,-0.034465391,-0.005565202,-0.005991344,-0.002618876,-0.002596487,-0.00256841,-0.02442075,-0.003519355,-0.003816853,-0.001859081,-0.001875495,-0.001859684,-0.018265526,-0.002593502,-0.002789269
-0.004250256,-0.004206461,-0.004294251,-0.034706274,-0.005776979,-0.005516789,-0.002926608,-0.002853675,-0.002772377,-0.023711551,-0.003613852,-0.003519623,-0.002180892,-0.002170574,-0.002171108,-0.018203989,-0.002809145,-0.002596932
-0.003919269,-0.003825532,-0.004005949,-0.03348999,-0.005443994,-0.005521629,-0.002729925,-0.002661933,-0.002752825,-0.023208085,-0.003235246,-0.003262071,-0.001939424,-0.001993442,-0.002022126,-0.018250201,-0.002483637,-0.002483049
-0.004349829,-0.004161697,-0.004000849,-0.03225349,-0.005240725,-0.006157628,-0.002572092,-0.002576829,-0.002577772,-0.022667264,-0.0033408,-0.003498843,-0.001899872,-0.001901718,-0.001903497,-0.017078213,-0.002553122,-0.002601219
-0.004215188,-0.00409391,-0.00401543,-0.033660275,-0.005238772,-0.005015314,-0.002479523,-0.002459141,-0.002500239,-0.023971018,-0.003331105,-0.003338952,-0.001917612,-0.001915967,-0.001923785,-0.018322507,-0.002477796,-0.002416228
-0.003661009,-0.003585917,-0.003595519,-0.03198082,-0.005301152,-0.005120006,-0.002619473,-0.002647759,-0.002561323,-0.022963877,-0.00333074,-0.003350343,-0.00187651,-0.001842596,-0.001819771,-0.017986589,-0.002644627,-0.002579995
-0.004457836,-0.004429541,-0.004389187,-0.031788548,-0.005449187,-0.006037254,-0.002628008,-0.002589267,-0.002607495,-0.022240802,-0.003364664,-0.00344173,-0.001894912,-0.001885137,-0.001881153,-0.017079544,-0.00246151,-0.002379613
-0.004335906,-0.004328396,-0.0044106,-0.031442922,-0.004926928,-0.004842757,-0.002602142,-0.002593195,-0.002608185,-0.021007779,-0.003272675,-0.003228871,-0.001858999,-0.001861908,-0.001850701,-0.016017913,-0.002528368,-0.002442009
-0.004362146,-0.004235032,-0.004226404,-0.032732969,-0.005592915,-0.006805158,-0.00267524,-0.00265139,-0.002654142,-0.021116623,-0.003110232,-0.004071892,-0.001881164,-0.001853838,-0.001873363,-0.016001142,-0.002303905,-0.003078078
-0.004398695,-0.004352178,-0.004318779,-0.027980427,-0.005772322,-0.005392839,-0.002460354,-0.002470095,-0.002477836,-0.020287548,-0.002992906,-0.002924589,-0.00180779,-0.00183573,-0.001807405,-0.015763672,-0.002358296,-0.002243141
-0.004034255,-0.003919225,-0.003971125,-0.030613629,-0.005294019,-0.00549516,-0.002355689,-0.002316366,-0.002343771,-0.019613168,-0.003175822,-0.003395194,-0.001779851,-0.001757873,-0.001813176,-0.01499345,-0.00237831,-0.002535669
-0.003942156,-0.003921126,-0.003930703,-0.027235037,-0.005198943,-0.005712719,-0.002471283,-0.002437084,-0.002486114,-0.019409406,-0.003014698,-0.003705064,-0.001706273,-0.001709274,-0.001726682,-0.014802824,-0.002284893,-0.002789435
-0.004096966,-0.004024745,-0.004033304,-0.027690798,-0.004979037,-0.004990982,-0.002570306,-0.002501168,-0.002502008,-0.018884581,-0.003069495,-0.003039206,-0.001687621,-0.001720169,-0.001775014,-0.014430037,-0.002432255,-0.002439942
-0.003570996,-0.003500879,-0.003503317,-0.025871452,-0.0054541,-0.005098002,-0.002375444,-0.002364935,-0.00236463,-0.018409174,-0.003163303,-0.003055474,-0.001702235,-0.001747467,-0.001826213,-0.014590975,-0.002350693,-0.002298953
-0.003947017,-0.003871863,-0.003857193,-0.025408489,-0.005513847,-0.005312491,-0.002273812,-0.002334238,-0.002305002,-0.018436037,-0.003143229,-0.003391698,-0.001661117,-0.001598191,-0.001619581,-0.013973688,-0.002268505,-0.002484076
-0.003676873,-0.003640879,-0.003513584,-0.024779026,-0.005570911,-0.005442767,-0.002367096,-0.002299729,-0.002233403,-0.017587127,-0.003203538,-0.003294864,-0.001655911,-0.00170265,-0.001723656,-0.013843709,-0.002358895,-0.002449801
-0.003531783,-0.003587462,-0.003666434,-0.026518575,-0.004826645,-0.005472198,-0.002329568,-0.002235746,-0.002258251,-0.01783303,-0.003060426,-0.003198868,-0.001550046,-0.001597231,-0.00165587,-0.014292522,-0.002132098,-0.002429891
-0.003703111,-0.003777608,-0.004035548,-0.027277308,-0.00459668,-0.004643,-0.002261497,-0.002222965,-0.002252675,-0.017221269,-0.002976917,-0.002969097,-0.001780445,-0.001769272,-0.001788614,-0.013872968,-0.002130886,-0.002146768
-0.00372422,-0.003726611,-0.003626848,-0.024904659,-0.005117455,-0.005151959,-0.002300505,-0.002309335,-0.00235842,-0.016575969,-0.002986065,-0.003077403,-0.001704455,-0.001695779,-0.001727809,-0.013797963,-0.002086156,-0.002312771
-0.004940522,-0.005287141,-0.005584557,-0.029416621,-0.006256404,-0.006558305,-0.003075359,-0.003067555,-0.003021044,-0.017743773,-0.003516193,-0.003603849,-0.002329687,-0.002397327,-0.00237041,-0.013949688,-0.002751075,-0.002715702
-0.005446282,-0.005340266,-0.005227063,-0.0251994,-0.005888289,-0.0060374,-0.003530555,-0.003398647,-0.003340223,-0.017455278,-0.003475416,-0.003421079,-0.002466526,-0.002425681,-0.002437338,-0.014057325,-0.002748,-0.002712802
-0.00511886,-0.005026549,-0.005008956,-0.024614885,-0.006659631,-0.006755803,-0.00344933,-0.00339236,-0.003363488,-0.017888978,-0.003742733,-0.003828235,-0.002444664,-0.002370783,-0.002377463,-0.014069628,-0.002875021,-0.002901696
-0.004694097,-0.004778894,-0.004933155,-0.027283857,-0.005250616,-0.005316489,-0.003162629,-0.003182566,-0.003121979,-0.01760447,-0.003409955,-0.003409453,-0.002104206,-0.002106624,-0.002061388,-0.013455424,-0.002588473,-0.002571988
-0.004476238,-0.004463375,-0.004461797,-0.024109512,-0.005922879,-0.007010363,-0.003067458,-0.003048632,-0.00301689,-0.015876394,-0.003508512,-0.004822911,-0.002247461,-0.002254538,-0.002276628,-0.012766819,-0.002628525,-0.003736271
-0.004658712,-0.004595089,-0.004596604,-0.023960827,-0.004969293,-0.005293982,-0.002946895,-0.002856074,-0.00288162,-0.01609223,-0.003430912,-0.003531547,-0.002187348,-0.002212005,-0.002160341,-0.013077472,-0.002547646,-0.002686865
-0.006601795,-0.006767634,-0.006926716,-0.027887751,-0.008774751,-0.011954418,-0.004171961,-0.004313694,-0.004309368,-0.017573708,-0.005494038,-0.008361077,-0.003233245,-0.003211781,-0.003308145,-0.014331418,-0.004198123,-0.005789621
-0.007138937,-0.006998016,-0.006992531,-0.025324192,-0.008552796,-0.011605054,-0.004593499,-0.004623665,-0.004579073,-0.016215168,-0.00535477,-0.007015342,-0.003360897,-0.003340119,-0.003343119,-0.012484133,-0.00398269,-0.005332919
-0.007313413,-0.007163919,-0.0072466,-0.023331255,-0.008846569,-0.010003327,-0.004298417,-0.004410462,-0.004296967,-0.016746143,-0.005602312,-0.006644273,-0.003259003,-0.003256901,-0.003333874,-0.013170613,-0.004251252,-0.005157752
-0.007127908,-0.007224823,-0.007214865,-0.023502228,-0.00929239,-0.009576249,-0.004888148,-0.004884449,-0.004886477,-0.017136371,-0.005552321,-0.006494432,-0.003701151,-0.003622713,-0.00353335,-0.013638614,-0.004182763,-0.005060642
-0.008953596,-0.009166282,-0.009170315,-0.025523341,-0.013714188,-0.013973251,-0.006066094,-0.006099659,-0.005996598,-0.01732601,-0.008598366,-0.008475481,-0.004109241,-0.004230531,-0.004194663,-0.013500063,-0.006648109,-0.006722354
-0.008704099,-0.008776999,-0.008786447,-0.025921739,-0.014237451,-0.014120165,-0.005757444,-0.00588031,-0.005816011,-0.016980235,-0.008846357,-0.008724931,-0.004071852,-0.004165487,-0.004089521,-0.013295603,-0.00682945,-0.006713102
-0.009338976,-0.009289169,-0.008692021,-0.024212448,-0.013601962,-0.013313185,-0.005888967,-0.005757242,-0.005793949,-0.016699297,-0.008574273,-0.008585058,-0.00419784,-0.004270474,-0.004111868,-0.013334362,-0.006721846,-0.006533374
-0.008057688,-0.007921674,-0.008209634,-0.025337299,-0.014023,-0.014184534,-0.005000498,-0.004863036,-0.004921638,-0.016445734,-0.008016616,-0.008062456,-0.003480409,-0.003457217,-0.003465292,-0.012840093,-0.006273113,-0.006327166
-0.008500625,-0.008449417,-0.008901838,-0.024525165,-0.012224979,-0.011880461,-0.005587644,-0.005624648,-0.005511055,-0.01641732,-0.007894233,-0.007862891,-0.003898495,-0.003911721,-0.003841667,-0.012396528,-0.006064029,-0.006138901
-0.008878555,-0.008663745,-0.008847516,-0.024943416,-0.013753152,-0.013428583,-0.005486127,-0.005572285,-0.005563797,-0.016188258,-0.007976692,-0.008360133,-0.00433377,-0.004324798,-0.004266944,-0.012264712,-0.00632329,-0.006241063
-0.00869747,-0.008601708,-0.008510871,-0.024239669,-0.012573792,-0.012683017,-0.005332783,-0.005201681,-0.005309071,-0.015737627,-0.007899585,-0.008146383,-0.004097897,-0.00408012,-0.003959571,-0.01260248,-0.006165479,-0.006260849
-0.00801337,-0.007821846,-0.00754975,-0.024920467,-0.012462707,-0.012786269,-0.004744206,-0.00470729,-0.004755059,-0.015962304,-0.0080525,-0.00790741,-0.003563982,-0.00359053,-0.00356377,-0.012664902,-0.006351599,-0.006344181
-0.008053065,-0.008069507,-0.007430004,-0.02439107,-0.012311141,-0.012247778,-0.004950503,-0.004920235,-0.004863065,-0.01588317,-0.008382844,-0.008345353,-0.003773925,-0.003641548,-0.003633939,-0.012720301,-0.006028129,-0.006103491
-0.007993954,-0.008082194,-0.008029585,-0.02210919,-0.012441354,-0.01187178,-0.004802019,-0.004716055,-0.004748822,-0.016299369,-0.008014678,-0.008216342,-0.003572772,-0.003587754,-0.003688767,-0.012424364,-0.006126374,-0.006318803
-0.007094839,-0.006975009,-0.007179323,-0.022033218,-0.010598063,-0.010650739,-0.004944237,-0.004850294,-0.004812752,-0.015613151,-0.007753357,-0.007532073,-0.003569669,-0.003590258,-0.0035728,-0.012499706,-0.005966425,-0.005855225
-0.006661425,-0.006833146,-0.007127696,-0.023359955,-0.012358521,-0.011653661,-0.004625998,-0.004647351,-0.004662137,-0.015814332,-0.007620435,-0.007574261,-0.003495001,-0.003416958,-0.003581956,-0.012039671,-0.00586911,-0.005778704
-0.006749432,-0.006655179,-0.006483253,-0.022314065,-0.011784809,-0.011800173,-0.004585355,-0.004588856,-0.004552478,-0.01563663,-0.007442736,-0.007516563,-0.003536913,-0.003515433,-0.003408696,-0.012121333,-0.005861957,-0.005956602
-0.007054362,-0.007019742,-0.007000416,-0.021050584,-0.010206627,-0.010620688,-0.004649234,-0.004627496,-0.004477143,-0.015095824,-0.006848302,-0.006956427,-0.003243636,-0.003283543,-0.003253119,-0.011799533,-0.005514592,-0.005595554
-0.007597223,-0.007221063,-0.006728086,-0.023766144,-0.011441372,-0.011311232,-0.004756509,-0.004765381,-0.0046391,-0.015482903,-0.007266728,-0.007169874,-0.003647468,-0.003507669,-0.003542565,-0.011508016,-0.005565532,-0.005530597
-0.007786667,-0.007624291,-0.0075675,-0.023004832,-0.011553677,-0.011983914,-0.004907909,-0.005021092,-0.004931782,-0.015679499,-0.007406072,-0.007270778,-0.003388565,-0.003420477,-0.003429001,-0.011248904,-0.005759737,-0.005617103
-0.007076161,-0.007155743,-0.006997362,-0.021872539,-0.011632309,-0.011666573,-0.004353486,-0.00443029,-0.004442231,-0.015692344,-0.007621989,-0.007617929,-0.003211012,-0.003294157,-0.003354179,-0.01254685,-0.005929116,-0.005894892
-0.008001937,-0.00817802,-0.008515091,-0.021869212,-0.011442569,-0.011808006,-0.005109275,-0.005181001,-0.005186072,-0.015558676,-0.008057323,-0.007960908,-0.00369432,-0.003695916,-0.003664812,-0.012245008,-0.006218392,-0.006162302
-0.006333957,-0.006381174,-0.006619387,-0.022983409,-0.011880939,-0.01248891,-0.004506227,-0.004492742,-0.004545759,-0.016049616,-0.008248141,-0.008536047,-0.003431144,-0.003504105,-0.003564541,-0.012727265,-0.006678248,-0.00671163
-0.007063029,-0.007305237,-0.007092874,-0.023809228,-0.012015564,-0.012583859,-0.005050367,-0.005018847,-0.004902425,-0.016000429,-0.008377471,-0.008489271,-0.00347262,-0.003442305,-0.003430793,-0.012453163,-0.006556299,-0.006562825
-0.006984924,-0.007110462,-0.007169134,-0.023781353,-0.012262593,-0.011826672,-0.004627054,-0.004558051,-0.004641728,-0.016454971,-0.008124027,-0.008110747,-0.00343949,-0.00339338,-0.003389477,-0.012926161,-0.006349238,-0.006436697
-0.006513657,-0.006766952,-0.006685415,-0.023025384,-0.01260311,-0.012430709,-0.004348925,-0.004309932,-0.004281322,-0.015904288,-0.008489407,-0.008507694,-0.003434095,-0.003404671,-0.003345594,-0.012847161,-0.006417272,-0.006533485
-0.006595091,-0.00646723,-0.006355176,-0.02293938,-0.011588383,-0.01137935,-0.004488688,-0.004351076,-0.004414392,-0.016105662,-0.007712958,-0.007562348,-0.00336941,-0.003299941,-0.003417385,-0.012765801,-0.006097921,-0.006134221
-0.007910787,-0.007992895,-0.0080439,-0.021640202,-0.011380004,-0.010926195,-0.004780298,-0.004870604,-0.004836181,-0.015671737,-0.008063949,-0.007848131,-0.003367135,-0.003380881,-0.003507396,-0.012023004,-0.006373905,-0.006325045
-0.00715308,-0.00706492,-0.006998911,-0.023194089,-0.012226505,-0.012095978,-0.004137174,-0.004145491,-0.004195174,-0.015599996,-0.007960788,-0.008256824,-0.003289503,-0.00322498,-0.003199168,-0.011772367,-0.005758965,-0.005755304
-0.007831193,-0.007881093,-0.007509808,-0.022324591,-0.010817405,-0.011210629,-0.004605727,-0.004589808,-0.004544843,-0.01548919,-0.007750232,-0.007865107,-0.00337673,-0.003359908,-0.003447191,-0.012962267,-0.006053641,-0.006149504
-0.00739996,-0.00710049,-0.00720559,-0.022494411,-0.012632298,-0.013207745,-0.004323128,-0.00437097,-0.004489406,-0.016042063,-0.007352161,-0.007738109,-0.003387519,-0.003397943,-0.003397039,-0.011782846,-0.005771702,-0.005764388
-0.006015474,-0.005838898,-0.006120951,-0.02311701,-0.011549409,-0.010334104,-0.004265277,-0.004194159,-0.004128199,-0.015145723,-0.007623599,-0.00761764,-0.003266418,-0.003177485,-0.003166443,-0.011833626,-0.006208229,-0.006067641
-0.007201628,-0.007316974,-0.007196657,-0.022497131,-0.012352322,-0.012477651,-0.005023484,-0.005032297,-0.005198515,-0.015847469,-0.008344018,-0.008383863,-0.00373059,-0.003792732,-0.003799426,-0.011707026,-0.006129718,-0.00602735
-0.008030791,-0.007917632,-0.007725938,-0.022286452,-0.011800261,-0.012080973,-0.004889903,-0.004991013,-0.004939313,-0.015613691,-0.00788234,-0.007910372,-0.003529601,-0.003471376,-0.003519469,-0.011602189,-0.00592355,-0.005804588
-0.008421785,-0.008235162,-0.008355124,-0.022100654,-0.011796394,-0.011151636,-0.004561887,-0.004611267,-0.004621401,-0.015086638,-0.007530002,-0.007665636,-0.003282742,-0.003366994,-0.003329512,-0.011315502,-0.005846671,-0.005926807
-0.006747917,-0.006682518,-0.006638115,-0.02050906,-0.011983934,-0.011863717,-0.004436637,-0.004404753,-0.00438023,-0.014996041,-0.007484021,-0.007783842,-0.003381019,-0.003382481,-0.003389424,-0.011627967,-0.005909066,-0.006059562
-0.007972302,-0.007841036,-0.007818826,-0.021382499,-0.0104064,-0.010393122,-0.004546762,-0.004590407,-0.004532224,-0.01454413,-0.007177339,-0.007391373,-0.003271919,-0.003327205,-0.003309474,-0.011441449,-0.005803101,-0.005737363
-0.00694795,-0.006913313,-0.006736185,-0.022116285,-0.010531493,-0.010156694,-0.004460511,-0.004465322,-0.004421293,-0.014584562,-0.007189723,-0.0072524,-0.003285048,-0.003289019,-0.003292414,-0.011111507,-0.005215481,-0.005225107
-0.005927745,-0.005845088,-0.005650563,-0.019136352,-0.01056321,-0.010533937,-0.003977441,-0.004043267,-0.004019332,-0.01491388,-0.007474044,-0.007262738,-0.003001117,-0.002992005,-0.003008701,-0.011518225,-0.005284541,-0.005572808
-0.006361875,-0.006443229,-0.006208403,-0.02038273,-0.010680329,-0.010892766,-0.004355335,-0.004232927,-0.004317599,-0.014169681,-0.007291027,-0.0072746,-0.003219901,-0.003212723,-0.003207427,-0.010987528,-0.005839963,-0.005775005
-0.006580549,-0.006555679,-0.006587355,-0.022781655,-0.01030279,-0.010641061,-0.004400438,-0.004340136,-0.004191823,-0.014702617,-0.007327253,-0.007317894,-0.003159771,-0.003108989,-0.00315252,-0.011093197,-0.005828831,-0.005699153
-0.00663391,-0.006680201,-0.00683776,-0.021962441,-0.011513864,-0.010598942,-0.004478318,-0.004384329,-0.00437244,-0.014841229,-0.007363514,-0.00748988,-0.003325494,-0.003400611,-0.003456139,-0.011377478,-0.00578705,-0.005639299
-0.00729529,-0.007292872,-0.007353054,-0.02341022,-0.012365106,-0.012357327,-0.004645514,-0.004607922,-0.004527822,-0.015864572,-0.007624028,-0.007599171,-0.003270425,-0.003191599,-0.003162743,-0.011957253,-0.005856073,-0.005910084
-0.00786495,-0.007701343,-0.00763817,-0.024266325,-0.011851201,-0.012095605,-0.00525606,-0.005145307,-0.005176967,-0.016402368,-0.00756602,-0.007693683,-0.004028683,-0.003886168,-0.00386166,-0.011728897,-0.005805555,-0.005888838
-0.00830044,-0.008553891,-0.008332014,-0.02416598,-0.011563155,-0.011234492,-0.005435907,-0.005504361,-0.00542463,-0.015754687,-0.007815392,-0.007632692,-0.003864753,-0.00392949,-0.00397816,-0.012011182,-0.005865206,-0.005841627
-0.008183872,-0.008175915,-0.008151706,-0.025409774,-0.011566481,-0.011629067,-0.005458691,-0.00535045,-0.00526058,-0.01700302,-0.007943683,-0.007807634,-0.003981228,-0.004024193,-0.004100089,-0.012844748,-0.006331792,-0.006146126
-0.007460169,-0.007260721,-0.007574598,-0.022807213,-0.010424922,-0.01061308,-0.004771834,-0.004763089,-0.004620071,-0.016590305,-0.007441678,-0.007314022,-0.003704471,-0.003611689,-0.003674027,-0.012437791,-0.005558022,-0.005603945
-0.00740218,-0.007373669,-0.007074997,-0.024031104,-0.010243483,-0.010628155,-0.004890602,-0.004895049,-0.004828847,-0.016753712,-0.00702358,-0.007107863,-0.003670516,-0.003724577,-0.003760784,-0.012820089,-0.005247828,-0.005523619
-0.008199667,-0.007883468,-0.008390057,-0.025692275,-0.012414853,-0.013314732,-0.005016881,-0.004967569,-0.005079305,-0.018663483,-0.007451878,-0.007379177,-0.003537805,-0.003600871,-0.00359292,-0.013768885,-0.005607183,-0.005819757
-0.007800367,-0.007803893,-0.00787098,-0.025341335,-0.011457339,-0.011568022,-0.004853096,-0.004945933,-0.00485596,-0.017211642,-0.006967431,-0.006944299,-0.003655454,-0.003640728,-0.003726236,-0.013050121,-0.005345984,-0.005360167
-0.007921099,-0.007914735,-0.007673763,-0.025147151,-0.010871497,-0.011286347,-0.005063158,-0.004945339,-0.005002816,-0.017127383,-0.006891107,-0.006768937,-0.003826321,-0.003887071,-0.003700194,-0.013001598,-0.005230734,-0.005306171
-0.007591781,-0.007645989,-0.007423403,-0.023656101,-0.011033695,-0.011125939,-0.005047493,-0.005035272,-0.004952625,-0.01642084,-0.006941421,-0.006838135,-0.003889364,-0.003826768,-0.003696573,-0.012733883,-0.005312664,-0.005268318
-0.007975291,-0.007753492,-0.007607773,-0.02467939,-0.010958644,-0.010619989,-0.004876533,-0.004889926,-0.004935033,-0.017445523,-0.007153881,-0.007074174,-0.00355256,-0.003567104,-0.003585565,-0.013776176,-0.005584684,-0.005409339
-0.007895169,-0.008053609,-0.008086709,-0.032448756,-0.011666566,-0.011508992,-0.005690715,-0.00545219,-0.005534751,-0.022082497,-0.007361393,-0.007455265,-0.003954803,-0.003898528,-0.003983363,-0.017056658,-0.005584692,-0.005489135
-0.008419343,-0.008581467,-0.008531579,-0.032924605,-0.01203938,-0.012491269,-0.005224443,-0.005295124,-0.005127921,-0.021343484,-0.007684788,-0.007752708,-0.003617168,-0.003699381,-0.003768244,-0.016208238,-0.005360259,-0.005332482
-0.008595686,-0.008525655,-0.008523928,-0.031955118,-0.012340762,-0.012583234,-0.005274181,-0.005328913,-0.005431484,-0.020737677,-0.007717875,-0.008120433,-0.004004576,-0.003993496,-0.003998307,-0.01584842,-0.005747082,-0.005927459
-0.007546975,-0.007694425,-0.00750135,-0.03229814,-0.011024605,-0.014495318,-0.004747873,-0.004678631,-0.004716252,-0.021939656,-0.00714707,-0.009658428,-0.003396915,-0.003380599,-0.003411835,-0.016546434,-0.005565282,-0.007141752
-0.008162174,-0.007772505,-0.007385917,-0.030247961,-0.011982015,-0.011221989,-0.005012025,-0.005030328,-0.004980291,-0.021132608,-0.006967492,-0.007374628,-0.003573271,-0.003609806,-0.003617892,-0.016597567,-0.005192371,-0.005553435
-0.008179838,-0.008093118,-0.007904095,-0.032490728,-0.011024869,-0.011662064,-0.004752221,-0.004798401,-0.004895216,-0.021087769,-0.006632495,-0.008869437,-0.003459635,-0.003392553,-0.003336694,-0.01595284,-0.005023897,-0.006057459
-0.008151176,-0.008475684,-0.008279874,-0.029534866,-0.012209664,-0.012569661,-0.00463821,-0.004688813,-0.004626632,-0.021199529,-0.006341603,-0.007639406,-0.003419649,-0.003389137,-0.003445358,-0.015788203,-0.005038858,-0.005794608
-0.009955836,-0.009999872,-0.009946611,-0.028848145,-0.013806268,-0.013718258,-0.005886997,-0.005980448,-0.005814215,-0.01998683,-0.009640747,-0.009558012,-0.004236362,-0.004204905,-0.004214259,-0.015339937,-0.007634466,-0.007582848
-0.008070878,-0.007969102,-0.008204421,-0.028045052,-0.014779104,-0.014954667,-0.005711089,-0.005769057,-0.005736555,-0.020753111,-0.009392447,-0.009649118,-0.004525733,-0.004388364,-0.004367905,-0.015428619,-0.007087952,-0.007060584
-0.009545285,-0.009230519,-0.00913259,-0.032687457,-0.014699514,-0.015512741,-0.006387779,-0.006471057,-0.006267252,-0.024695414,-0.01006642,-0.010303316,-0.004665904,-0.004502197,-0.004590885,-0.017285658,-0.007383431,-0.007379774
-0.009538374,-0.00945545,-0.00947475,-0.033531889,-0.014291432,-0.014376555,-0.005863997,-0.005849286,-0.005854862,-0.024628618,-0.009530508,-0.009531017,-0.004187182,-0.004250129,-0.004118445,-0.01898993,-0.006958551,-0.007494104
-0.009905823,-0.009960777,-0.010033218,-0.037552883,-0.013938512,-0.014472325,-0.006349439,-0.006362214,-0.006293803,-0.022708993,-0.009265124,-0.009337058,-0.004705144,-0.004720771,-0.004665634,-0.016805426,-0.007008823,-0.007198323
-0.009772281,-0.009450377,-0.009491468,-0.036013725,-0.013290485,-0.013294968,-0.006745316,-0.006466095,-0.00658816,-0.023196248,-0.009074507,-0.009076418,-0.004739644,-0.004792538,-0.004833578,-0.016974285,-0.007091919,-0.007105646
-0.009395969,-0.009270954,-0.00958505,-0.032932301,-0.014608435,-0.014615824,-0.006733742,-0.006619214,-0.006583404,-0.023118859,-0.010370483,-0.010281707,-0.004818066,-0.004650387,-0.004751599,-0.017347408,-0.007813427,-0.007720377
-0.010123492,-0.010070474,-0.009839128,-0.036657872,-0.014638923,-0.014591333,-0.006543574,-0.006478731,-0.006320473,-0.02242589,-0.009692397,-0.009836505,-0.004543011,-0.004481342,-0.004501686,-0.01657048,-0.007161037,-0.007326735
-0.011103509,-0.010960864,-0.010989307,-0.032495751,-0.015944685,-0.016985027,-0.007165219,-0.007102987,-0.00711365,-0.021987166,-0.011161889,-0.011939836,-0.005171575,-0.005241623,-0.005281801,-0.016801236,-0.008408913,-0.009210427
-0.010932976,-0.010949973,-0.011085977,-0.033199116,-0.015168882,-0.015238868,-0.00644716,-0.006291314,-0.006576506,-0.022167289,-0.010241667,-0.010258629,-0.004744789,-0.004849981,-0.004883219,-0.017880695,-0.0078941,-0.007861196
-0.010568472,-0.010701494,-0.010201275,-0.031600131,-0.017674782,-0.016636233,-0.007164844,-0.007142595,-0.007234069,-0.022059488,-0.011008275,-0.010674773,-0.005167759,-0.005117634,-0.005241643,-0.016563617,-0.008599405,-0.008542649
-0.01043786,-0.010248468,-0.010322818,-0.031654315,-0.017113951,-0.016509235,-0.007311236,-0.007449585,-0.007358546,-0.021025369,-0.010289254,-0.010158824,-0.005660824,-0.005701112,-0.005592366,-0.016542829,-0.008456746,-0.008331212
-0.009760048,-0.009509488,-0.009485289,-0.028838931,-0.015928629,-0.015908523,-0.006727948,-0.006847209,-0.006860319,-0.021000882,-0.011272912,-0.011305435,-0.00500082,-0.005026058,-0.005064727,-0.016281077,-0.008172839,-0.008394251
-0.011046111,-0.010553201,-0.010198011,-0.029455536,-0.016130776,-0.015694454,-0.006972326,-0.006863582,-0.006752505,-0.021801349,-0.010838585,-0.010844237,-0.005266506,-0.005256384,-0.005344842,-0.016261712,-0.008293544,-0.008457847
-0.011628746,-0.01167737,-0.011506277,-0.030253406,-0.015831891,-0.01510359,-0.006690579,-0.006592037,-0.006536947,-0.02127705,-0.010191551,-0.010418848,-0.005069011,-0.005046067,-0.005158297,-0.016755967,-0.007879555,-0.008099907
-0.011740203,-0.01186688,-0.011541819,-0.030412456,-0.016356618,-0.015777327,-0.006894828,-0.006774999,-0.006674315,-0.020520166,-0.010847354,-0.011063437,-0.004941262,-0.005000801,-0.005077022,-0.015796754,-0.008249354,-0.008130048
-0.010336827,-0.010503867,-0.010131487,-0.029053055,-0.015991951,-0.015994022,-0.006411847,-0.006437569,-0.00634804,-0.019690203,-0.010144748,-0.00977319,-0.004724541,-0.004887707,-0.004604789,-0.015536817,-0.007756685,-0.007627776
-0.0109167,-0.01059786,-0.010306272,-0.030971944,-0.014937401,-0.015974809,-0.007297864,-0.007106457,-0.006815935,-0.021836838,-0.010335676,-0.010990548,-0.005128214,-0.005141561,-0.004934876,-0.016829608,-0.008159101,-0.008664098
-0.011191256,-0.010931786,-0.010745609,-0.032371029,-0.016708086,-0.015862507,-0.007596933,-0.007211518,-0.007297476,-0.022683195,-0.010247201,-0.010610703,-0.00542941,-0.00553826,-0.005497611,-0.018127027,-0.008042134,-0.008296132
-0.011223016,-0.011011387,-0.010821771,-0.030145448,-0.015066421,-0.016206933,-0.007666243,-0.007529793,-0.007444611,-0.020820516,-0.009985436,-0.010001044,-0.004968225,-0.005006624,-0.005081622,-0.016618113,-0.007129903,-0.007201498
-0.012132085,-0.011955179,-0.01240691,-0.030227929,-0.013866573,-0.014153753,-0.00637689,-0.006344647,-0.006450989,-0.020638139,-0.009478424,-0.009557349,-0.004523208,-0.004546332,-0.004644257,-0.016208202,-0.007156211,-0.007259386
-0.011003941,-0.011508917,-0.011396915,-0.030808594,-0.014409823,-0.014551748,-0.006095532,-0.006080273,-0.006078297,-0.021659452,-0.010121199,-0.010024289,-0.004728433,-0.00466738,-0.004810593,-0.016062256,-0.007283664,-0.007269577
-0.009547963,-0.009242123,-0.009272512,-0.030194027,-0.01375577,-0.014041272,-0.006518563,-0.006454309,-0.006339474,-0.021376145,-0.009592101,-0.009440739,-0.004496981,-0.004427609,-0.004421824,-0.015348359,-0.007596026,-0.007211077
-0.011507907,-0.011516244,-0.011318682,-0.031821848,-0.014962413,-0.014878534,-0.006008748,-0.00588915,-0.005781091,-0.022024213,-0.009114075,-0.009220124,-0.00426381,-0.004288389,-0.004257354,-0.016237481,-0.007369894,-0.007198468
-0.009767277,-0.009640985,-0.009286009,-0.032315813,-0.015341629,-0.016722567,-0.005669459,-0.005681104,-0.005635036,-0.021926806,-0.009060553,-0.008996895,-0.004221071,-0.00410482,-0.004164932,-0.016781217,-0.007174082,-0.007321951
-0.010082878,-0.009867935,-0.010008352,-0.031482306,-0.013957053,-0.014446652,-0.006029792,-0.006021657,-0.006080126,-0.021524261,-0.009213041,-0.009702238,-0.004410741,-0.004501432,-0.004447806,-0.01625363,-0.006947285,-0.00714351
-0.008987624,-0.009017666,-0.009273525,-0.030608082,-0.014147188,-0.014027496,-0.005965942,-0.005884945,-0.005775434,-0.022036273,-0.009042177,-0.008980829,-0.004141278,-0.003988807,-0.004064041,-0.016757133,-0.00707553,-0.007088734
-0.009276835,-0.009305411,-0.009445699,-0.030987621,-0.014141615,-0.014057093,-0.006356954,-0.006298199,-0.006318253,-0.019579386,-0.009165319,-0.009136506,-0.004680189,-0.004667793,-0.004682337,-0.015423149,-0.007142348,-0.007158297
-0.008732971,-0.008598098,-0.008556849,-0.029381014,-0.014130949,-0.01418921,-0.006261039,-0.006302638,-0.006201744,-0.021121927,-0.009416883,-0.009581748,-0.004504638,-0.004521523,-0.004586705,-0.01568847,-0.00718152,-0.007242847
-0.008685839,-0.008563239,-0.008721352,-0.029978881,-0.013142116,-0.012651682,-0.005747863,-0.005805069,-0.005930881,-0.020701401,-0.009117086,-0.008730415,-0.00433017,-0.004193539,-0.004353818,-0.015623716,-0.006655145,-0.006658083
-0.009236254,-0.009314731,-0.009695062,-0.02804688,-0.012799475,-0.012116085,-0.005902637,-0.005905882,-0.00594456,-0.019876946,-0.008583218,-0.008530433,-0.004448511,-0.00443499,-0.00446851,-0.015452507,-0.007015124,-0.006898664
-0.00802653,-0.008066401,-0.008039389,-0.029246964,-0.014029338,-0.013361612,-0.005389577,-0.005299363,-0.005327186,-0.01994369,-0.008431309,-0.008275128,-0.004041848,-0.004050896,-0.004070454,-0.014861001,-0.006500672,-0.006374067
-0.009119096,-0.008956043,-0.009279935,-0.028145064,-0.014705286,-0.018295906,-0.005429119,-0.005461995,-0.005551983,-0.021556886,-0.007749238,-0.010065616,-0.003721177,-0.003881184,-0.003926371,-0.016677516,-0.00595925,-0.007466308
-0.009795195,-0.009833519,-0.009811282,-0.028582167,-0.013705291,-0.013993278,-0.005726519,-0.005811661,-0.005758988,-0.02010637,-0.008437519,-0.009227639,-0.00417587,-0.004186367,-0.004285463,-0.016194791,-0.006074593,-0.006944445
-0.008395904,-0.0085763,-0.008380401,-0.028374813,-0.013827023,-0.013428161,-0.005744938,-0.005620795,-0.00546255,-0.021198849,-0.007972841,-0.008223911,-0.004087913,-0.004038847,-0.003891509,-0.015906976,-0.006369403,-0.006344558
-0.008820887,-0.008532472,-0.008456274,-0.030483403,-0.011008339,-0.011035012,-0.005368618,-0.005274218,-0.005166476,-0.02096669,-0.007692554,-0.007837713,-0.00362571,-0.003568397,-0.003545644,-0.016229784,-0.00577797,-0.006142616
-0.009550511,-0.009174233,-0.009013909,-0.030253682,-0.015905805,-0.016286013,-0.005860002,-0.00581832,-0.005742564,-0.02031273,-0.008179626,-0.008172692,-0.004308731,-0.004117611,-0.004140162,-0.016617972,-0.006059335,-0.006518962
-0.009722181,-0.009668726,-0.009614798,-0.029107939,-0.013726254,-0.014438255,-0.006111369,-0.006139286,-0.006098831,-0.020782377,-0.00859998,-0.009100299,-0.004482524,-0.004425163,-0.004499417,-0.016671731,-0.006737634,-0.006941968
-0.009989926,-0.009899233,-0.010491009,-0.031385562,-0.016530565,-0.016472857,-0.00578121,-0.005701165,-0.005729857,-0.02068269,-0.009109052,-0.010661551,-0.004549039,-0.004415437,-0.004585733,-0.016789741,-0.006435197,-0.007826764
-0.009625535,-0.009759848,-0.009864404,-0.040465299,-0.014787971,-0.014864732,-0.006202915,-0.006256387,-0.006115608,-0.025696832,-0.009085724,-0.009015179,-0.004551735,-0.004651652,-0.004507294,-0.019400929,-0.006573168,-0.006509154
-0.008689288,-0.008801472,-0.008779479,-0.039391501,-0.013583283,-0.012770911,-0.005898567,-0.005812335,-0.00590665,-0.027783546,-0.008550681,-0.008974536,-0.003862126,-0.003848172,-0.003920534,-0.020222075,-0.00604835,-0.006714418
-0.009352277,-0.009334053,-0.009332692,-0.037247207,-0.016561408,-0.016792271,-0.006063649,-0.00606495,-0.006053609,-0.024260449,-0.009372977,-0.009336109,-0.004517376,-0.004598317,-0.004552937,-0.018353419,-0.00692321,-0.006592421
-0.009926189,-0.010180915,-0.010266494,-0.032718604,-0.016271179,-0.016260395,-0.006479923,-0.006556546,-0.00655737,-0.025105915,-0.009502967,-0.009586838,-0.004734821,-0.004665524,-0.004702945,-0.019275571,-0.007029462,-0.007040675
-0.011066072,-0.011048208,-0.011118673,-0.03471558,-0.016520104,-0.016519825,-0.00671817,-0.006850126,-0.006809959,-0.025624362,-0.009485473,-0.009732175,-0.004875213,-0.004899628,-0.004877084,-0.020818858,-0.007070057,-0.007261686
-0.009549636,-0.009505966,-0.009763371,-0.033224305,-0.01328054,-0.01540656,-0.005919564,-0.006002789,-0.006077307,-0.024380365,-0.009013859,-0.009662062,-0.004213732,-0.004284969,-0.004221879,-0.020188475,-0.006855897,-0.007629833
-0.009829882,-0.009473762,-0.009662369,-0.032330375,-0.014122934,-0.016077676,-0.006319884,-0.006274111,-0.00622575,-0.024142866,-0.008269234,-0.009953977,-0.004449732,-0.004374155,-0.004395503,-0.019122613,-0.006246652,-0.00786794
-0.008978134,-0.008888718,-0.009021965,-0.03248814,-0.01362866,-0.016182642,-0.00588002,-0.005816802,-0.005931449,-0.023860164,-0.008168284,-0.008792229,-0.00432755,-0.004343561,-0.004242356,-0.018121217,-0.00603985,-0.006971014
-0.009273122,-0.009323479,-0.009146356,-0.030458863,-0.013449437,-0.014765001,-0.00559641,-0.005516969,-0.005737995,-0.022879206,-0.00897854,-0.010049243,-0.004305948,-0.004280634,-0.004210696,-0.018114383,-0.006681858,-0.008054475
-0.00969882,-0.009854015,-0.009812279,-0.031550493,-0.014743991,-0.016141536,-0.005966963,-0.005951693,-0.00586329,-0.021266942,-0.009313879,-0.011133232,-0.004429754,-0.004367793,-0.004407422,-0.01693009,-0.006945354,-0.008457544
-0.009445228,-0.009185277,-0.009094286,-0.030498065,-0.014049642,-0.015299919,-0.00621476,-0.006299875,-0.006086614,-0.020700244,-0.008937354,-0.010068581,-0.004594343,-0.004545097,-0.004511867,-0.016650751,-0.006546426,-0.007619004
-0.008404995,-0.008237091,-0.008132812,-0.030593324,-0.015160923,-0.01512689,-0.005241313,-0.005247944,-0.005230191,-0.020470109,-0.007599827,-0.007668926,-0.003774565,-0.003815293,-0.003768024,-0.016648883,-0.005757682,-0.005692261
-0.00858972,-0.008979019,-0.00854391,-0.029557296,-0.014907389,-0.014282608,-0.005598245,-0.005541801,-0.005578804,-0.020509701,-0.008365291,-0.009252802,-0.004036442,-0.004027306,-0.004096398,-0.0159103,-0.006763949,-0.007046481
-0.008205876,-0.008599312,-0.008594411,-0.030920372,-0.011431746,-0.012502729,-0.005277993,-0.005456797,-0.005392516,-0.019568372,-0.007289979,-0.008506991,-0.00389922,-0.003846123,-0.003855966,-0.015636151,-0.00579702,-0.006715033
-0.009111915,-0.008767388,-0.008860884,-0.027607627,-0.011715347,-0.011536459,-0.00540902,-0.005469434,-0.005485793,-0.020011158,-0.007460494,-0.007482029,-0.004170557,-0.004197859,-0.004059784,-0.015370191,-0.005722689,-0.005586779
-0.008545962,-0.008577741,-0.008541892,-0.028498198,-0.013285599,-0.014101381,-0.005755192,-0.005626482,-0.005605749,-0.020252973,-0.008211786,-0.00883602,-0.004015926,-0.003991098,-0.003973223,-0.015728334,-0.006262787,-0.006815975
-0.007466952,-0.007757706,-0.007571626,-0.033754532,-0.011489842,-0.014263026,-0.005119262,-0.005243432,-0.005207357,-0.021389909,-0.008029034,-0.009230163,-0.00376249,-0.003902202,-0.003901029,-0.016583817,-0.006382652,-0.007367095
-0.007610702,-0.007687071,-0.007634136,-0.029994286,-0.011439222,-0.011395868,-0.005002708,-0.004993975,-0.005056072,-0.019920815,-0.007885855,-0.007748362,-0.003916108,-0.003938992,-0.00393266,-0.015995457,-0.005954464,-0.005965715
-0.009511454,-0.009238956,-0.009119823,-0.025282555,-0.0113713,-0.01390817,-0.00534577,-0.005359907,-0.005475577,-0.017814001,-0.008298826,-0.008879927,-0.00427292,-0.004319467,-0.004249811,-0.014318681,-0.006382595,-0.006829736
-0.007764185,-0.007737603,-0.007453952,-0.024174883,-0.011590595,-0.012261905,-0.005374026,-0.005367686,-0.005449151,-0.01720057,-0.007584119,-0.007930692,-0.003855093,-0.003881511,-0.003931124,-0.013890688,-0.005663886,-0.005934945
-0.007936392,-0.007896622,-0.007839275,-0.026619409,-0.01273931,-0.016026183,-0.005317764,-0.005147521,-0.005187823,-0.01784568,-0.008514504,-0.008745155,-0.00409984,-0.004118465,-0.004078564,-0.014421812,-0.006488188,-0.006846215
-0.008789897,-0.00849829,-0.008583927,-0.027656877,-0.012340918,-0.012541004,-0.005059201,-0.004939628,-0.004932685,-0.017456212,-0.008243064,-0.008866672,-0.003790504,-0.003838276,-0.003847568,-0.013876964,-0.00638764,-0.006389671
-0.00795868,-0.00832506,-0.008201697,-0.025493718,-0.012426194,-0.013187624,-0.005760542,-0.005610385,-0.005565501,-0.01782182,-0.00834493,-0.008429806,-0.004064123,-0.004127046,-0.004144649,-0.013950427,-0.006184067,-0.006309312
-0.007793499,-0.007668786,-0.007622763,-0.025949776,-0.011839915,-0.011309832,-0.004792151,-0.004935125,-0.004826846,-0.018114206,-0.007958359,-0.007623302,-0.003652882,-0.00352853,-0.003564289,-0.014156293,-0.006290894,-0.006255619
-0.007309425,-0.007365563,-0.007263825,-0.024255663,-0.012105017,-0.01215565,-0.00510205,-0.005057013,-0.005053071,-0.017992943,-0.008372369,-0.008402947,-0.003802917,-0.00374966,-0.003684683,-0.013976747,-0.006492553,-0.006306983
-0.008063792,-0.008327449,-0.008470913,-0.027267976,-0.012320335,-0.011930156,-0.005131149,-0.004997746,-0.005027982,-0.019303192,-0.008241375,-0.008285238,-0.003848967,-0.0038039,-0.003829808,-0.014810961,-0.00669201,-0.00667619
-0.008623928,-0.008242524,-0.008376925,-0.026025748,-0.012532149,-0.012680261,-0.004712555,-0.004632823,-0.004704625,-0.018292464,-0.00817868,-0.008271908,-0.003498206,-0.003495408,-0.003584995,-0.014375429,-0.006262498,-0.006514271
-0.008515227,-0.008834374,-0.00886674,-0.025567681,-0.012096477,-0.013165965,-0.005087566,-0.005225063,-0.005086133,-0.017696802,-0.007669989,-0.007895942,-0.003779548,-0.003770778,-0.003721458,-0.014025326,-0.006089792,-0.006181558
-0.008476744,-0.008693657,-0.008517066,-0.024601711,-0.013274558,-0.013005059,-0.00559602,-0.005447955,-0.005493568,-0.017150824,-0.007958321,-0.008229109,-0.004018826,-0.004069447,-0.004115573,-0.013860433,-0.00644531,-0.006404525
-0.007777296,-0.007539791,-0.007648851,-0.023936983,-0.012594449,-0.011797003,-0.00508742,-0.004936001,-0.004968804,-0.017756133,-0.00791761,-0.008186946,-0.003823086,-0.003736062,-0.003668486,-0.013561383,-0.006373508,-0.006328283
-0.008867117,-0.008884924,-0.008652312,-0.028203576,-0.011062509,-0.011761249,-0.004786429,-0.004847398,-0.004827892,-0.017602876,-0.007593004,-0.008070246,-0.003773027,-0.00374052,-0.003587004,-0.014020194,-0.005980844,-0.006323115
-0.008049782,-0.008102639,-0.007888508,-0.025967673,-0.010567984,-0.010812871,-0.005303176,-0.005256527,-0.005211327,-0.017146941,-0.007461631,-0.007834192,-0.003868036,-0.003846932,-0.003800678,-0.014009301,-0.005978503,-0.006139288
-0.006512261,-0.006491287,-0.006570573,-0.02635129,-0.010285192,-0.010267692,-0.004616138,-0.00459929,-0.004556024,-0.018536481,-0.007325726,-0.007353606,-0.00361735,-0.003589261,-0.003497569,-0.013701198,-0.005812886,-0.005860397
-0.00695447,-0.007205281,-0.006746134,-0.025391973,-0.01158291,-0.011501885,-0.004705315,-0.004617254,-0.004438196,-0.017855294,-0.007382042,-0.007521546,-0.003341971,-0.003338308,-0.003275336,-0.014281289,-0.005846151,-0.005833445
-0.006658103,-0.006794721,-0.007103349,-0.025477273,-0.012402628,-0.012264431,-0.004654595,-0.004684292,-0.004661953,-0.01710979,-0.007910089,-0.007992295,-0.003475128,-0.003554052,-0.003514171,-0.013146339,-0.005728533,-0.006182226
-0.00724261,-0.007106252,-0.007051983,-0.024439695,-0.010001007,-0.011115635,-0.004981806,-0.004995936,-0.004878741,-0.01691661,-0.007402607,-0.007850891,-0.003886442,-0.003876606,-0.003832997,-0.013409821,-0.005707919,-0.005940702
-0.006478562,-0.006475504,-0.006650796,-0.024405017,-0.010108489,-0.010096111,-0.00437592,-0.004338388,-0.004327207,-0.016921701,-0.006966865,-0.007117726,-0.003375059,-0.0032492,-0.003146634,-0.013027133,-0.005393897,-0.005715718
-0.006341915,-0.005976214,-0.006121475,-0.026390717,-0.011121456,-0.01119063,-0.00387258,-0.003817349,-0.003906593,-0.018259973,-0.007309574,-0.007256135,-0.002760368,-0.002826886,-0.002846187,-0.01411168,-0.00561054,-0.005608817
-0.006965082,-0.007023484,-0.006700427,-0.02400521,-0.009712881,-0.009940424,-0.004391004,-0.004457642,-0.004463359,-0.018212231,-0.006959344,-0.006856172,-0.003135153,-0.003064781,-0.003030434,-0.013620963,-0.005638905,-0.005468846
-0.00792915,-0.007947181,-0.00748509,-0.028194104,-0.010842986,-0.010950074,-0.004828791,-0.004806049,-0.004685908,-0.01738521,-0.00691867,-0.007297209,-0.003595702,-0.003538444,-0.003406469,-0.013440601,-0.005421781,-0.005706431
-0.006961288,-0.006843716,-0.006849533,-0.026871468,-0.011681309,-0.011350078,-0.004444532,-0.00445694,-0.004494632,-0.017693916,-0.00674393,-0.006756067,-0.00323407,-0.003206757,-0.003219372,-0.013436868,-0.005273943,-0.00517082
-0.007500246,-0.007292651,-0.007118328,-0.026550799,-0.011993945,-0.011265387,-0.005071029,-0.00502039,-0.005002864,-0.016710651,-0.007784732,-0.007577621,-0.003817226,-0.003804572,-0.003769351,-0.013195067,-0.006006502,-0.006032318
-0.007157121,-0.006912749,-0.006936346,-0.024791314,-0.010091577,-0.010851343,-0.004854465,-0.004759013,-0.004632526,-0.01824763,-0.007114032,-0.007048291,-0.003388247,-0.003405233,-0.0033671,-0.014034593,-0.005665535,-0.005549045
-0.007043917,-0.006835123,-0.006770864,-0.024661698,-0.009783935,-0.0100751,-0.004370013,-0.004318453,-0.004280131,-0.017306383,-0.006794395,-0.006727908,-0.003351159,-0.00335864,-0.003359503,-0.013552858,-0.005456273,-0.005636207
-0.008292874,-0.008195873,-0.008340567,-0.028419585,-0.015274622,-0.013323056,-0.005341094,-0.005269257,-0.005414764,-0.017182595,-0.008615021,-0.008878038,-0.003879363,-0.003872398,-0.003823066,-0.013368927,-0.006678922,-0.006537761
-0.00894209,-0.00905015,-0.009047484,-0.026960798,-0.011624218,-0.012358896,-0.005373717,-0.005297644,-0.005262573,-0.017653057,-0.008518072,-0.008538717,-0.003903888,-0.003846389,-0.003947827,-0.013702247,-0.006435328,-0.00667836
-0.007611378,-0.007496375,-0.007171297,-0.02514961,-0.011832833,-0.012547952,-0.004736457,-0.004686754,-0.004670974,-0.017288428,-0.007855788,-0.008303422,-0.003504442,-0.00350099,-0.003565732,-0.013933018,-0.006486972,-0.006306068
-0.007820516,-0.007255567,-0.007084078,-0.024276293,-0.012551169,-0.013816028,-0.004840926,-0.00498568,-0.004871195,-0.016223158,-0.008758075,-0.008976251,-0.003705152,-0.00366024,-0.003648526,-0.013220772,-0.006559385,-0.006963188
-0.006757196,-0.006773191,-0.006690027,-0.02311046,-0.012465084,-0.013481762,-0.004436483,-0.004462808,-0.004481673,-0.016430343,-0.00798552,-0.008572299,-0.003281955,-0.003285338,-0.003351994,-0.012838558,-0.005908488,-0.006537874
-0.007504421,-0.00733228,-0.007302353,-0.023623986,-0.011983827,-0.011652821,-0.004361459,-0.004275358,-0.004301321,-0.016262326,-0.008068981,-0.007893564,-0.00327415,-0.003249899,-0.003292824,-0.012753767,-0.00559649,-0.006007958
-0.006521288,-0.006434797,-0.006546639,-0.023660879,-0.012971283,-0.011449072,-0.004416916,-0.004344356,-0.004248099,-0.015374909,-0.007122008,-0.007584372,-0.003131345,-0.003146629,-0.003203721,-0.012603157,-0.005475804,-0.005684522
-0.00693685,-0.006764246,-0.006674885,-0.022459332,-0.01203741,-0.01090015,-0.004619851,-0.004487207,-0.004583794,-0.015523389,-0.007200075,-0.007522847,-0.003180386,-0.003196954,-0.003183721,-0.011933785,-0.005348916,-0.005726594
-0.00685393,-0.006855654,-0.006849892,-0.022405559,-0.012117237,-0.012078393,-0.004608524,-0.004646039,-0.004726532,-0.015220709,-0.007263554,-0.007951924,-0.003471419,-0.003454123,-0.003428007,-0.012056338,-0.00569406,-0.006317932
-0.006601667,-0.0063585,-0.006302403,-0.022891739,-0.012182098,-0.011485478,-0.004649297,-0.004472809,-0.004474602,-0.015232193,-0.007368575,-0.00723934,-0.003301129,-0.003177585,-0.003160033,-0.011911442,-0.00563329,-0.005830759
-0.007432589,-0.007110791,-0.007232587,-0.021422992,-0.01065218,-0.011365787,-0.004410782,-0.004445344,-0.004440506,-0.015442658,-0.006872455,-0.007242877,-0.003401082,-0.003377724,-0.003372924,-0.011860882,-0.005462409,-0.005440088
-0.007134036,-0.006872733,-0.007160528,-0.022286569,-0.010775835,-0.010771506,-0.004589146,-0.004541261,-0.004482686,-0.015458266,-0.007424368,-0.007912838,-0.003543144,-0.003546724,-0.003564491,-0.012068457,-0.005908092,-0.006096256
-0.007040572,-0.00681902,-0.00654475,-0.019830044,-0.01021602,-0.011269125,-0.004618807,-0.004621298,-0.004638543,-0.01499722,-0.007329761,-0.007694297,-0.003619096,-0.003565147,-0.003713011,-0.011772653,-0.005736506,-0.005835177
-0.007222412,-0.007026223,-0.007149357,-0.022050888,-0.011023115,-0.010839307,-0.004428411,-0.004380684,-0.004486084,-0.015140225,-0.006837373,-0.006958428,-0.003369673,-0.003442198,-0.003303011,-0.011983495,-0.005620966,-0.005544211
-0.00660697,-0.006323822,-0.006438553,-0.021178054,-0.011181077,-0.0107399,-0.004623619,-0.004614195,-0.004734034,-0.014897902,-0.006978593,-0.006990059,-0.003402121,-0.003432113,-0.00351395,-0.011653233,-0.005472398,-0.005461147
-0.00654279,-0.006631677,-0.006628507,-0.020264393,-0.01093561,-0.010675882,-0.004247163,-0.004376533,-0.00442831,-0.01493579,-0.00687465,-0.007074632,-0.003371118,-0.003368403,-0.003375744,-0.011468643,-0.005457166,-0.005188463
-0.006791321,-0.006907491,-0.00711369,-0.019613701,-0.010367951,-0.010273565,-0.004524999,-0.0045195,-0.004444968,-0.01426779,-0.006726841,-0.006623205,-0.003497353,-0.003509508,-0.003464058,-0.011366545,-0.005231474,-0.005313011
-0.006945273,-0.006718013,-0.006498695,-0.0212472,-0.009438385,-0.00944678,-0.004532756,-0.004429556,-0.004214747,-0.014431882,-0.006413301,-0.006439447,-0.003060841,-0.003030885,-0.003091878,-0.011199271,-0.004960065,-0.00503554
-0.007425516,-0.007221877,-0.007226638,-0.020432255,-0.009714691,-0.010308477,-0.0046682,-0.004684412,-0.004728237,-0.014596949,-0.006201478,-0.006456644,-0.003719088,-0.003568822,-0.003531028,-0.011046402,-0.005277789,-0.005077825
-0.007325671,-0.007015442,-0.006836278,-0.021815111,-0.010824205,-0.010248504,-0.005179509,-0.005114914,-0.005175854,-0.014852143,-0.006689776,-0.007134907,-0.003799775,-0.003659139,-0.003738758,-0.011437846,-0.005016858,-0.004798732
-0.008604758,-0.008627595,-0.008368791,-0.021705226,-0.011061645,-0.011289964,-0.005297608,-0.005549258,-0.005207136,-0.015105655,-0.007673404,-0.007995605,-0.00377024,-0.00375988,-0.003927296,-0.011940987,-0.005689992,-0.00626372
-0.008182356,-0.008213261,-0.008111924,-0.021685042,-0.01195409,-0.012171197,-0.005748724,-0.005690566,-0.005533633,-0.015435204,-0.007897491,-0.008133352,-0.004129815,-0.00411051,-0.004313332,-0.01233079,-0.00607905,-0.006269113
-0.008280732,-0.008438162,-0.008322333,-0.021496369,-0.012530322,-0.012629887,-0.005977454,-0.00587045,-0.005797199,-0.015367798,-0.00775866,-0.00783134,-0.004109023,-0.004097327,-0.004132081,-0.012304077,-0.00610847,-0.006299793
-0.007494989,-0.007457055,-0.007395813,-0.020433551,-0.012971152,-0.01321037,-0.005041581,-0.005002751,-0.004975265,-0.015868513,-0.008073236,-0.008564005,-0.003588489,-0.003478084,-0.003541752,-0.012601712,-0.006277949,-0.006423554
-0.007104339,-0.007176621,-0.007180192,-0.021385278,-0.010849763,-0.011485213,-0.004842006,-0.004910787,-0.004880967,-0.015066897,-0.007848042,-0.008098558,-0.003787201,-0.00379428,-0.00370133,-0.012270918,-0.006317624,-0.006387775
-0.007864389,-0.007904779,-0.007228974,-0.021688002,-0.011346037,-0.01200594,-0.005140281,-0.005006748,-0.005038718,-0.015921369,-0.007808841,-0.008173964,-0.003719421,-0.003649634,-0.003725742,-0.012392418,-0.006196019,-0.006369784
-0.007352689,-0.007245798,-0.00719484,-0.023327315,-0.011240474,-0.011066358,-0.004562047,-0.00450014,-0.004432793,-0.015800843,-0.007493959,-0.007370919,-0.003556589,-0.003572174,-0.003525743,-0.01234322,-0.005933907,-0.00570861
-0.006809506,-0.007034334,-0.007039597,-0.0217276,-0.011813566,-0.011147999,-0.00477481,-0.004714015,-0.0046121,-0.015834432,-0.007203315,-0.007328684,-0.003271233,-0.003308945,-0.003340569,-0.011900086,-0.00586706,-0.005854028
-0.007284531,-0.007286092,-0.007269348,-0.02195418,-0.010285477,-0.010758146,-0.004457261,-0.004552056,-0.004627415,-0.015843547,-0.006707871,-0.007071458,-0.003501996,-0.003481498,-0.003510778,-0.012402822,-0.005428868,-0.005350428
-0.008161928,-0.00812311,-0.008061247,-0.023002525,-0.012106737,-0.012271781,-0.005120182,-0.004955278,-0.004962017,-0.016134233,-0.007455749,-0.00739309,-0.00360934,-0.003489931,-0.003461611,-0.012377163,-0.005744561,-0.005949397
-0.007391676,-0.007190915,-0.007058272,-0.023402938,-0.011938887,-0.011925111,-0.004515366,-0.004399176,-0.004530768,-0.017734192,-0.008075293,-0.008088862,-0.003316212,-0.00329438,-0.003300155,-0.013391678,-0.006140208,-0.006133413
-0.008027116,-0.007900437,-0.00784333,-0.024720469,-0.011657507,-0.012124689,-0.005480506,-0.005485521,-0.005529235,-0.017035199,-0.008168829,-0.008385903,-0.003971496,-0.003967086,-0.003947413,-0.013175166,-0.006569788,-0.006919364
-0.007955151,-0.007635675,-0.00726297,-0.023948324,-0.01200647,-0.013063756,-0.004936073,-0.004781531,-0.004768504,-0.016872413,-0.008232242,-0.00820289,-0.003659546,-0.00357876,-0.003541719,-0.013727486,-0.006387413,-0.006396223
-0.007067503,-0.007333934,-0.006973016,-0.024194525,-0.012291487,-0.012754928,-0.004522549,-0.004599159,-0.004599939,-0.016502042,-0.007720846,-0.00774726,-0.003575602,-0.003620954,-0.003577054,-0.013179959,-0.005931261,-0.006097802
-0.006583535,-0.006728726,-0.007344327,-0.022544353,-0.01066062,-0.010644693,-0.00484838,-0.00470793,-0.004696719,-0.016561591,-0.007372291,-0.007429179,-0.003400175,-0.003482214,-0.003580908,-0.012326999,-0.0055842,-0.00540254
-0.007616014,-0.007685376,-0.007645039,-0.022895659,-0.012291495,-0.01173534,-0.005050047,-0.005116358,-0.00504368,-0.016061039,-0.007760564,-0.00765822,-0.003863211,-0.003844024,-0.003739929,-0.012356228,-0.005882941,-0.005834707
-0.006346762,-0.006398428,-0.006381697,-0.022170378,-0.011293597,-0.011689676,-0.004505817,-0.004560126,-0.004500592,-0.016938545,-0.007125553,-0.007284005,-0.003305436,-0.003225592,-0.003337887,-0.013329159,-0.005442231,-0.005508667
-0.008137471,-0.007902961,-0.00835666,-0.022991635,-0.011653833,-0.011752759,-0.004812272,-0.004915119,-0.004812971,-0.016290453,-0.007720384,-0.007793992,-0.003750907,-0.003680625,-0.003597064,-0.012827321,-0.005861404,-0.005820088
-0.00675933,-0.006752484,-0.007016742,-0.022927036,-0.011392611,-0.011030582,-0.004421484,-0.004433616,-0.004357384,-0.015456654,-0.007305698,-0.007549098,-0.003219219,-0.003228831,-0.003262165,-0.012096749,-0.005524675,-0.005548128
-0.007756494,-0.007749584,-0.007456609,-0.024081147,-0.011615624,-0.011627147,-0.004462112,-0.004473168,-0.004500924,-0.016052631,-0.007068494,-0.007073428,-0.003433452,-0.00341099,-0.003332406,-0.012449821,-0.005263414,-0.005266622
-0.006983487,-0.006941392,-0.006791918,-0.023487702,-0.011463844,-0.011490068,-0.004956848,-0.004945512,-0.004933629,-0.016885434,-0.006469821,-0.006451256,-0.003611821,-0.003643627,-0.003668343,-0.013040725,-0.004965133,-0.004988757
-0.007650469,-0.007770416,-0.007712591,-0.023908235,-0.010893273,-0.010964487,-0.004964965,-0.005031563,-0.004986529,-0.016921788,-0.007167888,-0.007106309,-0.003416198,-0.003395725,-0.003451446,-0.013108591,-0.005461075,-0.00544932
-0.008204287,-0.008238352,-0.007995687,-0.024860207,-0.01110457,-0.010855609,-0.005477116,-0.005483589,-0.005553967,-0.01632053,-0.006992872,-0.006967597,-0.004115887,-0.004099415,-0.004033568,-0.012896449,-0.005306461,-0.00528612
-0.008137508,-0.007980897,-0.007859483,-0.024745669,-0.01089262,-0.011051754,-0.005130396,-0.004928821,-0.004923947,-0.016996684,-0.007329249,-0.007334784,-0.003692485,-0.003557513,-0.003615576,-0.013504029,-0.005858209,-0.005821389
-0.007554536,-0.007372426,-0.007500143,-0.023241007,-0.009789892,-0.009850397,-0.004825609,-0.004859785,-0.004713986,-0.016710625,-0.006951808,-0.006919278,-0.00359852,-0.003507563,-0.003566809,-0.013206912,-0.005230949,-0.00523415
-0.008561004,-0.008434709,-0.008087848,-0.025765234,-0.009504963,-0.009703253,-0.004681967,-0.00463531,-0.004571617,-0.017415607,-0.00674773,-0.00671198,-0.003493396,-0.003488841,-0.003440725,-0.012736502,-0.005243358,-0.00522411
-0.007950213,-0.007709195,-0.007748097,-0.025344426,-0.009871833,-0.009764942,-0.005235929,-0.005019441,-0.004903139,-0.015955339,-0.006580528,-0.006568101,-0.003635776,-0.003724115,-0.00371867,-0.0126766,-0.005122901,-0.005122189
-0.007853409,-0.007726608,-0.00798584,-0.024826222,-0.009696828,-0.009556275,-0.005278103,-0.005061225,-0.004941733,-0.01651354,-0.006260466,-0.006225711,-0.00408552,-0.003998446,-0.003814441,-0.012764458,-0.005062834,-0.005050604
-0.008060696,-0.008066664,-0.007843682,-0.023994412,-0.008991701,-0.009749576,-0.005257348,-0.004889659,-0.004744774,-0.016291887,-0.006081994,-0.00608883,-0.003734511,-0.003762125,-0.003707984,-0.012425337,-0.004844842,-0.00484262
-0.008015357,-0.007377451,-0.007443562,-0.023452272,-0.008761403,-0.009297461,-0.004932595,-0.004609464,-0.004496064,-0.015877954,-0.00612551,-0.006006765,-0.003627044,-0.003499311,-0.003521169,-0.012062564,-0.00487661,-0.004697253
-0.007660093,-0.00801118,-0.008296314,-0.024928425,-0.011126704,-0.011297525,-0.005156152,-0.005180517,-0.0051216,-0.016480427,-0.007510984,-0.007625209,-0.003810882,-0.003781365,-0.003797856,-0.012918647,-0.005611193,-0.005660428
-0.007588592,-0.007546598,-0.007112128,-0.024529394,-0.010185714,-0.010874121,-0.005373053,-0.005201087,-0.00524906,-0.016714775,-0.007491017,-0.00766264,-0.003891665,-0.003774799,-0.003856224,-0.013216101,-0.00553671,-0.005755888
-0.007449008,-0.007197447,-0.007160452,-0.023978441,-0.009728332,-0.010221658,-0.004620414,-0.00468331,-0.004722432,-0.016142255,-0.007384914,-0.007329085,-0.003590465,-0.003499683,-0.003477948,-0.012707832,-0.005311956,-0.005557404
-0.006517827,-0.006347013,-0.006282106,-0.02111005,-0.009906858,-0.009863313,-0.004344729,-0.004217605,-0.00424017,-0.015647448,-0.007037193,-0.00688152,-0.003157088,-0.003238499,-0.003256368,-0.012107909,-0.005192908,-0.00501018
-0.00744056,-0.007873393,-0.007585464,-0.021485633,-0.010499216,-0.010597097,-0.004721466,-0.004834451,-0.004896826,-0.015643766,-0.006959343,-0.006834239,-0.003511609,-0.003373141,-0.003376957,-0.01222869,-0.005180974,-0.005231656
-0.007080969,-0.00702947,-0.006832783,-0.021207033,-0.01050769,-0.010550961,-0.004875504,-0.004876743,-0.004810632,-0.015536937,-0.006969765,-0.006929891,-0.00362386,-0.003400309,-0.003333132,-0.01223209,-0.005159602,-0.005144292
-0.006588502,-0.00646268,-0.006376545,-0.021647968,-0.01038947,-0.010824651,-0.004822076,-0.004617524,-0.004665658,-0.015371678,-0.007083776,-0.007291592,-0.003564164,-0.003584544,-0.003527776,-0.012441996,-0.00531253,-0.005405198
-0.007281725,-0.007283029,-0.006999381,-0.023888211,-0.011542817,-0.011204981,-0.004464031,-0.00446778,-0.004280369,-0.017117992,-0.00664786,-0.00642538,-0.00334099,-0.003316904,-0.003324935,-0.012802322,-0.005117985,-0.005067039
-0.007210776,-0.007292057,-0.006827669,-0.02379597,-0.010652015,-0.011300072,-0.004328133,-0.004303028,-0.004320417,-0.016395496,-0.006628,-0.006591266,-0.003123573,-0.00319378,-0.003199572,-0.012483251,-0.005231105,-0.005267594
-0.006336882,-0.006189015,-0.006112877,-0.023652828,-0.009427879,-0.008991792,-0.004248096,-0.004105862,-0.004159772,-0.015854669,-0.006484175,-0.006308413,-0.003118226,-0.003068737,-0.003199395,-0.011978597,-0.005232474,-0.00517148
-0.006445952,-0.00648742,-0.006333965,-0.022769802,-0.009491316,-0.009727611,-0.004311084,-0.004390684,-0.004268462,-0.015614884,-0.006539755,-0.006384541,-0.003056824,-0.003170653,-0.003145314,-0.012007418,-0.005123083,-0.005133417
-0.007406864,-0.007174909,-0.00683493,-0.025692009,-0.01007853,-0.01018136,-0.004352503,-0.004224123,-0.004206997,-0.015965123,-0.006339841,-0.006284234,-0.003232643,-0.003121382,-0.003114602,-0.013046198,-0.005042228,-0.004954125
-0.005705431,-0.005790944,-0.005996129,-0.02453127,-0.010324733,-0.010696058,-0.004020794,-0.003989417,-0.003912517,-0.016208835,-0.006290596,-0.0063282,-0.002906228,-0.002921837,-0.002992972,-0.012609515,-0.005089755,-0.00497362
-0.006118581,-0.005902801,-0.005940878,-0.023780019,-0.010709386,-0.010799217,-0.004051142,-0.004039329,-0.004023266,-0.016124111,-0.006700202,-0.006292948,-0.003165924,-0.003083955,-0.003002563,-0.013101983,-0.005020265,-0.004867962
-0.007080578,-0.007134157,-0.007193541,-0.022022702,-0.009903238,-0.009706034,-0.004167721,-0.004100575,-0.004107272,-0.016029599,-0.00685319,-0.00710207,-0.00301888,-0.003004883,-0.003067974,-0.012552721,-0.005411429,-0.005191477
-0.006367647,-0.00620088,-0.006318231,-0.02274218,-0.010127935,-0.010986113,-0.004263779,-0.004205007,-0.004196486,-0.015666594,-0.006716102,-0.006857684,-0.003163384,-0.003110056,-0.003148853,-0.012401091,-0.005063245,-0.005181509
-0.006177749,-0.005997305,-0.005913267,-0.022120896,-0.010233453,-0.009713079,-0.003935456,-0.004093609,-0.003995966,-0.015172102,-0.006644455,-0.00677551,-0.003115632,-0.002980884,-0.002950275,-0.01206017,-0.00489638,-0.005235672
-0.006568101,-0.006767494,-0.006620982,-0.021247989,-0.010348926,-0.010343719,-0.004015614,-0.003886946,-0.0037919,-0.014804701,-0.006594934,-0.00656689,-0.003002624,-0.00287172,-0.002905057,-0.012007222,-0.005081492,-0.005024786
-0.006920819,-0.006733822,-0.00630721,-0.022873062,-0.010308324,-0.010065256,-0.004060339,-0.004071393,-0.004140978,-0.015795479,-0.006999492,-0.006972634,-0.003112215,-0.003149732,-0.003072638,-0.011986141,-0.005247779,-0.0051544
-0.005947164,-0.006110793,-0.006092912,-0.021608443,-0.010367241,-0.010824739,-0.003938332,-0.004001909,-0.004019964,-0.015261381,-0.00693964,-0.00674625,-0.00295179,-0.002930998,-0.002964003,-0.01201863,-0.005063535,-0.005280504
-0.005980531,-0.005917871,-0.005961836,-0.02167367,-0.009531398,-0.010117013,-0.004154449,-0.004237406,-0.004250135,-0.014990649,-0.006665884,-0.006679305,-0.003074644,-0.003070529,-0.003015654,-0.012035165,-0.005277644,-0.005402574
-0.005998858,-0.006036442,-0.005892408,-0.019798446,-0.009705101,-0.009640083,-0.003928418,-0.003956086,-0.004037368,-0.01510329,-0.006387326,-0.006731344,-0.00305965,-0.002959186,-0.003007289,-0.011892254,-0.004918306,-0.005240246
-0.007285666,-0.007154647,-0.007190379,-0.020719996,-0.010515613,-0.010334786,-0.004073707,-0.004034233,-0.00395048,-0.015078114,-0.006159366,-0.00628009,-0.003151631,-0.003083578,-0.002984216,-0.011632683,-0.004922729,-0.005007481
-0.006371789,-0.006221901,-0.005949759,-0.021821619,-0.008951686,-0.00941768,-0.00390223,-0.003978201,-0.003903746,-0.014407707,-0.006136063,-0.006602461,-0.002993042,-0.00301433,-0.002935193,-0.011727166,-0.004871152,-0.004957708
-0.006968733,-0.006850116,-0.006607993,-0.022797979,-0.009620304,-0.009629336,-0.004315044,-0.00420261,-0.004275544,-0.014017031,-0.006526865,-0.006780492,-0.003079307,-0.002990669,-0.0029595,-0.011355534,-0.005003484,-0.005344004
-0.006282043,-0.006277063,-0.005961951,-0.022141275,-0.009440786,-0.010325304,-0.00413971,-0.004131225,-0.004072631,-0.016318636,-0.006612118,-0.007193258,-0.003165557,-0.003146396,-0.003060087,-0.01158636,-0.005007256,-0.005406893
-0.007264784,-0.007104475,-0.006976458,-0.024536285,-0.010023594,-0.010410563,-0.004652587,-0.004642557,-0.004424032,-0.01560729,-0.006617043,-0.007044687,-0.003232475,-0.003099636,-0.003180695,-0.012000539,-0.00516632,-0.005339857
-0.006730579,-0.006574131,-0.006482448,-0.023587054,-0.012600386,-0.01076392,-0.004043606,-0.004218614,-0.00415914,-0.015311918,-0.006845116,-0.007165476,-0.003076405,-0.003112133,-0.003075853,-0.012355584,-0.00491583,-0.00495717
-0.00618389,-0.006285735,-0.006462465,-0.020855623,-0.010067968,-0.010369939,-0.003825516,-0.003889511,-0.003923451,-0.015355046,-0.006203324,-0.006776942,-0.00289278,-0.002901564,-0.002951361,-0.012186312,-0.004714779,-0.004879479
-0.007355549,-0.0068795,-0.006827313,-0.023017182,-0.008743,-0.008765105,-0.004396302,-0.004104302,-0.003930684,-0.015725227,-0.005981017,-0.00623241,-0.003216743,-0.003171151,-0.003080674,-0.012145106,-0.00483345,-0.004874198
-0.007206825,-0.00695248,-0.006668789,-0.021632066,-0.009101766,-0.00890788,-0.00401103,-0.003975885,-0.003965899,-0.017116717,-0.006270888,-0.006277592,-0.002965169,-0.002736598,-0.002738714,-0.012672146,-0.00468875,-0.004953943
-0.006892003,-0.006512469,-0.006561917,-0.022567422,-0.008318206,-0.009212572,-0.004162136,-0.004025843,-0.004089451,-0.01493592,-0.006005744,-0.006479778,-0.003061284,-0.003020665,-0.003048822,-0.011921426,-0.00490655,-0.004923974
-0.006396094,-0.006281964,-0.006235792,-0.022749684,-0.00964411,-0.009538848,-0.003758273,-0.003756514,-0.003902457,-0.016088102,-0.005917008,-0.006320837,-0.002882862,-0.002894094,-0.002900291,-0.011962385,-0.00458812,-0.005137775
-0.006764202,-0.00664096,-0.006437982,-0.020442978,-0.00914275,-0.009224359,-0.004213651,-0.004179999,-0.004091117,-0.014794624,-0.005856306,-0.00596444,-0.002970049,-0.002934718,-0.002955714,-0.011625564,-0.004588191,-0.004632076
-0.008753851,-0.008336708,-0.008468883,-0.022588918,-0.010463235,-0.010736859,-0.005112251,-0.004985442,-0.004919063,-0.015750575,-0.006961215,-0.006870867,-0.003746918,-0.003781707,-0.003673139,-0.012575959,-0.005379809,-0.005380204
-0.007565523,-0.00762754,-0.007449297,-0.021924549,-0.010768579,-0.010689631,-0.005144637,-0.005055348,-0.004960178,-0.014802128,-0.007319082,-0.007448911,-0.003740111,-0.003710294,-0.003714911,-0.012012461,-0.005734924,-0.005592741
-0.008798634,-0.00857979,-0.008575003,-0.024191127,-0.010362692,-0.010528397,-0.005413598,-0.005350532,-0.005224456,-0.014673195,-0.007002824,-0.007018446,-0.003855595,-0.003946362,-0.003894818,-0.011616046,-0.005303801,-0.005282186
-0.00758227,-0.007409079,-0.007378911,-0.021756353,-0.010731129,-0.010904828,-0.005081392,-0.005022942,-0.005008376,-0.015192133,-0.006966533,-0.007016854,-0.003838756,-0.00373758,-0.00378701,-0.011269339,-0.005603019,-0.005605545
-0.007374982,-0.007416881,-0.007022769,-0.021983242,-0.010966058,-0.010684516,-0.005023509,-0.005123894,-0.004976655,-0.014901042,-0.0075496,-0.007642324,-0.00385381,-0.003845426,-0.003745394,-0.011642253,-0.005621383,-0.005531722
-0.009125136,-0.009137009,-0.009004346,-0.021325841,-0.011331313,-0.010878279,-0.00515254,-0.005209497,-0.005418018,-0.014278256,-0.007166306,-0.00724259,-0.00377262,-0.003830008,-0.003937526,-0.011415183,-0.005528,-0.005507782
-0.007532238,-0.007537817,-0.007482894,-0.022130359,-0.0100711,-0.009744729,-0.005318508,-0.00520632,-0.005194989,-0.014885347,-0.006675734,-0.006649081,-0.003835432,-0.003887417,-0.003852505,-0.011066754,-0.004973925,-0.005034687
-0.008094034,-0.007809872,-0.007524329,-0.022984983,-0.009121441,-0.010002996,-0.00493357,-0.004953824,-0.004773808,-0.015187809,-0.006506293,-0.006830384,-0.003444487,-0.003559092,-0.003599295,-0.011402878,-0.005058498,-0.005353927
-0.009644617,-0.00940524,-0.008559339,-0.023067262,-0.010188556,-0.008870707,-0.005549726,-0.005542494,-0.005567505,-0.014917976,-0.006240014,-0.006472925,-0.003825673,-0.003721928,-0.003765212,-0.011045383,-0.005017502,-0.004876685
-0.007189375,-0.007295095,-0.0073509,-0.021770806,-0.009838307,-0.010603008,-0.004801674,-0.004779962,-0.0047881,-0.014894432,-0.006480992,-0.006686983,-0.00396006,-0.003817484,-0.003651255,-0.011538003,-0.005057208,-0.005306803
-0.007877986,-0.007731417,-0.007764093,-0.02238894,-0.010679188,-0.010720363,-0.005509686,-0.005487699,-0.005427578,-0.015516799,-0.006962149,-0.0070116,-0.0041519,-0.004182728,-0.004168511,-0.011731309,-0.005188402,-0.005401607
-0.008292071,-0.008514335,-0.008296638,-0.021920199,-0.010468053,-0.010914606,-0.005775168,-0.005761316,-0.005692764,-0.015904409,-0.007055387,-0.007503898,-0.004278858,-0.004276705,-0.004259096,-0.012137313,-0.005643434,-0.005732336
-0.009301381,-0.009395913,-0.009177686,-0.023482583,-0.011367284,-0.011891295,-0.006162957,-0.006233149,-0.006126372,-0.014832058,-0.007210317,-0.007885555,-0.004581423,-0.004491051,-0.004524529,-0.01192931,-0.005593291,-0.006078823
-0.008542324,-0.008551144,-0.008652837,-0.021854036,-0.010421201,-0.011302212,-0.005705602,-0.005860237,-0.005861626,-0.015051611,-0.007233045,-0.007646864,-0.004058851,-0.004105087,-0.004260613,-0.011585244,-0.00576412,-0.005869461
-0.00782447,-0.007801227,-0.007786387,-0.022647009,-0.010110633,-0.010676607,-0.00528435,-0.005188936,-0.005287771,-0.014207888,-0.006980397,-0.007319932,-0.004031846,-0.003976002,-0.003992466,-0.01098011,-0.005261684,-0.005573907
-0.008390081,-0.0084857,-0.008671708,-0.020287715,-0.010390802,-0.010985692,-0.005364524,-0.005383758,-0.00545145,-0.01451161,-0.00709475,-0.00730879,-0.003902488,-0.003900725,-0.003789587,-0.011306562,-0.00547025,-0.005550718
-0.008026287,-0.00759281,-0.007929842,-0.020211038,-0.0099522,-0.009921529,-0.005178678,-0.005218215,-0.005301384,-0.014246236,-0.006633227,-0.007029476,-0.004051794,-0.004013749,-0.004045138,-0.011166964,-0.005313854,-0.005530738
-0.007865725,-0.008219087,-0.008073328,-0.021181785,-0.010720647,-0.011787983,-0.005025588,-0.004875324,-0.00496001,-0.014468151,-0.006235324,-0.006611511,-0.003820172,-0.003826723,-0.003630374,-0.011020607,-0.004910935,-0.005206052
-0.008909669,-0.008700081,-0.008618683,-0.020689175,-0.010219591,-0.009971524,-0.005530853,-0.005451954,-0.005338989,-0.014149444,-0.006562037,-0.006729367,-0.003899455,-0.003849535,-0.003737308,-0.011148996,-0.005008455,-0.00509985
-0.008410522,-0.008281847,-0.007602524,-0.018918401,-0.009197587,-0.010076909,-0.005169448,-0.00523369,-0.005193367,-0.013842265,-0.005983533,-0.006689788,-0.003687595,-0.003634801,-0.003665871,-0.011132977,-0.00476216,-0.005219012
-0.008385939,-0.0082063,-0.008090806,-0.021711001,-0.009604758,-0.009475997,-0.004577542,-0.004539113,-0.004411995,-0.014384385,-0.00630441,-0.006487712,-0.003383102,-0.003406013,-0.003439349,-0.011431851,-0.004546756,-0.004875077
-0.007760897,-0.007570896,-0.007541772,-0.020384735,-0.009154913,-0.00958807,-0.004872604,-0.004914244,-0.004644626,-0.013843304,-0.005776944,-0.005970714,-0.003455193,-0.003214499,-0.003319732,-0.010941726,-0.004396652,-0.004853816
-0.007716918,-0.007868789,-0.007311714,-0.021268684,-0.008811061,-0.009472151,-0.004595369,-0.004679881,-0.004556335,-0.014312798,-0.005528468,-0.006006301,-0.003268727,-0.003279196,-0.003254286,-0.011096671,-0.004359463,-0.004763731
-0.007703932,-0.008219814,-0.007807898,-0.020360019,-0.009423969,-0.0092175,-0.004931731,-0.004665882,-0.00464021,-0.013543406,-0.006342006,-0.006470015,-0.00353299,-0.00362254,-0.003444556,-0.010697863,-0.00485846,-0.00489061
-0.007854166,-0.007825386,-0.007816302,-0.021111276,-0.009557757,-0.009846808,-0.004397165,-0.00450412,-0.004570108,-0.014311025,-0.006671184,-0.006674943,-0.00363562,-0.003562632,-0.003564966,-0.011349268,-0.005212352,-0.005293801
-0.007691829,-0.007573318,-0.007562043,-0.021776629,-0.010987503,-0.010937816,-0.005156508,-0.005073537,-0.004982582,-0.015519524,-0.007226313,-0.007269021,-0.003691204,-0.003597809,-0.003569469,-0.012073659,-0.005410908,-0.005459745
-0.008295802,-0.008386175,-0.008287301,-0.02155738,-0.010779767,-0.011181739,-0.005734653,-0.005601914,-0.005482358,-0.014677263,-0.007042851,-0.0070112,-0.003955962,-0.00394454,-0.004025652,-0.011498688,-0.005430282,-0.005384849
-0.006819354,-0.006464316,-0.006644207,-0.024549216,-0.011896726,-0.012042462,-0.00459578,-0.00479087,-0.004676204,-0.014652027,-0.007338564,-0.00744209,-0.003276687,-0.003446277,-0.003382322,-0.01187546,-0.005664436,-0.005684743
-0.009263464,-0.00902068,-0.008504179,-0.020777824,-0.010643804,-0.010015154,-0.005529014,-0.005448157,-0.005157449,-0.014155245,-0.007071531,-0.007006045,-0.004419235,-0.004278107,-0.004143032,-0.011216361,-0.005567939,-0.005599013
-0.009075946,-0.009226018,-0.009165116,-0.021509247,-0.011157523,-0.010843889,-0.005647124,-0.005551887,-0.005338052,-0.013358476,-0.00728031,-0.007121546,-0.00406152,-0.003993538,-0.003868367,-0.010816982,-0.005357389,-0.005337843
-0.008417636,-0.008539513,-0.008239795,-0.021953491,-0.010664056,-0.010741364,-0.005291867,-0.005223073,-0.005134555,-0.014634829,-0.007193897,-0.007332163,-0.003787965,-0.003811007,-0.003721841,-0.010985809,-0.005467787,-0.00557964
-0.007719257,-0.007642845,-0.007662229,-0.022251757,-0.009335938,-0.010069393,-0.005200054,-0.005211806,-0.005125768,-0.014998983,-0.007002144,-0.007246644,-0.004117292,-0.004062006,-0.004031465,-0.011002969,-0.005677719,-0.005712715
-0.008388156,-0.008638005,-0.008525289,-0.022777158,-0.010155855,-0.010102405,-0.004686754,-0.004658245,-0.004697522,-0.014519277,-0.007062698,-0.007132673,-0.003373321,-0.00337521,-0.003287174,-0.011107988,-0.00537389,-0.005321784
-0.007443216,-0.007398613,-0.007025027,-0.023267387,-0.00929185,-0.009704572,-0.004815991,-0.004769467,-0.004912799,-0.014761622,-0.007049571,-0.007337952,-0.003630995,-0.003692493,-0.003591843,-0.011194859,-0.00517258,-0.005327871
-0.006702165,-0.006517028,-0.006633186,-0.020846983,-0.009347599,-0.009443144,-0.004372915,-0.004331975,-0.004256249,-0.014533456,-0.006266877,-0.006339932,-0.003459038,-0.003542176,-0.003423362,-0.011319971,-0.004901177,-0.004946525
-0.008368755,-0.008319622,-0.007992402,-0.022263656,-0.009101392,-0.009293369,-0.004834944,-0.004728041,-0.004789725,-0.014343432,-0.006439797,-0.006496159,-0.003700682,-0.003700484,-0.003679013,-0.011521707,-0.005271936,-0.005285216
-0.008521359,-0.008490345,-0.008613124,-0.019791464,-0.010158047,-0.009891139,-0.005566506,-0.005496155,-0.005414369,-0.014412173,-0.006898948,-0.006800166,-0.003982911,-0.004029117,-0.004018671,-0.011224357,-0.00541214,-0.005396991
-0.007771194,-0.007699565,-0.007442027,-0.023127135,-0.010064684,-0.010318418,-0.005230502,-0.005145977,-0.005025039,-0.015144846,-0.006739674,-0.006975132,-0.00367302,-0.003656306,-0.003649418,-0.011873532,-0.005193396,-0.005593201
-0.006567209,-0.006726545,-0.006992801,-0.022899621,-0.010137222,-0.010720862,-0.004761709,-0.004798418,-0.004660602,-0.015002906,-0.006629219,-0.00684854,-0.003483958,-0.003538772,-0.003512415,-0.011635546,-0.005369707,-0.005431341
-0.007428023,-0.007490065,-0.007418203,-0.022361787,-0.010303186,-0.010207755,-0.005215818,-0.005147259,-0.004999887,-0.015393994,-0.007345832,-0.00725376,-0.003671909,-0.003636463,-0.003407951,-0.011834706,-0.005328948,-0.00527939
-0.008755703,-0.009117012,-0.009061428,-0.021554964,-0.010892924,-0.010982925,-0.005210878,-0.005092296,-0.005185688,-0.015427426,-0.006941344,-0.007145349,-0.003675276,-0.003665513,-0.003637315,-0.011583234,-0.005358995,-0.005395659
-0.006875814,-0.006495331,-0.00677919,-0.022708541,-0.009961898,-0.010035922,-0.004443234,-0.004452923,-0.004485294,-0.015042937,-0.006785672,-0.00680503,-0.003466481,-0.003468951,-0.003507072,-0.012067079,-0.00528488,-0.005404962
-0.00748416,-0.007391405,-0.007505527,-0.022270222,-0.010600964,-0.009999216,-0.004813671,-0.004669896,-0.004733848,-0.015223554,-0.006885464,-0.006808223,-0.003584738,-0.003587621,-0.003492956,-0.011941505,-0.005595518,-0.005417494
-0.007157383,-0.007124867,-0.007064579,-0.023929898,-0.010694165,-0.01069365,-0.004997427,-0.004848913,-0.004812755,-0.015598123,-0.006828285,-0.006827653,-0.003404265,-0.003315693,-0.003393444,-0.011565007,-0.005563833,-0.005564093
-0.006583418,-0.006612654,-0.006681972,-0.022746967,-0.009304699,-0.009226861,-0.004688539,-0.004639517,-0.004619229,-0.015486259,-0.00680216,-0.006888044,-0.003464843,-0.003480546,-0.003412947,-0.012501138,-0.005166262,-0.005346002
-0.007174814,-0.007259595,-0.007196161,-0.024069376,-0.010528639,-0.010520821,-0.004663291,-0.004625517,-0.004694772,-0.015408598,-0.007050396,-0.007202356,-0.003569045,-0.003616211,-0.003536937,-0.012612157,-0.005216493,-0.005186012
-0.006947917,-0.006971006,-0.006926355,-0.023511626,-0.010989829,-0.011395696,-0.005133611,-0.004841414,-0.004921771,-0.015691246,-0.006833672,-0.007414912,-0.003755124,-0.003788676,-0.003734197,-0.01197365,-0.005190123,-0.005515527
-0.006863097,-0.006586599,-0.006520037,-0.023789985,-0.010183113,-0.010326264,-0.004296186,-0.004416451,-0.004472747,-0.015182441,-0.006657208,-0.006678052,-0.003368847,-0.003304392,-0.003283986,-0.012162751,-0.0049475,-0.004979804
-0.007644658,-0.007266719,-0.007192631,-0.022251446,-0.010432621,-0.010229407,-0.004369943,-0.004350506,-0.004313619,-0.015287541,-0.006769334,-0.006680772,-0.003365836,-0.003360474,-0.003330752,-0.011949277,-0.005285672,-0.005255878
-0.007369918,-0.007504754,-0.007591497,-0.021575186,-0.010000634,-0.010029641,-0.004387316,-0.004426763,-0.004580582,-0.015460764,-0.006093209,-0.006416385,-0.003340078,-0.003401225,-0.003445986,-0.012144379,-0.004740189,-0.004877387
-0.007845697,-0.00789134,-0.007599425,-0.021864513,-0.010648638,-0.010375186,-0.004792555,-0.004881555,-0.00479434,-0.016059994,-0.006364266,-0.00666142,-0.003675586,-0.003647654,-0.003690929,-0.012537386,-0.004804128,-0.004864614
-0.006627887,-0.006865482,-0.006881691,-0.023048187,-0.009521938,-0.009392328,-0.004668347,-0.004446261,-0.0045663,-0.015797158,-0.006526925,-0.006544859,-0.003505886,-0.003381747,-0.003372279,-0.012227047,-0.005253668,-0.005258208
-0.008392282,-0.008252705,-0.007890324,-0.026722107,-0.012660948,-0.012281419,-0.00543623,-0.005244642,-0.005337648,-0.018587969,-0.008491176,-0.008609342,-0.003679449,-0.003700735,-0.003820258,-0.013957058,-0.006385193,-0.006480151
-0.012043132,-0.011964505,-0.012272934,-0.046170418,-0.015874096,-0.022050369,-0.007510118,-0.007637234,-0.007438783,-0.02952365,-0.009406582,-0.013422429,-0.005732795,-0.005747183,-0.005829876,-0.022633697,-0.007474961,-0.010585516
-0.012430254,-0.012234137,-0.012474212,-0.048778163,-0.016095438,-0.017991095,-0.007317265,-0.007274894,-0.007460955,-0.030292957,-0.010380023,-0.011791631,-0.005402177,-0.005276857,-0.00533944,-0.022480409,-0.007605039,-0.008808013
-0.01150672,-0.011416884,-0.011571077,-0.041966277,-0.015370857,-0.01689774,-0.008022578,-0.007908625,-0.008059547,-0.029052968,-0.009501866,-0.01134504,-0.005637442,-0.005607758,-0.00554855,-0.021272138,-0.007442967,-0.008517714
-0.009925267,-0.010381649,-0.01006865,-0.040976481,-0.012755906,-0.013886411,-0.007064502,-0.007101922,-0.007161329,-0.028700902,-0.009189926,-0.009305673,-0.005215251,-0.00518709,-0.00521057,-0.022080134,-0.007410121,-0.007465745
-0.012292858,-0.012480926,-0.011762084,-0.040963025,-0.01511435,-0.015378569,-0.007432526,-0.007564228,-0.007714832,-0.028144273,-0.010805037,-0.011371288,-0.0057128,-0.00561872,-0.005572048,-0.021944475,-0.008527729,-0.008809196
-0.012583122,-0.012917116,-0.012970681,-0.043815516,-0.019665206,-0.019017781,-0.008534297,-0.008522114,-0.008602678,-0.027223263,-0.010992388,-0.012175821,-0.006020393,-0.00619918,-0.006005447,-0.020718041,-0.008227388,-0.00939817
-0.01213967,-0.012067734,-0.011891411,-0.038346607,-0.015334078,-0.018201623,-0.007168545,-0.00737044,-0.007361068,-0.025095644,-0.010860391,-0.013179975,-0.005597034,-0.005536384,-0.00553422,-0.018978824,-0.008149891,-0.010033684
-0.011588936,-0.011814356,-0.011516008,-0.037157971,-0.015313023,-0.022431934,-0.007706509,-0.007690857,-0.007534562,-0.024602074,-0.010617108,-0.015145635,-0.005419914,-0.005403502,-0.005135349,-0.019777536,-0.008116668,-0.012214807
-0.011321261,-0.01110466,-0.01135358,-0.036384847,-0.015119253,-0.020258265,-0.007182502,-0.00716997,-0.007299637,-0.023336431,-0.010187924,-0.013453767,-0.005241404,-0.005209144,-0.00526853,-0.019141623,-0.007764486,-0.010901815
-0.010499153,-0.010373713,-0.01032621,-0.035477209,-0.015168347,-0.018715627,-0.006750874,-0.006741044,-0.006852586,-0.025376466,-0.009043904,-0.011857265,-0.004827121,-0.004886486,-0.004906168,-0.01891359,-0.006886308,-0.00942157
-0.011023356,-0.010812035,-0.010739566,-0.038121218,-0.014377204,-0.021957395,-0.00666891,-0.006928853,-0.006725953,-0.023264123,-0.00899463,-0.013661997,-0.004650549,-0.004516763,-0.004761678,-0.018285862,-0.007049895,-0.0106997
-0.010294059,-0.010497438,-0.010124499,-0.03386826,-0.014101319,-0.020125109,-0.006818149,-0.006845161,-0.006844721,-0.021645866,-0.009182476,-0.012980345,-0.005026392,-0.005078296,-0.005182738,-0.017882422,-0.007025394,-0.010690187
-0.010192923,-0.010099099,-0.01024493,-0.032955634,-0.01359534,-0.019093197,-0.006562817,-0.006664787,-0.006631903,-0.021125683,-0.008986087,-0.012766136,-0.00486375,-0.004839493,-0.00484644,-0.017411647,-0.006812631,-0.010026332
-0.010057161,-0.010113061,-0.01009433,-0.031580501,-0.01424283,-0.015660037,-0.006288616,-0.006294653,-0.006292314,-0.022026025,-0.008351957,-0.008476798,-0.004450763,-0.004378466,-0.004437188,-0.016716241,-0.00640468,-0.006850577
-0.011705045,-0.011693627,-0.012022089,-0.035570212,-0.014331973,-0.016125597,-0.006164035,-0.005957335,-0.006048165,-0.021139967,-0.008314531,-0.010591798,-0.004229923,-0.004187786,-0.004271678,-0.016028293,-0.00647516,-0.007707769
-0.011107706,-0.011034548,-0.010819038,-0.032497465,-0.01483675,-0.015318624,-0.006151586,-0.006109026,-0.006311348,-0.021147042,-0.008550185,-0.008707827,-0.004510459,-0.004615019,-0.004562514,-0.016083424,-0.006572359,-0.006661744
-0.01156885,-0.011403725,-0.010977434,-0.035705192,-0.014237212,-0.01537002,-0.006792595,-0.00661999,-0.006735397,-0.021624184,-0.008925351,-0.009530595,-0.004781268,-0.004775481,-0.004815075,-0.016046863,-0.0066549,-0.007224854
-0.009730851,-0.009235431,-0.010207959,-0.036646987,-0.01390841,-0.013814477,-0.006444569,-0.006441907,-0.006472123,-0.021838395,-0.009082174,-0.009121141,-0.004680694,-0.004783752,-0.004796631,-0.017546132,-0.00697839,-0.006973901
-0.010845275,-0.010978012,-0.010944525,-0.036293819,-0.013276988,-0.013257352,-0.006538416,-0.006422148,-0.006643527,-0.021218256,-0.009026161,-0.008960956,-0.004997895,-0.004905894,-0.00494012,-0.01678461,-0.00737191,-0.007256664
-0.010720891,-0.010846799,-0.010761302,-0.037440261,-0.014001112,-0.014017076,-0.006908159,-0.006691922,-0.006764664,-0.023410639,-0.009567649,-0.009518914,-0.004723469,-0.004733775,-0.004797187,-0.018458414,-0.007769343,-0.007826634
-0.010922342,-0.010943485,-0.010798847,-0.038735561,-0.015660281,-0.016507203,-0.006862355,-0.007102816,-0.006915834,-0.024954333,-0.010402369,-0.012517361,-0.00478633,-0.004813565,-0.004779407,-0.019431735,-0.007667193,-0.009491664
-0.01144473,-0.011034188,-0.011347646,-0.036995476,-0.016081392,-0.016048073,-0.007089321,-0.007090859,-0.007036885,-0.02441486,-0.010700093,-0.010635801,-0.00534521,-0.005310545,-0.005461018,-0.018609714,-0.008348106,-0.008298935
-0.009884534,-0.009886258,-0.009762221,-0.037608821,-0.015686088,-0.015788487,-0.006684242,-0.00690828,-0.006721261,-0.02474359,-0.009767239,-0.009769491,-0.004829087,-0.004820358,-0.004778899,-0.017402029,-0.007479547,-0.007441025
-0.01007205,-0.010003614,-0.010241328,-0.033542624,-0.014396673,-0.014549901,-0.0069395,-0.006923442,-0.007001273,-0.02344268,-0.009645011,-0.010200945,-0.005270269,-0.005266776,-0.005122546,-0.017468351,-0.007082853,-0.007582692
-0.010218508,-0.009980863,-0.009735582,-0.033756311,-0.014350682,-0.014326449,-0.006727944,-0.006759573,-0.00687596,-0.022691179,-0.009812104,-0.009766634,-0.004893806,-0.004911866,-0.00495645,-0.01751312,-0.007444305,-0.00779204
-0.009059413,-0.009379152,-0.009528878,-0.033264894,-0.014619401,-0.014267636,-0.006238004,-0.006245348,-0.006306671,-0.024325699,-0.009747819,-0.009753996,-0.004844998,-0.004892446,-0.004751177,-0.019201617,-0.00742855,-0.00770855
-0.009752104,-0.009042646,-0.009221163,-0.032738804,-0.013671345,-0.013970698,-0.005979966,-0.006017618,-0.005987772,-0.023888804,-0.0093002,-0.009607978,-0.00474733,-0.004577333,-0.004530832,-0.018509996,-0.007159416,-0.007927745
-0.009568952,-0.009554464,-0.009223268,-0.033930212,-0.013863797,-0.014451279,-0.005950882,-0.005900679,-0.005914194,-0.024388511,-0.008785503,-0.009798109,-0.004415897,-0.004462582,-0.004412597,-0.018749121,-0.006705219,-0.007831549
-0.00918634,-0.009579192,-0.009711076,-0.036621696,-0.013999758,-0.015778632,-0.006476573,-0.00643341,-0.006260782,-0.023969394,-0.008792858,-0.01005655,-0.004851653,-0.004913649,-0.004858362,-0.01756896,-0.006869292,-0.007455998
-0.010724731,-0.010561433,-0.010660849,-0.030522501,-0.014952692,-0.014974933,-0.007100323,-0.007146926,-0.007031814,-0.022370447,-0.010568566,-0.010550697,-0.004866655,-0.004856207,-0.004885281,-0.017426071,-0.00822932,-0.00819469
-0.009981575,-0.009715906,-0.009617594,-0.03725448,-0.015991074,-0.016480729,-0.006212502,-0.006161118,-0.005998051,-0.025389691,-0.010177969,-0.01066189,-0.004607542,-0.004408646,-0.004506406,-0.019142016,-0.007310448,-0.007879265
-0.008887849,-0.009131603,-0.008953694,-0.034502081,-0.01491634,-0.015117447,-0.005872162,-0.005903509,-0.00574686,-0.023764236,-0.009364708,-0.009410933,-0.004740513,-0.004723563,-0.004824588,-0.019449225,-0.007212723,-0.007216811
-0.009740857,-0.009631249,-0.009937374,-0.037602317,-0.014417772,-0.015950307,-0.006029847,-0.006053808,-0.005992518,-0.023692853,-0.009490619,-0.009956377,-0.004316014,-0.004221483,-0.004251643,-0.018253905,-0.007689972,-0.008093847
-0.009165833,-0.008779837,-0.008967747,-0.036624837,-0.015492702,-0.015347872,-0.006345918,-0.006156595,-0.006380877,-0.023661514,-0.010179591,-0.01020492,-0.004470281,-0.004464001,-0.004408578,-0.018113624,-0.007963374,-0.00797729
-0.010217539,-0.01015074,-0.010036012,-0.037826349,-0.016211089,-0.017001977,-0.006495772,-0.006264323,-0.006330524,-0.024728238,-0.009449681,-0.010045697,-0.004658674,-0.004654024,-0.004776583,-0.018633851,-0.007507165,-0.008021892
-0.009648548,-0.009927922,-0.009815041,-0.039114443,-0.014871529,-0.015834946,-0.00626841,-0.006305287,-0.006158284,-0.026451562,-0.009787407,-0.01000807,-0.00471399,-0.004802985,-0.004783832,-0.020300918,-0.007454721,-0.007730828
-0.00938906,-0.009277388,-0.009348327,-0.03380979,-0.016075876,-0.017539303,-0.006228668,-0.006038577,-0.006131417,-0.024786223,-0.010310701,-0.009750435,-0.004645463,-0.004570903,-0.004706841,-0.018721033,-0.007586323,-0.007522284
-0.009657754,-0.009716976,-0.009817748,-0.035107068,-0.017294654,-0.01629731,-0.006772136,-0.006745486,-0.006498763,-0.025450818,-0.009991044,-0.010092191,-0.00458667,-0.00462655,-0.004634703,-0.019665833,-0.007830044,-0.007833129
-0.01184185,-0.011492727,-0.01062343,-0.033495453,-0.016294108,-0.01570333,-0.006573757,-0.006286785,-0.006234114,-0.023895921,-0.010301772,-0.010306906,-0.004771112,-0.004716534,-0.00478897,-0.019175248,-0.00800829,-0.008243654
-0.009681241,-0.009870817,-0.009660451,-0.034587137,-0.016899639,-0.016052026,-0.005941391,-0.005806987,-0.005868575,-0.023634325,-0.008793584,-0.008857504,-0.0041872,-0.004261062,-0.00417273,-0.018526322,-0.007138343,-0.007029232
-0.009864577,-0.009554681,-0.009739078,-0.034724732,-0.016160778,-0.015749994,-0.005864032,-0.0058472,-0.006062034,-0.023387751,-0.009523152,-0.00950763,-0.004130473,-0.004171252,-0.00427967,-0.018272733,-0.007167874,-0.00717987
-0.009796684,-0.009761031,-0.009817632,-0.03274328,-0.01449236,-0.014621951,-0.006257627,-0.006339116,-0.006392783,-0.023488595,-0.00959362,-0.009604191,-0.004504975,-0.004626805,-0.004523334,-0.017649368,-0.007384119,-0.007368002
-0.009099443,-0.009036534,-0.009129965,-0.033182271,-0.013722953,-0.014072512,-0.006140297,-0.006182782,-0.006244595,-0.022906568,-0.009507677,-0.009249936,-0.004490767,-0.0043916,-0.004525036,-0.017091079,-0.00708051,-0.007107348
-0.009471776,-0.00938736,-0.009086421,-0.030957721,-0.013388556,-0.014174519,-0.005745111,-0.005923084,-0.006041287,-0.022267047,-0.008678883,-0.008659175,-0.004518476,-0.004416712,-0.004315198,-0.016853845,-0.006815038,-0.006777478
-0.008807256,-0.008648523,-0.008224548,-0.030482793,-0.012677805,-0.014068526,-0.006026405,-0.005887304,-0.005899802,-0.021497997,-0.008641734,-0.009047598,-0.004247659,-0.004237787,-0.00424782,-0.015819536,-0.006840701,-0.006621212
-0.00909781,-0.009165874,-0.009080687,-0.029278434,-0.015328068,-0.016055803,-0.005495497,-0.005626441,-0.00550341,-0.021666289,-0.008543373,-0.009258348,-0.004341755,-0.004305047,-0.004335876,-0.016465371,-0.006920428,-0.006716671
-0.009371381,-0.009137656,-0.008800962,-0.032399153,-0.01420953,-0.014728994,-0.005596348,-0.005535547,-0.005562962,-0.020594152,-0.009034219,-0.008566049,-0.004027393,-0.004012657,-0.004036568,-0.016295502,-0.006384503,-0.006628772
-0.007991097,-0.007836721,-0.007895978,-0.033278096,-0.013249999,-0.014251613,-0.005204994,-0.005175575,-0.005146462,-0.021191889,-0.008009663,-0.008231112,-0.003954052,-0.003870191,-0.003927634,-0.015649145,-0.005926026,-0.006160056
-0.008203542,-0.008144413,-0.008135962,-0.031427647,-0.013664831,-0.013669686,-0.005312371,-0.005307314,-0.005149096,-0.020572603,-0.007850082,-0.008207227,-0.003905493,-0.003974756,-0.004040678,-0.015377755,-0.006021548,-0.006198026
-0.008032395,-0.007835161,-0.007608701,-0.031507258,-0.013169848,-0.013209895,-0.005273315,-0.005207355,-0.005309879,-0.02041662,-0.007637348,-0.007799187,-0.003891786,-0.003879795,-0.004062127,-0.015077391,-0.005687763,-0.00580129
-0.007415984,-0.007358652,-0.007215686,-0.028683443,-0.012188282,-0.011920466,-0.004994265,-0.004885165,-0.005017397,-0.02057561,-0.007559997,-0.007695128,-0.003550882,-0.003585186,-0.003486026,-0.015541551,-0.005623386,-0.005666381
-0.008696179,-0.008687595,-0.008572358,-0.031980904,-0.011791569,-0.012106902,-0.005526165,-0.005481622,-0.005554347,-0.020043875,-0.0077486,-0.007621086,-0.004076641,-0.004173392,-0.004189497,-0.014901679,-0.005659814,-0.005732442
-0.01003742,-0.009735426,-0.009113347,-0.030302001,-0.013810184,-0.014165792,-0.005718414,-0.005913033,-0.005834584,-0.018947993,-0.008354842,-0.00852354,-0.004002631,-0.004086179,-0.004057921,-0.014418274,-0.006378609,-0.00645801
-0.009077617,-0.00888616,-0.009081246,-0.027109077,-0.012454862,-0.011716278,-0.005110635,-0.005073217,-0.005075277,-0.018983675,-0.007817743,-0.007531742,-0.003869166,-0.003817023,-0.003710764,-0.014271808,-0.005753386,-0.005983137
-0.007814417,-0.007932595,-0.00786803,-0.027478338,-0.012237036,-0.012431535,-0.005263265,-0.005086348,-0.005007839,-0.018074694,-0.007344778,-0.007157119,-0.00362518,-0.003501656,-0.003483902,-0.0140672,-0.005805329,-0.005790941
-0.007385906,-0.007361989,-0.007379719,-0.027981941,-0.012276061,-0.012424636,-0.005093981,-0.00497886,-0.004991911,-0.018383709,-0.0077021,-0.007426925,-0.003517394,-0.003508046,-0.003524036,-0.01405496,-0.005617317,-0.005549042
-0.00776075,-0.007623081,-0.007623027,-0.027248148,-0.012382948,-0.012040157,-0.005269499,-0.005347086,-0.005091539,-0.017712945,-0.007318046,-0.007314234,-0.00368379,-0.003587715,-0.003752437,-0.013527359,-0.005450067,-0.005732088
-0.008216647,-0.008148525,-0.008371687,-0.02675247,-0.011234654,-0.011213376,-0.005320931,-0.005318382,-0.004973446,-0.017702861,-0.006731887,-0.006774261,-0.003519561,-0.003565351,-0.003560876,-0.013775949,-0.005527308,-0.005555251
-0.007675278,-0.007420429,-0.007526143,-0.026870811,-0.01050017,-0.010743628,-0.005369302,-0.005373493,-0.005322536,-0.01730314,-0.007471464,-0.007377507,-0.004040327,-0.00404561,-0.003947641,-0.013430014,-0.005823792,-0.005671333
-0.0077656,-0.007418627,-0.007419504,-0.026767373,-0.010184399,-0.010202106,-0.00491139,-0.004834992,-0.004795994,-0.017890963,-0.0070604,-0.007035311,-0.003491253,-0.00347017,-0.003460117,-0.01379283,-0.005493944,-0.005497711
-0.007667368,-0.007487677,-0.007550019,-0.027594209,-0.011550018,-0.012064248,-0.005077096,-0.004925193,-0.004770795,-0.018274599,-0.006828481,-0.008001181,-0.003603149,-0.003617839,-0.003632383,-0.01516428,-0.005400205,-0.005920057
-0.006742601,-0.006686778,-0.006729923,-0.026867452,-0.012119046,-0.012545946,-0.004394029,-0.004386974,-0.004340191,-0.019654768,-0.006618114,-0.008059177,-0.00331228,-0.003345891,-0.003306739,-0.015379798,-0.005246071,-0.006187679
-0.007464032,-0.007601141,-0.007514824,-0.030375795,-0.011511668,-0.012410937,-0.004401795,-0.004401571,-0.004332823,-0.019654449,-0.007112896,-0.007293505,-0.003244771,-0.00324317,-0.003222715,-0.01529253,-0.005295158,-0.005800228
-0.007565979,-0.007665334,-0.007774182,-0.030003734,-0.011325322,-0.012232224,-0.004413707,-0.004438971,-0.004423022,-0.019446472,-0.006669592,-0.007062137,-0.003389569,-0.003401304,-0.003344083,-0.015057153,-0.005120768,-0.005488614
-0.007141635,-0.007050133,-0.006898645,-0.029061258,-0.011532689,-0.014015043,-0.004526827,-0.004599969,-0.004654279,-0.020171109,-0.006461719,-0.008544545,-0.00327459,-0.003214457,-0.003202913,-0.015818462,-0.005174663,-0.006519477
-0.007136258,-0.007103809,-0.007330764,-0.026764044,-0.011263636,-0.011147051,-0.004436784,-0.004457711,-0.004410672,-0.018117035,-0.00659553,-0.006862253,-0.00325102,-0.003317178,-0.003392651,-0.01408974,-0.005009249,-0.005137995
-0.00638787,-0.00644501,-0.006250767,-0.026810712,-0.011235069,-0.011267238,-0.004176293,-0.004178191,-0.004256881,-0.019008937,-0.006313735,-0.006767182,-0.003277608,-0.003314422,-0.003283269,-0.014196714,-0.004660626,-0.005287176
-0.005918777,-0.005909296,-0.005962101,-0.028577903,-0.010204951,-0.011287416,-0.00436735,-0.004254275,-0.004264983,-0.018567774,-0.005875009,-0.006620251,-0.003277975,-0.003279554,-0.003331126,-0.014022751,-0.004638722,-0.005247516
-0.006862802,-0.006853012,-0.006989467,-0.026532564,-0.009877445,-0.010561774,-0.003961869,-0.003914163,-0.003954991,-0.017707745,-0.006442758,-0.006564959,-0.002920351,-0.002951409,-0.002954504,-0.013250216,-0.00473315,-0.005050676
-0.007967858,-0.007596672,-0.007598255,-0.025540549,-0.008809975,-0.012112469,-0.004104039,-0.004143581,-0.004088952,-0.017834946,-0.006757508,-0.007779351,-0.003231467,-0.003193675,-0.00328743,-0.014012668,-0.005117766,-0.006071073
-0.006787758,-0.006725949,-0.006609282,-0.026598727,-0.008416152,-0.011003499,-0.004196297,-0.00431365,-0.004351739,-0.017398567,-0.005878872,-0.007171598,-0.002987547,-0.003088575,-0.00303359,-0.013193646,-0.004616826,-0.005670324
-0.00674921,-0.006554345,-0.006630247,-0.026487664,-0.008595407,-0.011930889,-0.00408778,-0.004024751,-0.00407534,-0.017611997,-0.00593277,-0.008084692,-0.003029897,-0.003018951,-0.002999874,-0.013679125,-0.004292605,-0.006314606
-0.00616701,-0.006150586,-0.005943743,-0.026323112,-0.008207702,-0.008654459,-0.004075249,-0.004127938,-0.004049904,-0.017888178,-0.005718494,-0.006155443,-0.0030233,-0.00305927,-0.003016441,-0.013163577,-0.00455897,-0.004898758
-0.006303431,-0.006206385,-0.00612265,-0.025735528,-0.010131377,-0.010978716,-0.004215019,-0.003993113,-0.004058926,-0.017412242,-0.005877308,-0.006090595,-0.003010083,-0.003077213,-0.003055439,-0.013264378,-0.004315084,-0.004443956
-0.006562197,-0.006342105,-0.006371503,-0.02647321,-0.010379864,-0.010085343,-0.004056887,-0.004190065,-0.004262362,-0.017387315,-0.005568624,-0.006290507,-0.002924943,-0.003008036,-0.003050703,-0.012976047,-0.004108132,-0.004715416
-0.006407217,-0.006078852,-0.006070904,-0.025231962,-0.010616987,-0.011596893,-0.004090962,-0.004091676,-0.004094974,-0.018340205,-0.006107288,-0.007181076,-0.003122291,-0.003169454,-0.003199179,-0.013373266,-0.005025189,-0.005390991
-0.007347693,-0.007108914,-0.006889306,-0.024739192,-0.010915411,-0.011047,-0.00444476,-0.004310807,-0.004317839,-0.017524107,-0.006873487,-0.007214363,-0.003120504,-0.003141143,-0.003188942,-0.014140517,-0.005171361,-0.005386484
-0.006649931,-0.006249875,-0.00624055,-0.026375124,-0.009695279,-0.010037143,-0.004249006,-0.004256387,-0.004172371,-0.017276028,-0.006345875,-0.006839668,-0.003230564,-0.003239506,-0.003204597,-0.013353041,-0.004880197,-0.005177477
-0.006151995,-0.006175772,-0.006144178,-0.026237447,-0.011227871,-0.011843981,-0.004098041,-0.00396709,-0.004023976,-0.017117212,-0.006645726,-0.006627657,-0.003095078,-0.003117941,-0.003158014,-0.013000568,-0.005175973,-0.004987545
-0.006262122,-0.00628872,-0.006316177,-0.026976558,-0.011530944,-0.011548395,-0.004195405,-0.004298068,-0.004192999,-0.017544175,-0.006735646,-0.0066497,-0.002968157,-0.002966168,-0.002982888,-0.013265438,-0.004996221,-0.005085992
-0.006663279,-0.00674636,-0.006404799,-0.027022174,-0.010602775,-0.010672516,-0.004455058,-0.004549346,-0.004503241,-0.017800961,-0.006507336,-0.006522066,-0.003048576,-0.003057483,-0.00305132,-0.013526369,-0.005025468,-0.005083354
-0.006547718,-0.006742629,-0.006651353,-0.027800103,-0.012096148,-0.012019709,-0.004246469,-0.004238613,-0.00440298,-0.017979154,-0.007421483,-0.007351583,-0.003147762,-0.002984023,-0.003105786,-0.014156707,-0.005678057,-0.005676525
-0.007463222,-0.007326565,-0.007055903,-0.026824553,-0.009912743,-0.010708802,-0.004394333,-0.00430766,-0.004181628,-0.018089261,-0.006928739,-0.007610621,-0.003164937,-0.003194131,-0.003098898,-0.014178443,-0.005782155,-0.005948536
-0.006974399,-0.007265883,-0.007453938,-0.026353046,-0.012214669,-0.011530555,-0.004686188,-0.004756984,-0.004684929,-0.018461861,-0.00746448,-0.008061382,-0.003415412,-0.003459413,-0.003368222,-0.014195655,-0.005801293,-0.006018537
-0.007836583,-0.007625643,-0.00752534,-0.028565192,-0.010523807,-0.010737468,-0.004805353,-0.004697474,-0.004846481,-0.017251912,-0.007250245,-0.007385684,-0.003482973,-0.00351712,-0.003436026,-0.013659838,-0.005463526,-0.00565121
-0.006996125,-0.007120588,-0.007234109,-0.02715188,-0.012611884,-0.013038317,-0.004412638,-0.004463658,-0.004379482,-0.017325549,-0.00713717,-0.007059316,-0.003393672,-0.003449315,-0.003449323,-0.013393127,-0.005499486,-0.005235659
-0.007418205,-0.00736408,-0.0074986,-0.029808905,-0.012685379,-0.012192473,-0.004992773,-0.004788418,-0.00474924,-0.018132397,-0.007723728,-0.007788953,-0.003437017,-0.003376869,-0.003409203,-0.013914553,-0.005255672,-0.005277908
-0.007935913,-0.007860648,-0.007271646,-0.029674259,-0.013817709,-0.013720968,-0.004852629,-0.00481576,-0.004824495,-0.01985302,-0.007178265,-0.007132635,-0.003789767,-0.003700286,-0.003631564,-0.014760875,-0.005346848,-0.005326989
-0.006836136,-0.006588412,-0.006830096,-0.028472441,-0.012731763,-0.012584089,-0.004415977,-0.004423108,-0.004354305,-0.020304137,-0.006999715,-0.007161464,-0.003155601,-0.003157054,-0.003205769,-0.014895308,-0.005554137,-0.005690373
-0.006149655,-0.006268404,-0.006351832,-0.027643296,-0.011890308,-0.011982058,-0.004394884,-0.004174237,-0.004253108,-0.019152179,-0.006641728,-0.006605643,-0.003158008,-0.003120376,-0.003073445,-0.014632711,-0.005186302,-0.00535068
-0.00692055,-0.006919054,-0.006663786,-0.028248581,-0.011020123,-0.010882629,-0.004428885,-0.004445147,-0.004286465,-0.018461468,-0.00685126,-0.006816834,-0.003443907,-0.003376905,-0.003316126,-0.014465033,-0.005172363,-0.005214381
-0.006950818,-0.007022121,-0.007061978,-0.028221106,-0.011671832,-0.012039081,-0.004299513,-0.004276302,-0.004282827,-0.019683818,-0.00703437,-0.007168015,-0.003198692,-0.003251336,-0.003217229,-0.014512605,-0.005449279,-0.005578647
-0.00662318,-0.006699936,-0.006619711,-0.028903499,-0.012266489,-0.012174671,-0.004672778,-0.004579325,-0.004556898,-0.019419899,-0.007257102,-0.007261334,-0.00324512,-0.00324176,-0.003369806,-0.014469822,-0.005750666,-0.005780933
-0.007220455,-0.007071087,-0.006945763,-0.02782574,-0.011477628,-0.011877237,-0.004285885,-0.004274141,-0.004266269,-0.018247937,-0.007107325,-0.006947736,-0.003064337,-0.003156826,-0.003156213,-0.014188373,-0.005548429,-0.005533387
-0.007613537,-0.007485475,-0.007615433,-0.027127237,-0.011511944,-0.011517303,-0.004400287,-0.004373214,-0.004521112,-0.018112004,-0.007027283,-0.007027941,-0.00304672,-0.003111717,-0.003152708,-0.013278513,-0.005244673,-0.005251202
-0.008747436,-0.00885214,-0.008573656,-0.027351838,-0.012140003,-0.012197178,-0.004943404,-0.004917779,-0.004849112,-0.018261931,-0.007125578,-0.007182905,-0.003563252,-0.003605517,-0.003581496,-0.01340275,-0.005478038,-0.005431103
-0.007865274,-0.007532812,-0.007464792,-0.029114123,-0.011559719,-0.011553531,-0.004748207,-0.004567027,-0.004719222,-0.018011567,-0.007506044,-0.007501181,-0.003444158,-0.003471967,-0.003501675,-0.014018341,-0.005627613,-0.005624931
-0.008217305,-0.008264175,-0.008227151,-0.028281075,-0.012027776,-0.011920148,-0.005159883,-0.00514301,-0.005118436,-0.017521439,-0.007133462,-0.007197879,-0.003613638,-0.003593266,-0.003551028,-0.01370493,-0.005739144,-0.005794742
-0.007917454,-0.007996996,-0.007790816,-0.026048177,-0.014176515,-0.014919564,-0.005127656,-0.005172172,-0.005030212,-0.019054002,-0.007829286,-0.00839857,-0.003946587,-0.003976931,-0.003950451,-0.014147194,-0.006082793,-0.006430719
-0.007841158,-0.007902356,-0.007821273,-0.024906066,-0.013164489,-0.012694295,-0.005309654,-0.005352248,-0.005288086,-0.019256702,-0.007680432,-0.00761241,-0.003873651,-0.003841425,-0.003803654,-0.014749087,-0.006019207,-0.006040944
-0.008634479,-0.008258641,-0.007798126,-0.024230695,-0.010101496,-0.010419839,-0.005020125,-0.004963184,-0.004786097,-0.017468976,-0.007263535,-0.00723357,-0.003635339,-0.003603552,-0.003621151,-0.013853444,-0.005787037,-0.005744453
-0.00681133,-0.00700666,-0.007088996,-0.024880489,-0.010782427,-0.011007205,-0.004422671,-0.004411958,-0.004505005,-0.018003827,-0.007531358,-0.007545456,-0.003267671,-0.003331067,-0.003306629,-0.014688679,-0.005983937,-0.005971844
-0.008906518,-0.008817533,-0.008992296,-0.030974846,-0.015015923,-0.014845473,-0.005692572,-0.005664235,-0.005547749,-0.021466432,-0.008646539,-0.008707331,-0.00406097,-0.004023052,-0.00403707,-0.014979606,-0.006344598,-0.006170011
-0.008181382,-0.00824312,-0.008271889,-0.028885002,-0.013368232,-0.013832067,-0.005183304,-0.00516153,-0.005169522,-0.020274809,-0.008934068,-0.009672851,-0.003695967,-0.00368861,-0.003747024,-0.016058623,-0.006858189,-0.007391284
-0.009146659,-0.009053457,-0.009155177,-0.040463072,-0.015782658,-0.015788933,-0.00626447,-0.006195422,-0.00604819,-0.025143595,-0.010016094,-0.009986571,-0.004334604,-0.004338234,-0.004485369,-0.019206506,-0.007542886,-0.007566466
-0.010337123,-0.010465911,-0.010569366,-0.034222009,-0.014739924,-0.0148355,-0.006067036,-0.006218937,-0.006294827,-0.023974416,-0.0099433,-0.009849933,-0.004489566,-0.004497494,-0.004410313,-0.019471233,-0.007497981,-0.007684171
-0.009267268,-0.009095926,-0.008852167,-0.033638992,-0.014150178,-0.013801509,-0.006238774,-0.00617057,-0.006184145,-0.024181608,-0.010140198,-0.01000647,-0.004635457,-0.004586963,-0.004749066,-0.019478307,-0.007874231,-0.00767736
-0.010795335,-0.011035204,-0.01072238,-0.036802611,-0.015224376,-0.014853746,-0.007114513,-0.007105588,-0.00700179,-0.024854977,-0.010649709,-0.010642941,-0.00522399,-0.005332012,-0.005311807,-0.019407935,-0.007853593,-0.00783165
-0.011217904,-0.01125898,-0.011676015,-0.033750632,-0.01631152,-0.01609591,-0.006984325,-0.006994819,-0.007133034,-0.024780886,-0.010218692,-0.010308365,-0.005306038,-0.005290563,-0.005263523,-0.019122084,-0.007872713,-0.007811782
-0.011146849,-0.011345326,-0.011229055,-0.040060423,-0.01676991,-0.015953402,-0.006513891,-0.006525863,-0.006669814,-0.025435059,-0.010081702,-0.010473806,-0.004647065,-0.004789188,-0.004855965,-0.019864636,-0.007532523,-0.008125404
-0.010410089,-0.010053627,-0.010211084,-0.035143243,-0.01581803,-0.01602072,-0.007497858,-0.007458258,-0.00748917,-0.024470207,-0.011074853,-0.011066291,-0.005616541,-0.005711506,-0.005540422,-0.019690665,-0.008110272,-0.008156088
-0.012458736,-0.011710866,-0.011534918,-0.040104923,-0.018404508,-0.019499096,-0.00747946,-0.007399953,-0.007373663,-0.026369496,-0.010828564,-0.011806911,-0.005658352,-0.005606447,-0.005599178,-0.020736775,-0.00844017,-0.008916735
-0.012185855,-0.012153273,-0.012108043,-0.03631774,-0.020749275,-0.020308899,-0.008471799,-0.008404392,-0.008357429,-0.027525851,-0.013832255,-0.013705578,-0.006123351,-0.006133486,-0.005934528,-0.022463072,-0.010534361,-0.010443633
-0.015150912,-0.014712582,-0.014160915,-0.037126696,-0.020792638,-0.020218109,-0.00874793,-0.008768319,-0.008896536,-0.026946837,-0.013811155,-0.013484304,-0.006722772,-0.006500998,-0.006413873,-0.021013711,-0.010792285,-0.010676463
-0.013172747,-0.013459573,-0.013851952,-0.042020951,-0.02084183,-0.021213646,-0.008744946,-0.008932453,-0.008674414,-0.028434936,-0.014252738,-0.015034832,-0.006606072,-0.006534719,-0.006602091,-0.022036332,-0.010384932,-0.010891891
-0.013683623,-0.013750982,-0.013526921,-0.040938869,-0.020145968,-0.019300195,-0.008241196,-0.008356869,-0.00824604,-0.027786465,-0.013677946,-0.013436131,-0.006360947,-0.006514319,-0.00634087,-0.021883772,-0.010199986,-0.01018134
-0.013464542,-0.013413723,-0.012990144,-0.038605905,-0.020555505,-0.021078854,-0.007989622,-0.008017212,-0.007969996,-0.026336584,-0.01323596,-0.012847859,-0.006324486,-0.006353221,-0.006340609,-0.020813741,-0.010046386,-0.010278164
-0.013105392,-0.013185368,-0.012938966,-0.035117247,-0.018250082,-0.018505702,-0.008610912,-0.008418359,-0.008364064,-0.025307031,-0.01319743,-0.012806998,-0.006305265,-0.006272125,-0.006247796,-0.019918055,-0.010209493,-0.010674624
-0.012528849,-0.01237698,-0.012319212,-0.035583329,-0.02085983,-0.020759855,-0.008271309,-0.008405954,-0.008380498,-0.026891531,-0.013759078,-0.013652957,-0.006498169,-0.006414068,-0.006379324,-0.020752132,-0.010892627,-0.010938008
-0.014327447,-0.014268024,-0.014391207,-0.0355885,-0.019818569,-0.020102705,-0.008174014,-0.008346274,-0.008339463,-0.025192086,-0.013020833,-0.013529646,-0.005739828,-0.005820981,-0.005814301,-0.019792183,-0.010986661,-0.010853923
-0.013767705,-0.0133875,-0.013254342,-0.034731296,-0.018206155,-0.020672049,-0.007873941,-0.007929826,-0.008139967,-0.024063593,-0.012799404,-0.013229971,-0.006114222,-0.006139646,-0.00617343,-0.019157714,-0.009481321,-0.009780026
-0.012507834,-0.012337807,-0.012419968,-0.034838393,-0.017579077,-0.018336037,-0.007452419,-0.007489502,-0.007488284,-0.025160742,-0.011649807,-0.01164188,-0.005366584,-0.005432884,-0.005616522,-0.020035012,-0.00870087,-0.008734498
-0.011841115,-0.011555047,-0.011451116,-0.033914197,-0.017551059,-0.017024196,-0.007609519,-0.007522786,-0.007453466,-0.024249071,-0.011233803,-0.011480283,-0.005649413,-0.00556644,-0.005510867,-0.019107126,-0.008926507,-0.008818863
-0.011973357,-0.01198839,-0.012339919,-0.035018647,-0.017888929,-0.017428786,-0.007147587,-0.007041024,-0.007146874,-0.022758306,-0.011796025,-0.012569006,-0.005312016,-0.00544117,-0.005513047,-0.018303647,-0.009062594,-0.009437486
-0.011951358,-0.011950961,-0.011948393,-0.035764803,-0.018440906,-0.019052485,-0.00730094,-0.007244402,-0.007148316,-0.022075452,-0.011485291,-0.011633338,-0.005198583,-0.005152705,-0.005204938,-0.018282947,-0.008956581,-0.008756703
-0.010359605,-0.01067417,-0.010026174,-0.031717083,-0.017512201,-0.017445222,-0.00652542,-0.006481946,-0.006556262,-0.0231887,-0.010749765,-0.01060746,-0.00480515,-0.004818929,-0.004833451,-0.017708905,-0.008209186,-0.0081676
-0.00979439,-0.009693316,-0.009901471,-0.034112507,-0.015986883,-0.017009166,-0.006591785,-0.006476215,-0.006509155,-0.021962592,-0.010923995,-0.011547534,-0.005056915,-0.005166337,-0.00501597,-0.017406118,-0.008393065,-0.008768845
-0.00947224,-0.009781532,-0.010046076,-0.032954502,-0.016379657,-0.018002143,-0.006261946,-0.006223861,-0.006538953,-0.022036327,-0.010870742,-0.011343531,-0.004544516,-0.004432596,-0.004360198,-0.017399823,-0.007980059,-0.008389097
-0.009054387,-0.009096745,-0.009145097,-0.031924031,-0.016043677,-0.016025787,-0.00621433,-0.006267939,-0.006189092,-0.021736416,-0.010252673,-0.010636043,-0.004837992,-0.00498576,-0.004881304,-0.017679868,-0.007687471,-0.008157891
-0.009226626,-0.008794291,-0.00908631,-0.031068464,-0.014205198,-0.015302226,-0.006066621,-0.006017811,-0.006055532,-0.021906341,-0.009728821,-0.010204853,-0.004689029,-0.004668284,-0.004699635,-0.017242229,-0.007395111,-0.007468751
-0.01012095,-0.00969538,-0.009407767,-0.029161524,-0.013816726,-0.014676971,-0.006078833,-0.005996791,-0.00607827,-0.02111886,-0.009725823,-0.010298248,-0.004624707,-0.004668969,-0.00454977,-0.017006627,-0.007514783,-0.007997586
-0.009581941,-0.009925811,-0.009961911,-0.030443176,-0.013399475,-0.013356034,-0.006417447,-0.006209541,-0.006276684,-0.021270951,-0.008618998,-0.008974457,-0.004460355,-0.004542267,-0.004585884,-0.016595929,-0.00671965,-0.006876716
-0.010095343,-0.009800849,-0.009754104,-0.030510606,-0.014329402,-0.014365505,-0.006017567,-0.006023995,-0.005967525,-0.021193116,-0.009524013,-0.00965517,-0.004355678,-0.004298517,-0.004212972,-0.016514034,-0.00722799,-0.007216815
-0.009890562,-0.009681098,-0.009767151,-0.028530436,-0.013439571,-0.013553908,-0.006162638,-0.005954539,-0.005884809,-0.020273102,-0.009315875,-0.009072753,-0.004451793,-0.004488291,-0.004442425,-0.015553012,-0.007475911,-0.007328855
-0.009201224,-0.009260119,-0.009512849,-0.030778311,-0.01399063,-0.014016958,-0.005607941,-0.005497109,-0.005496127,-0.020987865,-0.009274424,-0.009179516,-0.004203809,-0.004246321,-0.004217305,-0.016611907,-0.006719406,-0.006757767
-0.009584421,-0.009744252,-0.009434271,-0.031965141,-0.012511977,-0.012407048,-0.005625426,-0.005443156,-0.005417053,-0.021762951,-0.008367851,-0.008323446,-0.004194509,-0.004222447,-0.004123695,-0.016144622,-0.006537871,-0.006497304
-0.008643711,-0.008682498,-0.008918532,-0.030554563,-0.013634711,-0.013555275,-0.005927618,-0.005809356,-0.005910846,-0.02022274,-0.008908962,-0.008833677,-0.004039505,-0.004066376,-0.003958349,-0.015997791,-0.006603981,-0.006615137
-0.009037576,-0.009093286,-0.009034135,-0.034062181,-0.014738935,-0.014877845,-0.005837428,-0.00582944,-0.005958243,-0.021177048,-0.010210898,-0.010037866,-0.00403259,-0.004001501,-0.004033608,-0.01579015,-0.007813208,-0.007705624
-0.009951376,-0.009560355,-0.009625974,-0.03148847,-0.013573984,-0.013283817,-0.005608877,-0.005524491,-0.005535096,-0.020018394,-0.008959157,-0.008776166,-0.004041524,-0.004170267,-0.004075134,-0.016017665,-0.006998693,-0.00684022
-0.007066162,-0.007540834,-0.007945718,-0.0288789,-0.013191959,-0.014037662,-0.00499989,-0.005082743,-0.005036108,-0.020039937,-0.009267649,-0.008773631,-0.00364885,-0.003647612,-0.003777361,-0.015767561,-0.006906068,-0.007064824
-0.008343761,-0.008016008,-0.008277836,-0.029249171,-0.013307014,-0.013676731,-0.005093327,-0.005122991,-0.005151975,-0.020178253,-0.009055821,-0.009018565,-0.003728282,-0.003736722,-0.003724876,-0.01601365,-0.006891825,-0.006790913
-0.008277936,-0.008050696,-0.008098628,-0.034074626,-0.012521971,-0.012585236,-0.005335091,-0.005332053,-0.005344589,-0.020948648,-0.0086588,-0.008665241,-0.003876884,-0.003866605,-0.003887703,-0.014581304,-0.006758941,-0.00685837
-0.00778569,-0.00771448,-0.007886178,-0.029533631,-0.012923884,-0.013083085,-0.005066099,-0.005099546,-0.005173938,-0.019437628,-0.008660027,-0.00852268,-0.003897657,-0.003874127,-0.003894427,-0.015645855,-0.006697285,-0.006577982
-0.007762401,-0.007803012,-0.007758215,-0.030336621,-0.012544535,-0.012542459,-0.004956867,-0.004884018,-0.004996332,-0.020163838,-0.008201484,-0.008468166,-0.003647081,-0.003556805,-0.003574723,-0.015611901,-0.006581934,-0.006617666
-0.007975551,-0.008078459,-0.008078066,-0.035169691,-0.012939647,-0.01271512,-0.005137295,-0.005025655,-0.004893524,-0.020118806,-0.008279344,-0.008590992,-0.003755145,-0.003742438,-0.003677168,-0.015493392,-0.006021976,-0.006123308
-0.007172031,-0.007193151,-0.006971022,-0.028361521,-0.011624666,-0.016536087,-0.004907246,-0.004810441,-0.004749867,-0.022242767,-0.008316341,-0.011960457,-0.003481594,-0.003540858,-0.003575521,-0.016508355,-0.006564426,-0.009166205
-0.008317968,-0.008298211,-0.007778727,-0.029173387,-0.012219879,-0.014633654,-0.005532914,-0.005416799,-0.005376108,-0.021001838,-0.008501611,-0.010220489,-0.004128662,-0.004086439,-0.00400292,-0.015982066,-0.006708752,-0.008155397
-0.007456268,-0.007461012,-0.007362103,-0.02856894,-0.012513199,-0.016128999,-0.004661515,-0.004577896,-0.00462466,-0.02101072,-0.008187211,-0.009562783,-0.003380649,-0.003408373,-0.003447626,-0.01587987,-0.006595542,-0.00748334
-0.008048846,-0.007296842,-0.007303848,-0.027091432,-0.011318151,-0.014721264,-0.005237229,-0.005103276,-0.005092393,-0.019124893,-0.007923594,-0.009094555,-0.003732819,-0.003743545,-0.003753509,-0.015599722,-0.006304233,-0.007138237
-0.008613396,-0.008578356,-0.008431185,-0.028082621,-0.011750296,-0.012942821,-0.00499709,-0.004874242,-0.004829927,-0.01951364,-0.00802737,-0.009096506,-0.003548247,-0.003551576,-0.003510506,-0.015706796,-0.006071738,-0.007181306
-0.007652661,-0.007617191,-0.007363721,-0.030687604,-0.011963178,-0.012072133,-0.004824118,-0.00487723,-0.004953231,-0.020058882,-0.008579884,-0.008552502,-0.003728108,-0.003607327,-0.003565116,-0.015039223,-0.006196345,-0.00621587
-0.00835725,-0.007996263,-0.007906104,-0.029997047,-0.013239622,-0.018734321,-0.004948985,-0.00512772,-0.005106619,-0.021239958,-0.007937044,-0.011074129,-0.003460408,-0.00346266,-0.003472104,-0.015946628,-0.006149519,-0.008707612
-0.008157145,-0.007232405,-0.007331404,-0.028915178,-0.012135884,-0.01291265,-0.004722145,-0.00469281,-0.004696513,-0.021404479,-0.007773133,-0.00917042,-0.00357688,-0.003493327,-0.003593685,-0.016060539,-0.006158198,-0.007267549
-0.008009724,-0.007884471,-0.007756271,-0.031792065,-0.012752829,-0.012475461,-0.005417223,-0.005260255,-0.005200831,-0.020935808,-0.007952876,-0.008726686,-0.004041485,-0.003999485,-0.003884658,-0.014976763,-0.006317635,-0.006619566
-0.008227606,-0.007896374,-0.008028307,-0.032738757,-0.012308822,-0.013335943,-0.00533388,-0.005353537,-0.005260725,-0.019955036,-0.008308601,-0.008850162,-0.003979322,-0.003998168,-0.004014992,-0.014374343,-0.006646314,-0.006962794
-0.007442944,-0.007724295,-0.007454199,-0.029929815,-0.012464014,-0.013534476,-0.004446916,-0.004508572,-0.00429459,-0.019507964,-0.008096802,-0.008591979,-0.003287814,-0.00326269,-0.003283205,-0.014322799,-0.005809513,-0.006474049
-0.007761495,-0.007657445,-0.007505656,-0.028905242,-0.012208054,-0.013070879,-0.004418503,-0.004320148,-0.004305605,-0.018646068,-0.00763077,-0.008405943,-0.003255981,-0.003330979,-0.003326524,-0.014055225,-0.005810567,-0.006103714
-0.009695,-0.009760847,-0.009604161,-0.029705477,-0.012155145,-0.013581179,-0.005059575,-0.004897403,-0.004784045,-0.018991324,-0.007836956,-0.008791232,-0.003732442,-0.003727985,-0.00368907,-0.013835021,-0.00607981,-0.006718967
-0.008522049,-0.008273517,-0.008126708,-0.028847011,-0.011894815,-0.013875133,-0.005751089,-0.005745215,-0.005602607,-0.019993113,-0.008526032,-0.009252441,-0.004265448,-0.00431524,-0.004225921,-0.0149379,-0.006603869,-0.006948252
-0.009088819,-0.009127437,-0.009140327,-0.031833913,-0.013789952,-0.012988068,-0.005004416,-0.005061404,-0.004967517,-0.018865508,-0.008127555,-0.008041918,-0.00365585,-0.003681452,-0.003657379,-0.013700842,-0.006274906,-0.006351479
-0.008258642,-0.007973354,-0.00811942,-0.03206526,-0.012383781,-0.01377659,-0.005744089,-0.005675117,-0.005749401,-0.018921624,-0.008474523,-0.008811536,-0.004097185,-0.004041971,-0.004052497,-0.013598404,-0.006469352,-0.006744686
-0.007710476,-0.007941523,-0.007934008,-0.024520473,-0.011453229,-0.011660247,-0.005288837,-0.005392345,-0.005255474,-0.017532089,-0.007849627,-0.00742178,-0.003921822,-0.003854272,-0.003913739,-0.013594665,-0.005732149,-0.005673704
-0.008981325,-0.009082333,-0.008964716,-0.029462583,-0.013772796,-0.014002223,-0.00517436,-0.005209257,-0.005222464,-0.01822929,-0.009142091,-0.009480127,-0.004072136,-0.004032346,-0.004037403,-0.014039273,-0.007111761,-0.007172565
-0.008592885,-0.008416927,-0.008404748,-0.026070318,-0.012115732,-0.013385004,-0.005226635,-0.005149767,-0.004978279,-0.018841584,-0.008233238,-0.009032618,-0.003511307,-0.003563641,-0.003665959,-0.014382381,-0.006339159,-0.007003398
-0.00934739,-0.009224269,-0.008780712,-0.024863815,-0.013361478,-0.014301706,-0.005493668,-0.005493142,-0.005388786,-0.018168593,-0.008678999,-0.008836337,-0.00394997,-0.003942038,-0.003951705,-0.014520378,-0.006873672,-0.006984196
-0.007409326,-0.007624365,-0.007438583,-0.025987403,-0.012323712,-0.013681881,-0.004778909,-0.004870569,-0.004843537,-0.017692455,-0.008108693,-0.008178159,-0.003659694,-0.003704174,-0.003700528,-0.013837918,-0.006460052,-0.006739936
-0.00722552,-0.007580657,-0.00751422,-0.023091313,-0.012110377,-0.012422591,-0.004542592,-0.004497796,-0.004502024,-0.016687178,-0.007239308,-0.007853828,-0.003341197,-0.003340769,-0.003283639,-0.013279,-0.005910802,-0.006144488
-0.00722213,-0.007374463,-0.007261138,-0.025340678,-0.012218866,-0.012196098,-0.004444467,-0.004565018,-0.004630563,-0.017775469,-0.007882726,-0.008540773,-0.003315025,-0.003343094,-0.003315886,-0.014208892,-0.006082786,-0.006746149
-0.007415696,-0.0073328,-0.00726153,-0.027110289,-0.011602976,-0.012858545,-0.00509169,-0.005146688,-0.005060997,-0.019473737,-0.008261547,-0.008260473,-0.003912478,-0.0039488,-0.003979496,-0.015627068,-0.006394211,-0.006528606
-0.007688677,-0.007572894,-0.007458739,-0.026180089,-0.011175881,-0.011139844,-0.004883925,-0.004835561,-0.004856219,-0.018611469,-0.007968076,-0.007961823,-0.003568557,-0.003620776,-0.003628269,-0.014321765,-0.006218755,-0.006277387
-0.007417798,-0.007470927,-0.007370792,-0.026941429,-0.01145799,-0.011344752,-0.004844177,-0.004857727,-0.00496854,-0.018364365,-0.007845881,-0.008206173,-0.003566145,-0.003666835,-0.003588902,-0.014477773,-0.006017037,-0.006189216
-0.007150315,-0.007169615,-0.007402519,-0.026420422,-0.011561561,-0.011535193,-0.004767804,-0.004706892,-0.004661403,-0.01752152,-0.008059191,-0.008103891,-0.003671201,-0.00357323,-0.003541756,-0.014071289,-0.006017807,-0.005950746
-0.007308074,-0.007233658,-0.007131525,-0.023904738,-0.010075099,-0.010453657,-0.00446476,-0.004454413,-0.004510811,-0.018439228,-0.007603051,-0.007706165,-0.003376418,-0.003308832,-0.003246204,-0.014059173,-0.005570001,-0.005667466
-0.006958569,-0.006962083,-0.006763835,-0.025057312,-0.011003222,-0.011641073,-0.004594326,-0.004681627,-0.004622034,-0.018150725,-0.007181848,-0.007552463,-0.003357924,-0.003356755,-0.003319423,-0.014255678,-0.005506187,-0.005843823
-0.007590517,-0.007740025,-0.00743916,-0.026004892,-0.011635353,-0.011407973,-0.004923148,-0.004860533,-0.00483687,-0.017573781,-0.008115344,-0.00795859,-0.003605819,-0.003652483,-0.003677934,-0.013316227,-0.005992292,-0.005992799
-0.00769537,-0.007580214,-0.007531292,-0.024742643,-0.01162487,-0.011675069,-0.004923669,-0.0049074,-0.004840566,-0.018040597,-0.007743285,-0.007739735,-0.003602224,-0.003708474,-0.003654592,-0.013693754,-0.006076622,-0.006080744
-0.007365626,-0.007163645,-0.00693533,-0.026501249,-0.01127151,-0.011887796,-0.004553541,-0.004445273,-0.004533412,-0.017375277,-0.006954913,-0.007070596,-0.003207111,-0.003107897,-0.003110149,-0.01341845,-0.005253976,-0.005577046
-0.006368382,-0.006215617,-0.006450776,-0.030454635,-0.011356807,-0.010928366,-0.004365233,-0.004335645,-0.004268515,-0.018601737,-0.007344119,-0.007368691,-0.003471821,-0.003385663,-0.00341541,-0.013918908,-0.005825385,-0.005855326
-0.007304065,-0.007554366,-0.007157787,-0.026951381,-0.010834221,-0.010835524,-0.004462726,-0.004489521,-0.004357888,-0.018762288,-0.007119548,-0.00712108,-0.003378343,-0.003266914,-0.003231194,-0.014258985,-0.005706257,-0.005686002
-0.006760214,-0.006984445,-0.006976358,-0.027079107,-0.009931441,-0.009802626,-0.004361669,-0.004369614,-0.004450497,-0.018098342,-0.006973556,-0.006991604,-0.003399717,-0.003385829,-0.003406735,-0.013700596,-0.00543068,-0.005452492
-0.00674167,-0.006671606,-0.006431816,-0.026050967,-0.01018013,-0.011140318,-0.004384483,-0.004302168,-0.004479475,-0.017948917,-0.007143669,-0.007578112,-0.003229907,-0.003142247,-0.003208505,-0.01436945,-0.005561719,-0.005918434
-0.006311972,-0.006193253,-0.006034896,-0.025927178,-0.010550239,-0.010905527,-0.004437669,-0.004449265,-0.00440703,-0.017888565,-0.007491349,-0.007335717,-0.003117921,-0.003121706,-0.003137806,-0.014618668,-0.005834408,-0.005630852
-0.006918921,-0.006604913,-0.006360691,-0.025033785,-0.011512797,-0.011366535,-0.004516078,-0.00427676,-0.004363416,-0.017742673,-0.007278582,-0.007443727,-0.003248646,-0.003221032,-0.003238288,-0.015167168,-0.005675682,-0.005705776
-0.006360493,-0.006529398,-0.006555475,-0.027370781,-0.010844452,-0.010993794,-0.004679689,-0.004648366,-0.004584033,-0.019120651,-0.007331058,-0.007464157,-0.00374789,-0.003730165,-0.003644424,-0.014006122,-0.005563866,-0.005652534
-0.007340542,-0.007108677,-0.006990444,-0.027108981,-0.011946997,-0.011763914,-0.004849985,-0.004843499,-0.004899274,-0.019173396,-0.00729737,-0.007195883,-0.003740806,-0.003655441,-0.00358451,-0.014657497,-0.005513403,-0.00545853
-0.007621166,-0.007438537,-0.007367804,-0.026719255,-0.011467174,-0.011701588,-0.004732185,-0.004490724,-0.004466564,-0.019346833,-0.007664926,-0.007523701,-0.003375001,-0.003320983,-0.003345537,-0.014568725,-0.005822644,-0.005817298
-0.007106195,-0.007521106,-0.006946572,-0.030272737,-0.011622045,-0.011427206,-0.004383479,-0.00439864,-0.004248259,-0.019343171,-0.007776679,-0.007745808,-0.003232635,-0.003135504,-0.003121645,-0.014833812,-0.00573657,-0.00565444
-0.007021634,-0.006997706,-0.00695432,-0.028745519,-0.012517,-0.012127112,-0.004679901,-0.004756873,-0.004533645,-0.018425608,-0.007483582,-0.007578354,-0.003558182,-0.003519884,-0.0035819,-0.014685078,-0.005842502,-0.006017213
-0.007754568,-0.007717281,-0.007527495,-0.029488078,-0.012774174,-0.01342212,-0.00448346,-0.00439489,-0.004382097,-0.019251469,-0.008183103,-0.008231947,-0.003309815,-0.003417736,-0.003487131,-0.014678501,-0.006089445,-0.006176121
-0.007648828,-0.007582065,-0.007552478,-0.030158131,-0.012384248,-0.012483426,-0.004709077,-0.004642329,-0.004710684,-0.019664227,-0.008134208,-0.008129185,-0.003427532,-0.003469277,-0.003366189,-0.015656552,-0.006158506,-0.006232035
-0.008205246,-0.008187103,-0.007879546,-0.027343807,-0.012667013,-0.012676625,-0.005093654,-0.005026677,-0.005060133,-0.020284659,-0.008735672,-0.008567763,-0.003974444,-0.003869825,-0.003901883,-0.015314647,-0.006691953,-0.006561274
-0.009116862,-0.008774736,-0.008785668,-0.027397348,-0.012846283,-0.012664291,-0.005865416,-0.005648457,-0.005558622,-0.019739806,-0.008302547,-0.008341509,-0.004112074,-0.004186217,-0.004062868,-0.014546006,-0.006560714,-0.006648545
-0.007719797,-0.007842956,-0.007877138,-0.030754716,-0.013766387,-0.013538611,-0.005098123,-0.004874512,-0.004870026,-0.018994512,-0.008507813,-0.008748052,-0.003621829,-0.003565422,-0.0034832,-0.014236101,-0.006336409,-0.006777022
-0.008814628,-0.008609847,-0.008884707,-0.031649315,-0.012983385,-0.013928941,-0.005288069,-0.005119002,-0.005143217,-0.019336709,-0.008353119,-0.009572405,-0.003891671,-0.003831549,-0.003897111,-0.015221388,-0.00649702,-0.007102831
-0.008100503,-0.007873664,-0.007812553,-0.028907281,-0.011693529,-0.011706862,-0.005123455,-0.005086929,-0.005149889,-0.019680339,-0.008008541,-0.008016761,-0.003963597,-0.003977498,-0.003886658,-0.01527813,-0.006317353,-0.006310508
-0.007224996,-0.007439921,-0.007577751,-0.026768259,-0.011432475,-0.011577583,-0.005178026,-0.005126939,-0.005208701,-0.01932854,-0.008018566,-0.00792544,-0.003770068,-0.003789597,-0.003808385,-0.015317354,-0.006282886,-0.006354545
-0.007199348,-0.007323966,-0.007434121,-0.03100841,-0.013916939,-0.015026065,-0.00483444,-0.004924598,-0.004805336,-0.018341813,-0.007951858,-0.008339923,-0.00362988,-0.003646382,-0.003541953,-0.014012972,-0.005950998,-0.006482218
-0.008183034,-0.008071679,-0.007632091,-0.028766958,-0.013462018,-0.014136281,-0.004761213,-0.004749705,-0.00473454,-0.019237717,-0.007781885,-0.007865543,-0.00378243,-0.003712855,-0.003690271,-0.01433415,-0.005915986,-0.006073037
-0.007554474,-0.007407387,-0.007574431,-0.026200383,-0.010492446,-0.010979503,-0.004727996,-0.004903304,-0.004858473,-0.019264153,-0.007263862,-0.007566362,-0.003424713,-0.003548808,-0.003497545,-0.014506709,-0.005705536,-0.005787258
-0.006606141,-0.006844443,-0.006656471,-0.030030786,-0.011339094,-0.01200667,-0.004689348,-0.004733174,-0.004796813,-0.01828337,-0.007694461,-0.008980892,-0.003521711,-0.003446772,-0.003471957,-0.014027251,-0.006112787,-0.006418553
-0.007063111,-0.007027851,-0.006964239,-0.030151098,-0.01228808,-0.013157832,-0.004706893,-0.004567036,-0.004408037,-0.019106991,-0.007755376,-0.008328446,-0.00343197,-0.003373631,-0.003274424,-0.014650354,-0.00572979,-0.005961693
-0.006864437,-0.006605236,-0.006974582,-0.031563732,-0.01198512,-0.013813628,-0.004800622,-0.004761477,-0.004768397,-0.017976473,-0.007386652,-0.008414454,-0.003617921,-0.003606635,-0.003582708,-0.013640792,-0.005690915,-0.006365337
-0.007357018,-0.007390552,-0.007415327,-0.031799097,-0.011605175,-0.014061647,-0.004698444,-0.004604719,-0.004676853,-0.018086494,-0.007456013,-0.007550305,-0.003617555,-0.003613342,-0.003586661,-0.01388248,-0.005556186,-0.005501913
-0.00743431,-0.00741903,-0.007369186,-0.031291671,-0.010512531,-0.010748967,-0.004960054,-0.00491402,-0.004896708,-0.017972529,-0.007235628,-0.007274013,-0.00379261,-0.003700467,-0.003621682,-0.014014881,-0.005770664,-0.005656713
-0.008001124,-0.007833599,-0.007944315,-0.026036392,-0.011784248,-0.011845387,-0.004644123,-0.004461425,-0.004509922,-0.018008824,-0.007551503,-0.007009917,-0.003480435,-0.003494065,-0.003456735,-0.013453611,-0.005524872,-0.005606999
-0.006508181,-0.006588158,-0.006634517,-0.030373147,-0.01155052,-0.012436756,-0.00471913,-0.004596535,-0.004582782,-0.0184972,-0.007303082,-0.007433297,-0.003492306,-0.003474265,-0.003515363,-0.014174181,-0.005603891,-0.005789783
-0.006804759,-0.00673238,-0.006759397,-0.028531032,-0.01224443,-0.013770953,-0.004653269,-0.004654141,-0.004717418,-0.018667842,-0.007560693,-0.008033337,-0.003395469,-0.003310626,-0.003470667,-0.014099353,-0.005666612,-0.006039301
-0.007808942,-0.007906748,-0.007548435,-0.031248923,-0.012312243,-0.012402061,-0.004767299,-0.004893511,-0.005017021,-0.018392739,-0.007619977,-0.007334166,-0.003552858,-0.003517561,-0.003461673,-0.014202426,-0.005600801,-0.005656262
-0.007729804,-0.007502176,-0.007604311,-0.027417575,-0.011283081,-0.0114804,-0.004882515,-0.004858228,-0.004871483,-0.018452807,-0.007681278,-0.007786097,-0.003752257,-0.003687756,-0.003705454,-0.013505859,-0.005921965,-0.006056508
-0.008429667,-0.00852708,-0.008061641,-0.027708255,-0.012599758,-0.011747293,-0.005443457,-0.005390548,-0.005575666,-0.017827712,-0.007932994,-0.008137875,-0.003865128,-0.003784795,-0.003803554,-0.014117836,-0.006009464,-0.006039102
-0.008078389,-0.008475481,-0.008004848,-0.025613548,-0.012372987,-0.012691856,-0.005319375,-0.00527708,-0.005332227,-0.016575112,-0.007653646,-0.00738778,-0.004058841,-0.004125615,-0.004113561,-0.013478208,-0.005861826,-0.005684611
-0.007551562,-0.007414305,-0.007604384,-0.024292312,-0.012468505,-0.01220375,-0.005355706,-0.005440311,-0.00511347,-0.018286327,-0.007899197,-0.007949825,-0.003633308,-0.00355696,-0.003521507,-0.013414482,-0.006135508,-0.005902948
-0.008047391,-0.008029951,-0.008037091,-0.026630304,-0.011222526,-0.011222729,-0.005747556,-0.005649983,-0.005630567,-0.017211616,-0.007508627,-0.007497719,-0.003990228,-0.004102559,-0.004086642,-0.014097826,-0.00591559,-0.00592743
-0.008665294,-0.008300431,-0.008269528,-0.027144331,-0.011891458,-0.011758465,-0.005642789,-0.005632571,-0.005727027,-0.017803197,-0.007749259,-0.00772948,-0.004068467,-0.004020012,-0.004024781,-0.014369806,-0.005938742,-0.00595701
-0.008240522,-0.008225649,-0.00797304,-0.028234806,-0.011261791,-0.012453083,-0.005664702,-0.005616134,-0.005504355,-0.017633483,-0.007903784,-0.00796108,-0.003982684,-0.00395497,-0.003889212,-0.013798517,-0.006265802,-0.006300017
-0.007020442,-0.007241339,-0.007248211,-0.027088381,-0.011018981,-0.010931499,-0.004938146,-0.004829506,-0.004881157,-0.017443732,-0.007170826,-0.007134767,-0.003520543,-0.00353696,-0.003738297,-0.01362886,-0.005512997,-0.005480094
-0.00773598,-0.007458801,-0.007571969,-0.025546725,-0.0109836,-0.011114598,-0.004888781,-0.005127064,-0.004845109,-0.017827746,-0.007170756,-0.007143655,-0.003665967,-0.003584741,-0.003581914,-0.013627475,-0.005698621,-0.005515562
-0.007326449,-0.007082621,-0.007264957,-0.02729477,-0.011247461,-0.011207685,-0.004808048,-0.004768695,-0.004744367,-0.017214782,-0.007263348,-0.007912405,-0.003510056,-0.003472922,-0.003502818,-0.013546207,-0.005679253,-0.005901437
-0.007787952,-0.007641495,-0.007341329,-0.031167556,-0.012707376,-0.012851193,-0.004930268,-0.004751554,-0.00483539,-0.018696748,-0.007709502,-0.007904918,-0.003705031,-0.003687921,-0.003677134,-0.014203046,-0.005950511,-0.005974239
-0.007183039,-0.007339148,-0.007119592,-0.031451574,-0.012366364,-0.013603815,-0.005309552,-0.005285017,-0.00520135,-0.01857009,-0.008659001,-0.008561014,-0.003903113,-0.00385743,-0.003770798,-0.015020695,-0.006389896,-0.006543501
-0.007993491,-0.008022857,-0.008322323,-0.027970998,-0.013224196,-0.013313504,-0.004957525,-0.004885796,-0.004958564,-0.019857703,-0.00871798,-0.008738364,-0.003753412,-0.00381449,-0.003771393,-0.014597069,-0.006545705,-0.006576527
-0.009865782,-0.009795006,-0.009726009,-0.029045004,-0.012698634,-0.012523602,-0.005648903,-0.005513536,-0.005417227,-0.019676023,-0.008126959,-0.008114872,-0.004149071,-0.004142023,-0.004023379,-0.014846516,-0.006466689,-0.006459639
-0.006897496,-0.006824082,-0.006779568,-0.027088508,-0.011913315,-0.013261501,-0.004572497,-0.004574537,-0.00458602,-0.019601936,-0.008326043,-0.008786267,-0.003377619,-0.003215601,-0.003381199,-0.014733707,-0.006762794,-0.006877254
-0.007389235,-0.007497481,-0.007065543,-0.030747624,-0.01297113,-0.012604893,-0.005105914,-0.005064571,-0.005042973,-0.019483107,-0.007877112,-0.007939988,-0.00355123,-0.003562723,-0.003655493,-0.014888612,-0.006379388,-0.006199331
-0.00735204,-0.007451698,-0.007317501,-0.032109066,-0.01266189,-0.012474107,-0.004376796,-0.00441106,-0.004541433,-0.019816164,-0.008152427,-0.008063068,-0.003548205,-0.00352651,-0.003522643,-0.015442197,-0.006307728,-0.006094582
-0.006794571,-0.006795145,-0.006620548,-0.027967561,-0.010367296,-0.010268752,-0.004358079,-0.004310424,-0.004298419,-0.018513251,-0.007350455,-0.007152681,-0.003372286,-0.003403423,-0.003328933,-0.015102106,-0.005927222,-0.00591888