"V1","V2","V3","V4","V5","V6","V7","V8","V9","V10","V11","V12","V13","V14","V15","V16","V17","V18"
-0.049645981365346,-0.0496819959182299,-0.0497797057886973,-0.0804597307497807,-0.0546356478479837,-0.0559898569132531,-0.0280445615593784,-0.0279207773175679,-0.0280233253961869,-0.0543659246906659,-0.0323815072593897,-0.0344537657810561,-0.0218237903856655,-0.0217542838087134,-0.0217383459063375,-0.0425016539683704,-0.0247762025675652,-0.0257703190122791
-0.0496459836726494,-0.0496756749843565,-0.0497716716086704,-0.0804597307497807,-0.0546236513613,-0.0560148915306028,-0.0280445627104045,-0.0279150078251514,-0.0280192831732493,-0.0543659246906659,-0.0323821897627044,-0.0344664275273214,-0.0218237921651045,-0.0217500435831173,-0.0217431507777991,-0.0425016539683704,-0.0247789352509205,-0.0257627374501538
-0.0494294800965136,-0.0495586604519115,-0.0495815404459508,-0.0804597307497807,-0.0546205147635592,-0.0560797187020388,-0.0279362645644053,-0.0279383759496295,-0.0279207103139369,-0.0543659246906659,-0.0323808218374838,-0.0345023499520158,-0.0217593266736599,-0.0217676928669125,-0.0217176955276355,-0.0425016539683704,-0.0247771974258055,-0.0258215004823177
-0.0495626903205226,-0.0496142320782728,-0.0495483501568772,-0.0804597307497807,-0.0546096744811234,-0.0560418632491506,-0.0279676716771918,-0.0279539485835849,-0.0279375015688374,-0.0543659246906659,-0.0323514362016074,-0.0344948779006781,-0.0216888246232834,-0.0216946051224487,-0.0216590171916844,-0.0425016539683704,-0.0247141694438105,-0.0257979264632096
-0.0495626903451211,-0.0496248084161064,-0.0495180677711927,-0.0804597307497807,-0.0546065877071032,-0.0559993889627488,-0.0279676716620715,-0.0279559259034363,-0.0279420630564444,-0.0543659246906659,-0.0323480358325776,-0.0345031581963443,-0.0216888246155565,-0.0216967674057266,-0.0216654962942312,-0.0425016539683704,-0.024713670370131,-0.0258019947745233
-0.0493853702829566,-0.0494717650956338,-0.0495137840412139,-0.0804597307497807,-0.0546068668918541,-0.056104933932304,-0.0279680777635943,-0.0279272050383863,-0.0280487379681897,-0.0543659246906659,-0.0323489736920106,-0.03452604733046,-0.0216929720516256,-0.0216753166279547,-0.0217418979489641,-0.0425016539683704,-0.0247130258385764,-0.0258197163973756
-0.0496280032632115,-0.0494815783286391,-0.049615340575442,-0.0804597307497807,-0.0545929750947093,-0.0562045119583585,-0.0279551777359354,-0.0279656880614164,-0.0280209273819456,-0.0543659246906659,-0.0323571962443381,-0.0345734315997149,-0.0216831633423987,-0.0216784011201039,-0.0216728437534375,-0.0425016539683704,-0.0247171035706692,-0.0258418796275965
-0.049474131485693,-0.049330790796663,-0.0496172561630707,-0.0804597307497807,-0.0546026781267623,-0.0562775903449687,-0.0279613841608376,-0.0279894042266373,-0.0280359819444188,-0.0543659246906659,-0.0323672343859509,-0.0346483426764579,-0.0217058542665117,-0.0217124886038923,-0.0217005422254293,-0.0425016539683704,-0.0246890207042322,-0.025866529518334
-0.0494717214972008,-0.0493307933233363,-0.0496599710177457,-0.0804597307497807,-0.054578448692439,-0.056388923698779,-0.0279607487920349,-0.0279893979242677,-0.0280736151203662,-0.0543659246906659,-0.0323460112586853,-0.0348559712262738,-0.021705883839577,-0.021712483890921,-0.0217184477218028,-0.0425016539683704,-0.0246843612838088,-0.0260836655076826
-0.0497027579449355,-0.0496584358248529,-0.0497258611275074,-0.0804597307497807,-0.0545745218892538,-0.0563644997886674,-0.0280654481748497,-0.0279821739725359,-0.0280810149125544,-0.0543659246906659,-0.0323428599446253,-0.0350252523261122,-0.0217629958382226,-0.0217215157774344,-0.0217664929227468,-0.0425016539683704,-0.0246855149436749,-0.026252870113663
-0.0497107268276241,-0.0495707574854616,-0.0497036861577416,-0.0804597307497807,-0.0545628364166166,-0.0562783606761795,-0.0279714100853186,-0.0279821856969759,-0.0280947363405077,-0.0543659246906659,-0.0323432234227307,-0.0350697271309405,-0.0217318518688129,-0.0217498088040683,-0.0217770717139409,-0.0425016539683704,-0.0246855301040413,-0.0262950016047977
-0.0493623814354935,-0.0493216976618634,-0.0497084509899329,-0.0804597307497807,-0.0545640113822307,-0.0562873527455693,-0.0280555724139372,-0.0279351710247538,-0.0280285521307841,-0.0543659246906659,-0.0323424937472672,-0.0350684894614484,-0.0218007165900528,-0.0217310758642858,-0.0217716659425608,-0.0425016539683704,-0.0246858647545518,-0.0262786666338638
-0.049490680609668,-0.0496619354103696,-0.0496670174631692,-0.0804597307497807,-0.0545192941459035,-0.0562442743879626,-0.0280613825906595,-0.0280926458061501,-0.0280597131192231,-0.0543659246906659,-0.0323147155910227,-0.0349144394266951,-0.0217767721173957,-0.0217748728360419,-0.0217416882357302,-0.0425016539683704,-0.0246300826392777,-0.0260634054261818
-0.0491071728200962,-0.0491507097283734,-0.0494657813938221,-0.0804597307497807,-0.0545157751774963,-0.0561728409649509,-0.0280292820306032,-0.0280435632328833,-0.0280852302357535,-0.0543659246906659,-0.0323129133366207,-0.034859302180165,-0.0217705076709693,-0.0217685669098362,-0.0217745593874414,-0.0425016539683704,-0.0246307659141691,-0.0260323437821222
-0.0490321294207848,-0.0490978691668455,-0.0492755752092082,-0.0804597307497807,-0.0545202704632349,-0.0560578322669991,-0.0280292709904058,-0.0281014761385705,-0.0280319353024267,-0.0543659246906659,-0.0323155335019034,-0.0347178615189456,-0.0217757426872965,-0.0217657449789283,-0.0217321568909228,-0.0425016539683704,-0.0246306529020904,-0.0259394549057834
-0.0490519941297193,-0.0491025576564541,-0.0492535539615151,-0.0804597307497807,-0.0545162567173409,-0.0559644825537412,-0.0280328883959207,-0.0280999136664266,-0.0280415763288569,-0.0543659246906659,-0.0323163459864044,-0.0346707302522056,-0.0217829567688087,-0.0217667955507959,-0.021743621980586,-0.0425016539683704,-0.0246311859277382,-0.0258860965483051
-0.0492396110854067,-0.0492329912739694,-0.049137543194332,-0.0804597307497807,-0.0545184761322175,-0.0559360046505524,-0.0281056406006832,-0.0280572829064017,-0.0279865199217477,-0.0543659246906659,-0.0323240662677059,-0.0345765850394069,-0.0218089542651363,-0.0217724482237942,-0.0216985787106478,-0.0425016539683704,-0.0246332907078723,-0.0257947875171896
-0.0489220568619439,-0.0491767031500766,-0.0491927077046907,-0.0804597307497807,-0.0545205774171431,-0.0559922759841894,-0.0280181703436828,-0.0280445459289567,-0.0279767044115995,-0.0543659246906659,-0.0323291547367269,-0.0345687215677474,-0.0217590999566121,-0.0217658810890322,-0.0217212396703978,-0.0425016539683704,-0.0246384141557794,-0.0257875669715385
-0.0488762629576623,-0.0491422020513256,-0.0491528726349125,-0.0804597307497807,-0.0545232015370658,-0.0561084961209247,-0.028014095030418,-0.028012930475089,-0.0280092255437264,-0.0543659246906659,-0.0323289436296475,-0.0346098994951998,-0.0217433840439658,-0.0217386932617974,-0.0217026073872682,-0.0425016539683704,-0.0246372632945059,-0.0258296390778362
-0.0487334542925303,-0.0491396345994818,-0.0492319773616984,-0.0804597307497807,-0.0545194306715444,-0.0559266718470327,-0.0279515095698846,-0.0280219885359011,-0.0280495795881214,-0.0543659246906659,-0.0323275224583164,-0.0345556405727528,-0.0216980524609132,-0.0217285843833097,-0.0217242031088329,-0.0425016539683704,-0.0246369915818045,-0.0258415454616762
-0.0486872733767095,-0.0486176236560686,-0.0488178808546153,-0.0804597307497807,-0.0545335808070658,-0.0557862469232044,-0.0279841000580484,-0.0278972315078899,-0.0278682860069345,-0.0543659246906659,-0.0323286717377014,-0.0344089311053195,-0.0216950357202709,-0.0216344862282405,-0.0215950431637636,-0.0425016539683704,-0.0246384523141671,-0.0257308221429301
-0.0487062912096714,-0.0488853427691949,-0.0489736917774678,-0.0804597307497807,-0.0545293317521963,-0.0558164533767608,-0.0278913721957403,-0.0278972084121157,-0.0277685809507716,-0.0543659246906659,-0.0323227106781838,-0.0343850482668342,-0.0216534646996206,-0.0216721464316785,-0.0215433002953238,-0.0425016539683704,-0.024637254140025,-0.0256768306527554
-0.0484365127701475,-0.0486108915172461,-0.0489511033280195,-0.0804597307497807,-0.0545405627318624,-0.055895610223587,-0.0278238706436282,-0.0277959873239585,-0.0277336544381477,-0.0543659246906659,-0.0323314471124333,-0.0344367627326377,-0.0216255396129012,-0.0216167047921425,-0.0215202409108925,-0.0425016539683704,-0.024643268648344,-0.0256992476009931
-0.0483771049640901,-0.0487662965648225,-0.0489898857671472,-0.0804597307497807,-0.0545388334008067,-0.0557307099347558,-0.0278313081509861,-0.0277913550765507,-0.0277693752529864,-0.0543659246906659,-0.032330519001327,-0.0343465505316447,-0.0216180311804965,-0.0216215882881839,-0.0215589001598121,-0.0425016539683704,-0.0246429576410093,-0.0256566805677825
-0.048361939913292,-0.0485915898488667,-0.0489744968095585,-0.0804597307497807,-0.0545378647771922,-0.0556884441586631,-0.0277724936717452,-0.0277509996983366,-0.0278272720134076,-0.0543659246906659,-0.032339502927858,-0.0342575357426227,-0.021588306574786,-0.0215950274341321,-0.0216502327849719,-0.0425016539683704,-0.0246473276529276,-0.0255525991134704
-0.0486094194742788,-0.0487824699723108,-0.0490649050348049,-0.0804597307497807,-0.0545420358859199,-0.0556470137022337,-0.0278191940929801,-0.0278138674125892,-0.0279069237074655,-0.0543659246906659,-0.0323415531793176,-0.0342497248337184,-0.0216337028296303,-0.0216275283027742,-0.021636731917685,-0.0425016539683704,-0.0246479769383455,-0.025542418469845
-0.0486094252378764,-0.0487848994429122,-0.0490305635800496,-0.0804597307497807,-0.0545372439050269,-0.0556175272730363,-0.0278191925642143,-0.0278186072895011,-0.0278905404072067,-0.0543659246906659,-0.0323413543953112,-0.0343378906336924,-0.0216337023970143,-0.0216303105126188,-0.0216310469578823,-0.0425016539683704,-0.0246485560144054,-0.0256273243667764
-0.048565015381589,-0.0487884359811129,-0.0489710440886362,-0.0804597307497807,-0.0545453666112537,-0.0557566837579835,-0.0277793358526749,-0.0278425869921605,-0.0279200702605236,-0.0543659246906659,-0.0323476090711305,-0.0343797386940602,-0.0216034990607065,-0.0216343002950281,-0.0216139503712938,-0.0425016539683704,-0.0246510425081452,-0.0256614365053632
-0.0485642185124299,-0.0487792935576763,-0.0490009274771103,-0.0804597307497807,-0.0545525444866152,-0.0558082107584447,-0.0277417847227194,-0.0278423580775707,-0.0279225115312468,-0.0543659246906659,-0.0323484390420148,-0.0344363912648946,-0.021578493728822,-0.0216090603427087,-0.0216058929390875,-0.0425016539683704,-0.0246517542926809,-0.0256950531684051
-0.0485642196662737,-0.0487748121493245,-0.0490010065917472,-0.0804597307497807,-0.0545422012131896,-0.0557628919124768,-0.0277417838257824,-0.0278410689763474,-0.0279252407113017,-0.0543659246906659,-0.0323631711016948,-0.0344562785468412,-0.021578493232911,-0.0216068802412151,-0.0216094754567331,-0.0425016539683704,-0.0246605973205211,-0.0256892271325943
-0.0487040462150805,-0.0489383120421189,-0.0492136598849446,-0.0804597307497807,-0.0545451496087242,-0.0556797585625206,-0.0277682358927938,-0.0278630141861267,-0.0279962722005288,-0.0543659246906659,-0.0323634207326439,-0.0344080785697695,-0.0215917246066723,-0.0216403953665877,-0.0216548552914531,-0.0425016539683704,-0.0246600473952878,-0.0256485516128601
-0.0487040712898033,-0.048957902405743,-0.0492341468765316,-0.0804597307497807,-0.0545466074274979,-0.055763927567061,-0.0277682472778182,-0.0278691139083331,-0.0279753046871345,-0.0543659246906659,-0.0323647770531036,-0.034454499182972,-0.021591738856303,-0.0216446186502906,-0.0216436690671129,-0.0425016539683704,-0.0246592370745966,-0.0256669806689354
-0.0487040460159477,-0.0489326181145288,-0.0492281906064878,-0.0804597307497807,-0.0545423405479554,-0.055915148186335,-0.0277682358504422,-0.0278547920170267,-0.0279842931865228,-0.0543659246906659,-0.0323528135832092,-0.0345765492718094,-0.0215917244773677,-0.0216365791985848,-0.0216462243891184,-0.0425016539683704,-0.0246562898603619,-0.0257648996497046
-0.0487040814430187,-0.0489416195384072,-0.0492255358033043,-0.0804597307497807,-0.0545324332713198,-0.0559070947459555,-0.0277682510598919,-0.0278671899782549,-0.0279827967838568,-0.0543659246906659,-0.0323499812279282,-0.0345892958579966,-0.0215917410532442,-0.0216394214481771,-0.0216496944309639,-0.0425016539683704,-0.0246575607076751,-0.0258068559540315
-0.0485634649829984,-0.0488985724612169,-0.049093539427977,-0.0804597307497807,-0.0545339620884081,-0.0559115065371887,-0.0277759852470799,-0.0278558208857028,-0.0279474573145016,-0.0543659246906659,-0.0323518121023973,-0.0346163410210284,-0.021602064651025,-0.0216237738550978,-0.0216243301292278,-0.0425016539683704,-0.024659594690256,-0.0258391138634849
-0.0484037850769242,-0.0486581744280237,-0.0490477060925541,-0.0804597307497807,-0.0545312893432298,-0.0558802579177467,-0.0277184116017755,-0.0278416660585136,-0.0279515462273435,-0.0543659246906659,-0.0323511984820308,-0.0345817898926811,-0.0215346296352019,-0.0216340411367364,-0.0216624733055846,-0.0425016539683704,-0.0246606068127954,-0.0258171353106787
-0.0481835402113771,-0.048486821817073,-0.0488720402556684,-0.0804597307497807,-0.0545317326104162,-0.0558559204729279,-0.027702690304203,-0.0277501807660769,-0.0278670812667648,-0.0543659246906659,-0.0323522934048743,-0.0345982622113602,-0.0215105000497706,-0.0215755100546313,-0.0215912313966284,-0.0425016539683704,-0.0246608734219256,-0.0258475345345199
-0.0481532613792702,-0.0485315064393773,-0.0488219085905338,-0.0804597307497807,-0.0545341331015676,-0.0558849463289245,-0.0277547120798324,-0.0277458410408456,-0.0278580903844324,-0.0543659246906659,-0.0323530548924185,-0.0346548686724416,-0.0215220493705743,-0.0215659374939508,-0.0216029630682909,-0.0425016539683704,-0.0246614502545934,-0.0258858494624439
-0.04844225436376,-0.0484327977247004,-0.0487618080580313,-0.0804597307497807,-0.0544317976424474,-0.0558155707117551,-0.0278579402063342,-0.0278115955334444,-0.027900124626321,-0.0543659246906659,-0.0323387952710266,-0.0345157316887326,-0.0215859561212159,-0.0215477777431771,-0.0215883128255481,-0.0425016539683704,-0.0246224764743508,-0.0256894442586399
-0.0482227596175554,-0.0484443843739877,-0.0488070795130004,-0.0804597307497807,-0.0544351677196805,-0.0557896570681935,-0.0277389053738602,-0.027785866521184,-0.0279010082184018,-0.0543659246906659,-0.0323380452818599,-0.0345307478581285,-0.0214820501417395,-0.0215233357313985,-0.0216081749389304,-0.0425016539683704,-0.0246208539202801,-0.0256964277877537
-0.0482241006233095,-0.0484465246738894,-0.0488036723552197,-0.0804597307497807,-0.0544252097800255,-0.0558563035917221,-0.0277378544968822,-0.0277878847401586,-0.0279047715275144,-0.0543659246906659,-0.0323359074875548,-0.034640401373941,-0.0214811008375727,-0.0215213818882111,-0.0216102506544414,-0.0425016539683704,-0.0246249774114535,-0.0257698957264029
-0.0482227591989369,-0.0484415414185724,-0.0487944817729343,-0.0804597307497807,-0.0544282266653351,-0.0558291478240502,-0.0277389053930706,-0.0277856025812882,-0.0278884258967051,-0.0543659246906659,-0.0323386351436203,-0.034645163225529,-0.0214820501684401,-0.0215232199498826,-0.0216012366230126,-0.0425016539683704,-0.024626913779936,-0.025792417862731
-0.0482985701066738,-0.048760706771895,-0.0489043532969311,-0.0804597307497807,-0.0544131823609856,-0.0557953298220387,-0.0277455704589784,-0.0278053717548834,-0.0278932301732452,-0.0543659246906659,-0.0323331962358905,-0.0346567005560267,-0.0215237649387194,-0.0215587501318582,-0.0216140438237055,-0.0425016539683704,-0.0246255238541073,-0.0257890282297855
-0.0484074737512405,-0.048676371630549,-0.048892866102874,-0.0804597307497807,-0.0544080227165794,-0.0558394126290493,-0.0278121960830407,-0.0278210506631487,-0.0278863234524205,-0.0543659246906659,-0.0323325517117261,-0.0346331364734158,-0.0215663793138538,-0.0215748070028571,-0.0215950735148856,-0.0425016539683704,-0.0246254300363996,-0.0257442181781775
-0.048439548268195,-0.0486521605271614,-0.0489710415005481,-0.0804597307497807,-0.0544060127266819,-0.05570578110098,-0.0278346861974368,-0.0278355840783072,-0.0278986936383334,-0.0543659246906659,-0.0323386153259282,-0.0345296712117386,-0.0215809269380148,-0.0215830362461269,-0.0216069971257271,-0.0425016539683704,-0.024630441508223,-0.0256554001295687
-0.0483567259349467,-0.0484275336892512,-0.0488935090128334,-0.0804597307497807,-0.0544007361640221,-0.0557288618969023,-0.0277766523265247,-0.0277983636531436,-0.0278941156883898,-0.0543659246906659,-0.0323400323948016,-0.0344628212823381,-0.0215290554631072,-0.0215570969067703,-0.0216008641065914,-0.0425016539683704,-0.0246295247486219,-0.0256205643476154
-0.0483566442448114,-0.048427626932924,-0.0488734554019781,-0.0804597307497807,-0.054404704492271,-0.0559207495326546,-0.0277766164496722,-0.0277925020668112,-0.0278982511750411,-0.0543659246906659,-0.0323417785455921,-0.0345395629896889,-0.0215290335114131,-0.0215518079022046,-0.021598927812548,-0.0425016539683704,-0.0246274547625128,-0.0256874078305908
-0.0482696351995388,-0.048557468704046,-0.048850810096418,-0.0804597307497807,-0.0544086792663388,-0.0560141356138048,-0.0277513499647394,-0.0278142556589005,-0.0278978779435561,-0.0543659246906659,-0.0323262495782834,-0.0345112093114408,-0.0215125233323128,-0.0215719281968568,-0.0216019955300871,-0.0425016539683704,-0.0246186435953417,-0.0257446907495197
-0.048258043373528,-0.0486051809045455,-0.049008974066776,-0.0804597307497807,-0.0544154504862671,-0.0560326595488122,-0.0277021159391284,-0.027793296515134,-0.0278829562830579,-0.0543659246906659,-0.0323264510374426,-0.0345954479237792,-0.0214697358187849,-0.0215574051344848,-0.0215783582907033,-0.0425016539683704,-0.0246173808590684,-0.0257905758742502
-0.0482580434111753,-0.0486057192201767,-0.0489664490602542,-0.0804597307497807,-0.0544139124357613,-0.0560201622800392,-0.027702116024986,-0.0277943362124027,-0.0278733821317951,-0.0543659246906659,-0.0323297101948316,-0.0347093680176889,-0.0214697358811071,-0.0215608480245249,-0.0215754923942446,-0.0425016539683704,-0.024624950144417,-0.025862423039444
-0.0482580701644194,-0.0486286903814587,-0.0490435629721863,-0.0804597307497807,-0.0544112392754077,-0.0560117909037464,-0.0277021487558576,-0.0278152206604615,-0.0278899914366161,-0.0543659246906659,-0.0323321407403605,-0.0347573554078909,-0.0214697600990359,-0.0215755145883685,-0.021575510932284,-0.0425016539683704,-0.0246279429933516,-0.0259029582232661
-0.0486493085824541,-0.0487691971138751,-0.0488586547180927,-0.0804597307497807,-0.0544085694192171,-0.0560604487696452,-0.027771913423159,-0.027820855078188,-0.0278283175571928,-0.0543659246906659,-0.0323304971289082,-0.034739099024807,-0.0215457285443709,-0.0215616193922913,-0.0215561908071386,-0.0425016539683704,-0.0246277914485936,-0.0258857674002276
-0.0485890437874982,-0.0487941044890278,-0.0488685912168171,-0.0804597307497807,-0.054411511998826,-0.0559982102738194,-0.0277262941091854,-0.0278139308856943,-0.0278233593733083,-0.0543659246906659,-0.0323292630742818,-0.0346935217666228,-0.0215365522183812,-0.0215621689195361,-0.0215657368412471,-0.0425016539683704,-0.0246272454779484,-0.0258358078276486
-0.0487549553489287,-0.0488420706184253,-0.0489138750824107,-0.0804597307497807,-0.0544046973154526,-0.0558678593450569,-0.0277407398547392,-0.0278008630446415,-0.0278164639321487,-0.0543659246906659,-0.0323293073861152,-0.0346299256234944,-0.0215876147738959,-0.0215914771677658,-0.0215690951961785,-0.0425016539683704,-0.0246266237481234,-0.0258032003594717
-0.048754961384647,-0.0488420703243743,-0.0488921551080754,-0.0804597307497807,-0.054384777839974,-0.0558480965163242,-0.0277407421726418,-0.027800863034859,-0.0277934553442016,-0.0543659246906659,-0.0323365157519407,-0.0347160927921579,-0.0215876187563125,-0.021591476829724,-0.0215535475486989,-0.0425016539683704,-0.0246313336317598,-0.0258887434616157
-0.0487549730476147,-0.0488420716694848,-0.0488998011530723,-0.0804597307497807,-0.0543758380869177,-0.0559077251743771,-0.0277407413074273,-0.027800863222088,-0.0277853147124273,-0.0543659246906659,-0.0323340558366424,-0.0347388652199055,-0.0215876165006599,-0.021591476581861,-0.0215507832434675,-0.0425016539683704,-0.024625520122751,-0.025877595508601
-0.0487583756147966,-0.0488530437723971,-0.0488993828956544,-0.0804597307497807,-0.0543752678956573,-0.0559826768888428,-0.027741863941827,-0.0278023711412647,-0.0277851080085315,-0.0543659246906659,-0.0323340386717955,-0.0348386302439759,-0.0215891033172303,-0.0215893200037985,-0.0215505823228362,-0.0425016539683704,-0.0246250777485456,-0.0259468332270607
-0.048878460064277,-0.0489788642506385,-0.0490126472117948,-0.0804597307497807,-0.0543786408919248,-0.055968766198033,-0.0277680871257519,-0.0278141678752953,-0.0277209870694855,-0.0543659246906659,-0.0323337463790068,-0.0349297786611454,-0.0216171666048829,-0.0216112856639061,-0.0215259870290287,-0.0425016539683704,-0.024623855153457,-0.0260417067284687
-0.0488784829392335,-0.0489803629911987,-0.0490125862251882,-0.0804597307497807,-0.0543826922701317,-0.0559942554744393,-0.0277680931761311,-0.0278162364013791,-0.027732786267348,-0.0543659246906659,-0.0323414187135133,-0.0349732526226572,-0.0216171706744966,-0.0216129318938998,-0.0215345293661631,-0.0425016539683704,-0.0246252129274878,-0.0260831027747369
-0.0489272505532214,-0.0489262816901158,-0.0490847912552913,-0.0804597307497807,-0.0543855851882167,-0.0560880371742234,-0.0277502488143367,-0.0277646997773455,-0.0277527723721297,-0.0543659246906659,-0.0323380680831397,-0.0349392001784467,-0.0216043544140623,-0.0215799723451159,-0.0215535570558338,-0.0425016539683704,-0.0246228629974948,-0.026026661169065
-0.0489249785481482,-0.0489264645203525,-0.0491057358938191,-0.0804597307497807,-0.054385967044436,-0.0561491565586185,-0.0277525025934499,-0.0277646707981488,-0.0277522397061459,-0.0543659246906659,-0.0323381576844218,-0.0348977218627411,-0.0216074383966741,-0.0215799574289397,-0.0215406640473501,-0.0425016539683704,-0.0246228384367016,-0.0259862152877098
-0.048924978597394,-0.0489339345701977,-0.0491212538086324,-0.0804597307497807,-0.0543915186597987,-0.0563060221278329,-0.0277525025235565,-0.0277591713998751,-0.0277572532562081,-0.0543659246906659,-0.0323370159294311,-0.0349693012682151,-0.0216074383035758,-0.0215736238164027,-0.0215444061565221,-0.0425016539683704,-0.0246219114170203,-0.0260240951252159
-0.0490429182389923,-0.0491188107279043,-0.0491956226197627,-0.0804597307497807,-0.0544015979300449,-0.0563725578685305,-0.0277621537987006,-0.0277707077587928,-0.0278138229642754,-0.0543659246906659,-0.0323363986191526,-0.0349299150826179,-0.0216233185268473,-0.0215718625825856,-0.0215585813009912,-0.0425016539683704,-0.0246233153211289,-0.0259893788425751
-0.0491217460117442,-0.0490521983667164,-0.049233626753991,-0.0804597307497807,-0.054407574572975,-0.0563918129759917,-0.0278450109096443,-0.027748355368804,-0.0278482718021861,-0.0543659246906659,-0.0323399552226263,-0.0349170606925479,-0.0216715668566206,-0.0215722240495522,-0.0215754517376242,-0.0425016539683704,-0.0246222210908417,-0.0259823134642306
-0.0491217463115748,-0.0490498510628348,-0.0492246428745184,-0.0804597307497807,-0.0543764727204804,-0.0562628506097632,-0.0278450108842964,-0.0277587519348669,-0.0278442627077662,-0.0543659246906659,-0.0323273745750973,-0.0349517588473024,-0.0216715667905038,-0.0215805447964309,-0.0215739315401146,-0.0425016539683704,-0.0246197841700746,-0.026047020502891
-0.0491217457969835,-0.0490366812742932,-0.0492373661381012,-0.0804597307497807,-0.0543892887510527,-0.0562538398459649,-0.0278450106717457,-0.0277679982180967,-0.0278493928520511,-0.0543659246906659,-0.0323343659168783,-0.0348816684862452,-0.0216715666826123,-0.0215919438680411,-0.0215766832491623,-0.0425016539683704,-0.0246221685048173,-0.0259587356789341
-0.0490475118764844,-0.0490594557828541,-0.0491995822815696,-0.0804597307497807,-0.0543851305321313,-0.0563735005577276,-0.0277806307662528,-0.0277859362517556,-0.027815576336648,-0.0543659246906659,-0.0323361835411791,-0.0350221204779008,-0.0216239007504633,-0.0215837409338885,-0.0215520373453497,-0.0425016539683704,-0.0246226167209214,-0.0260598754880506
-0.04904935335449,-0.0489547952402277,-0.0491077142449471,-0.0804597307497807,-0.0543787271312958,-0.056308293251078,-0.0277561188241735,-0.0277011480742801,-0.0276944382414958,-0.0543659246906659,-0.0323338075093531,-0.0349746627116704,-0.0216101317063324,-0.0215351830147956,-0.0214891001894117,-0.0425016539683704,-0.0246221876027136,-0.0260150737683573
-0.0491894795636404,-0.0491311843571786,-0.0492143336552279,-0.0804597307497807,-0.0543807732992691,-0.0562407692906686,-0.0278063465075868,-0.0277446651148395,-0.0277608245424781,-0.0543659246906659,-0.0323298656011523,-0.0349688167489883,-0.0216162384010325,-0.0215849739567755,-0.0215512762955713,-0.0425016539683704,-0.0246199631403657,-0.0260050389135976
-0.0489752397121947,-0.048903985166085,-0.0490778696133897,-0.0804597307497807,-0.0543141424007051,-0.0560769839759251,-0.0277233585195284,-0.0277109741478574,-0.0276902095170125,-0.0543659246906659,-0.0321454742663121,-0.0345737947841929,-0.0215513621490124,-0.0215436820199214,-0.0215119803953378,-0.0425016539683704,-0.0244951388406168,-0.0256788867578647
-0.0489752436497848,-0.0489005884765539,-0.0490822794203597,-0.0804597307497807,-0.0542998114655929,-0.055989181840114,-0.027723359838756,-0.0277211698017074,-0.0276906245420145,-0.0543659246906659,-0.0321520573981672,-0.034589552396598,-0.0215513635431831,-0.0215573151204695,-0.0215123564339059,-0.0425016539683704,-0.0244970951019827,-0.0256622164007481
-0.0490039731257689,-0.048902988758543,-0.049090234597197,-0.0804597307497807,-0.0543149497658515,-0.056016508524086,-0.027742865001913,-0.027713394472644,-0.0276937143408498,-0.0543659246906659,-0.0321360415485569,-0.0347082963944116,-0.0215615569318387,-0.021545980080877,-0.0215130880307692,-0.0425016539683704,-0.0244971014600885,-0.0257464162921094
-0.0491336502200428,-0.0489279852613457,-0.0492531742770848,-0.0804597307497807,-0.0543163554744949,-0.0560151417712634,-0.027770121428438,-0.0276466348832652,-0.0277474722942911,-0.0543659246906659,-0.0321376790232432,-0.0348032426119805,-0.0216293475219536,-0.0214943857362438,-0.0215388332607539,-0.0425016539683704,-0.0244960836276006,-0.0258257873092194
-0.0490645060633903,-0.0488931095720449,-0.0491367958583162,-0.0804597307497807,-0.0543115284911271,-0.0559978134970294,-0.0277655686142907,-0.027592736288571,-0.0276229862202641,-0.0543659246906659,-0.0321372987133809,-0.0347859904768962,-0.0215931625242786,-0.0214816628172817,-0.0214797311447861,-0.0425016539683704,-0.0244962459585199,-0.0258099731854449
-0.0490645035330257,-0.0488871332370356,-0.0491642541875708,-0.0804597307497807,-0.0543017726792102,-0.0560471710240522,-0.0277655667024355,-0.0275844014312468,-0.0276395420117013,-0.0543659246906659,-0.0321448072427438,-0.0347831155507227,-0.0215931609344293,-0.0214700403418312,-0.0214726867018391,-0.0425016539683704,-0.0244969333133989,-0.0257960624767084
-0.0489556509983037,-0.0489431048462513,-0.0491523521278873,-0.0804597307497807,-0.0542628384429751,-0.0559577381741712,-0.0278812350971271,-0.0277459040725598,-0.0277354783262085,-0.0543659246906659,-0.0321458708329069,-0.0346542471725115,-0.0216269519676982,-0.0215928137201219,-0.0215401955251473,-0.0425016539683704,-0.0244976573432777,-0.025692818686624
-0.0490260621977206,-0.0488848746103217,-0.0490779898169953,-0.0804597307497807,-0.0542840751730547,-0.0560850579485445,-0.0278747058721102,-0.0278080298859825,-0.027709543834382,-0.0543659246906659,-0.0321560618482686,-0.0347160281811345,-0.0216146091024763,-0.0215654302642534,-0.0215098736929518,-0.0425016539683704,-0.0245000184879837,-0.025733375886726
-0.0489678700189978,-0.049043344896339,-0.049107855568996,-0.0804597307497807,-0.0542319379880985,-0.0560394662467637,-0.027723769198657,-0.0277024222211537,-0.0277383396967464,-0.0543659246906659,-0.0321458514761143,-0.0346148547114847,-0.0214122519611791,-0.0214022919322923,-0.0214628330447431,-0.0425016539683704,-0.0244846983828871,-0.025640759037836
-0.0489859720939015,-0.049068116419672,-0.0491111245359384,-0.0804597307497807,-0.0542309649875727,-0.0560223685474131,-0.0277307407000177,-0.027734730164616,-0.027684057177012,-0.0543659246906659,-0.0321450995944591,-0.0344577480572462,-0.0214083289708925,-0.0214125862843885,-0.0213973793772045,-0.0425016539683704,-0.0244857701135781,-0.0255026080838699
-0.0481509287698709,-0.048202981139889,-0.0482361791906482,-0.0804597307497807,-0.0542315199289081,-0.0559351752891489,-0.0272960411218041,-0.0272078327331266,-0.0272875650876728,-0.0543659246906659,-0.0321464111782538,-0.0343910502448159,-0.0211426532804873,-0.0210775702179817,-0.0211099195384172,-0.0425016539683704,-0.0244845219261141,-0.0254576957400715
-0.048150949221229,-0.0481674278131168,-0.0482292225092757,-0.0804597307497807,-0.0542244732913407,-0.0561015980689512,-0.0272960554079156,-0.0272065506000423,-0.0272923208801715,-0.0543659246906659,-0.0321467744486056,-0.0345882379741532,-0.0211426593567506,-0.0210800499127462,-0.0211147634432021,-0.0425016539683704,-0.024486255495488,-0.0255965450946792
-0.0483401202348748,-0.0481842881570777,-0.0483682287887706,-0.0804597307497807,-0.0542074007250539,-0.0560350263985768,-0.0272496738946501,-0.0271744861112841,-0.0272424186318214,-0.0543659246906659,-0.0320232577043363,-0.0343850240952089,-0.0210527877420287,-0.0210178637105745,-0.0210769382999852,-0.0425016539683704,-0.024360515032313,-0.025447994844617
-0.0481825310825387,-0.0484575212670224,-0.0483518099902695,-0.0804597307497807,-0.0543064124918791,-0.0559770367194692,-0.0272716063568128,-0.0272332552089315,-0.0271772012325919,-0.0543659246906659,-0.0320199373701397,-0.0342882721555697,-0.0210559948912802,-0.0210668230355492,-0.0210262849153859,-0.0425016539683704,-0.0243497537626033,-0.0253336348039544
-0.0481825053210799,-0.0484644043271408,-0.0482188157769555,-0.0804597307497807,-0.0543084250038513,-0.0560135627907173,-0.0272715878696986,-0.0272348481691326,-0.0271143697300328,-0.0543659246906659,-0.032021723879305,-0.0343091625216259,-0.0210560169135605,-0.0210686433149162,-0.0209897502946386,-0.0425016539683704,-0.024349493945218,-0.0253296134685917
-0.048347661421263,-0.0485323851589283,-0.0485445353333396,-0.0804597307497807,-0.0543423735835242,-0.0559994621514525,-0.0272956356495063,-0.0272769868750921,-0.0272216990540964,-0.0543659246906659,-0.032033690470557,-0.0342940200839781,-0.021011530521768,-0.0210325320112562,-0.0210080852699211,-0.0425016539683704,-0.0243552594475367,-0.0253414734894144
-0.048358610368373,-0.0485347875478364,-0.0484953184791843,-0.0804597307497807,-0.0543402754341783,-0.0558647070194976,-0.0273095226705583,-0.0272870937268166,-0.0272378785356118,-0.0543659246906659,-0.0320293450527514,-0.0341659822185751,-0.0210155524795123,-0.0210377985001291,-0.0210213817689925,-0.0425016539683704,-0.0243456657663175,-0.0252506691753609
-0.0483595488136206,-0.0485364274299483,-0.0485086708883976,-0.0804597307497807,-0.0543431039678277,-0.0559969217163606,-0.0272945248741485,-0.0272843242750294,-0.0271997720853163,-0.0543659246906659,-0.0320298704858326,-0.0342946275791142,-0.021016940922434,-0.0210362829686576,-0.0209991507509258,-0.0425016539683704,-0.0243476267192172,-0.0253736867803108
-0.0483600618436858,-0.0485354575522481,-0.048522388449529,-0.0804597307497807,-0.0543449446577089,-0.0558797392282915,-0.0272951196201495,-0.0272789267626003,-0.0272186547935499,-0.0543659246906659,-0.0320281069779836,-0.0341954468340748,-0.0210170280279179,-0.0210352824929594,-0.0210064328009837,-0.0425016539683704,-0.0243484478513123,-0.0253084797903028
-0.0460775244965745,-0.0461991554038235,-0.0462884011974869,-0.0804597307497807,-0.0539695428816399,-0.0556449586200525,-0.0266745259781618,-0.0266504843829994,-0.0265063572671494,-0.0543659246906659,-0.031701821099118,-0.0336445533061475,-0.0205981367780619,-0.0206025089865044,-0.020561842553345,-0.0425016539683704,-0.0240780478714468,-0.024905973223973
-0.0460351701305549,-0.0464065389533097,-0.0467444266512096,-0.0804597307497807,-0.05396082068197,-0.0559372473107049,-0.0266391370945749,-0.0265921682325464,-0.0265557630895891,-0.0543659246906659,-0.0317021619461971,-0.0337783766057205,-0.0206149957002478,-0.0206129817468858,-0.0205612703556342,-0.0425016539683704,-0.02407817931181,-0.0250394685921918
-0.0460347517480067,-0.0465125459613807,-0.046738560228886,-0.0804597307497807,-0.0539637253097979,-0.0559361219540756,-0.0266371205285784,-0.026614816029788,-0.0265399089497826,-0.0543659246906659,-0.0317025198940381,-0.0337549057337597,-0.0206177848160473,-0.02060652782698,-0.0205355230315236,-0.0425016539683704,-0.024078167762379,-0.0250091733032055
-0.0465422250614708,-0.0464110227977389,-0.0468556505573381,-0.0804597307497807,-0.0539510692603968,-0.0559111594848594,-0.0268708643394451,-0.0267300749575197,-0.0267252253200338,-0.0543659246906659,-0.0317076924842896,-0.0337748621651272,-0.020732769873279,-0.0206515633211897,-0.0206311424632671,-0.0425016539683704,-0.0240822771822375,-0.0250445645444795
-0.0465318969049439,-0.04640162755195,-0.0468053516375889,-0.0804597307497807,-0.0539466232847039,-0.0560809015673839,-0.0268659589444393,-0.0267191078836126,-0.0267267846419836,-0.0543659246906659,-0.0317112993102235,-0.033982995755115,-0.0207306653517036,-0.020647147377907,-0.0206283184070458,-0.0425016539683704,-0.0240874188562123,-0.02521976790387
-0.046325297260304,-0.0465949751709637,-0.0465235216088638,-0.0804597307497807,-0.0541274415202275,-0.0559130477871662,-0.0268782007989274,-0.0268383230254767,-0.0267064686461287,-0.0543659246906659,-0.0321002832290498,-0.0340208093123057,-0.0208356899148548,-0.020768362028904,-0.0207143000127261,-0.0425016539683704,-0.0242948232083873,-0.0253020884681394
-0.0464028224003122,-0.0469412967613012,-0.0468126572246107,-0.0804597307497807,-0.0541474858149667,-0.0557438428910658,-0.026929430827155,-0.0269206818499977,-0.026853180067878,-0.0543659246906659,-0.0320897318022085,-0.0339101425723892,-0.0207805457621934,-0.0207619143478973,-0.020711232733862,-0.0425016539683704,-0.0242864547367927,-0.0252737018277831
-0.0464028226744669,-0.0469417704229486,-0.0468535936337633,-0.0804597307497807,-0.0541492541154479,-0.0558960071977547,-0.0269294308590427,-0.0269210345175749,-0.0268678700729245,-0.0543659246906659,-0.0320903959068374,-0.0339572177313894,-0.0207805458218727,-0.0207604564688379,-0.0207130866810783,-0.0425016539683704,-0.024286075998529,-0.0252831152676587
-0.0466469653226916,-0.0468182010053393,-0.0468238768165497,-0.0804597307497807,-0.0541562186249433,-0.0558040614331218,-0.0269044086542034,-0.0268611193083513,-0.026789948829698,-0.0543659246906659,-0.0320919491571459,-0.0342016230972265,-0.0207665758283439,-0.0207583186984819,-0.020709146482063,-0.0425016539683704,-0.0242854127081707,-0.0254575333230756
-0.0467166580277836,-0.0465900511298585,-0.0466795646105704,-0.0804597307497807,-0.05414514343328,-0.0559198326050785,-0.0269673936153936,-0.0269312494027224,-0.0267967602743759,-0.0543659246906659,-0.0320982337097448,-0.034357625647694,-0.0208132366161851,-0.0207967205778562,-0.0207169655127494,-0.0425016539683704,-0.0242891941405495,-0.0255977231871888
-0.0458051161113253,-0.0458262534010197,-0.0460603271336377,-0.0804597307497807,-0.0541426320994703,-0.0558120562310424,-0.0267830030320488,-0.0267295400921481,-0.0266827680825541,-0.0543659246906659,-0.0320934823218974,-0.0341511782133633,-0.0207802195172651,-0.0206929965376756,-0.0206726913927087,-0.0425016539683704,-0.0242934654189587,-0.0254292636990127
-0.0457599141829483,-0.045736107417053,-0.0460603621218706,-0.0804597307497807,-0.0541287489215648,-0.0556506225660159,-0.0267694803274307,-0.0266973455527734,-0.0266244615360366,-0.0543659246906659,-0.0321006310133589,-0.0339348202207774,-0.0208299020997947,-0.0207332462951164,-0.0206743406210847,-0.0425016539683704,-0.0242947795445622,-0.0252418815561078
-0.045945299203668,-0.0458365101839733,-0.0462392038964851,-0.0804597307497807,-0.0541292854358608,-0.0557345468721688,-0.0268463238169405,-0.0267386150447669,-0.0266763544578031,-0.0543659246906659,-0.0321053526159749,-0.0340075070225426,-0.0208607890378192,-0.0207494438727714,-0.0207159799366686,-0.0425016539683704,-0.0242954102124792,-0.0252971046671266
-0.0461532492389869,-0.0459052688787097,-0.0462659693099851,-0.0804597307497807,-0.0541351470720747,-0.0555902463682039,-0.0268849282333962,-0.0267790025363407,-0.0266909778317226,-0.0543659246906659,-0.0321071036642077,-0.0339031934954885,-0.0208564694408488,-0.0207420289309432,-0.0207043466296167,-0.0425016539683704,-0.0242959753151198,-0.0252174192573349
-0.0461539326021394,-0.0459138885051578,-0.0460657215469809,-0.0804597307497807,-0.0541299729241592,-0.0555254256016659,-0.0268854124111181,-0.0267761416046834,-0.0266286877933983,-0.0543659246906659,-0.0321088252417318,-0.0339681162466932,-0.0208583708239269,-0.0207427272196259,-0.0206798498117155,-0.0425016539683704,-0.0242999928440107,-0.0252565010490115
-0.0466141016946152,-0.0460574787369779,-0.0461392534812359,-0.0804597307497807,-0.0541437603867634,-0.0555089902106115,-0.0269230672400958,-0.0267676994979687,-0.0266912673331054,-0.0543659246906659,-0.0321069067735148,-0.0339405566543009,-0.0208718821666028,-0.0207541013057129,-0.0207294339666135,-0.0425016539683704,-0.0242993043040946,-0.0252478842632238
-0.0467408042836697,-0.0462806573816981,-0.0460094513240147,-0.0804597307497807,-0.0541391807737428,-0.0554426051452492,-0.0269795304178682,-0.0268649248799407,-0.0267563143413902,-0.0543659246906659,-0.0321061699831907,-0.0339445710084418,-0.0209330424047353,-0.0208679178494118,-0.0207766327743697,-0.0425016539683704,-0.0242992776107694,-0.025231419216074
-0.0464250883119601,-0.0461412703132172,-0.045975782783743,-0.0804597307497807,-0.0541380284619116,-0.0554281642616716,-0.026919374873535,-0.0267919758318103,-0.0267597970030975,-0.0543659246906659,-0.0321204696236984,-0.0339705040258985,-0.0209064564759079,-0.0208823369637136,-0.0207867945187101,-0.0425016539683704,-0.0243053874224455,-0.0252154042018234
-0.0469467880712055,-0.0465878130029914,-0.0466434052562051,-0.0804597307497807,-0.0541348628681897,-0.055419054209211,-0.0270616108914326,-0.0271116184593241,-0.0271490002766452,-0.0543659246906659,-0.0321240118565477,-0.0339209473944773,-0.0210456770157983,-0.0210649725894793,-0.0210226003441473,-0.0425016539683704,-0.0243067890539249,-0.0251914027205415
-0.0463299287251423,-0.0463312502578415,-0.0465196468759674,-0.0804597307497807,-0.0541342894267967,-0.055377170775056,-0.0269411507628108,-0.0269207673703214,-0.0269249375401113,-0.0543659246906659,-0.0321314806413544,-0.0338243502578928,-0.0210095509008122,-0.0209767427912798,-0.0209193679819966,-0.0425016539683704,-0.0243085364370575,-0.0251301567348226
-0.046597533194911,-0.046543717407623,-0.0465926253880571,-0.0804597307497807,-0.0541308764628253,-0.0554302211732708,-0.0268927761209553,-0.0268728832671212,-0.0269414876586826,-0.0543659246906659,-0.0321382297800175,-0.0338108790131238,-0.020958107886344,-0.0209434014019358,-0.0209721059894748,-0.0425016539683704,-0.0243113984828514,-0.0251262919664142
-0.0474866761028132,-0.0470690285992336,-0.04704739687322,-0.0804597307497807,-0.0541171810399245,-0.0553002461699373,-0.0269388078833929,-0.0268357622871913,-0.0268648068187205,-0.0543659246906659,-0.0321251855875501,-0.0336725842027899,-0.0209574005814997,-0.0208758561389445,-0.0208730054996321,-0.0425016539683704,-0.024248593953404,-0.0249689994632144
-0.0475554057579771,-0.0468741209854005,-0.0469703652127986,-0.0804597307497807,-0.0541099537782367,-0.0552965010988426,-0.0269660518689385,-0.0268486640922935,-0.0268392465445506,-0.0543659246906659,-0.0321109401836582,-0.0337083276855979,-0.0209688520708194,-0.0208121636069666,-0.0208393544580954,-0.0425016539683704,-0.0242467509216891,-0.025010155684299
-0.0473176866892496,-0.0470257730603313,-0.0469520315952598,-0.0804597307497807,-0.0541042545221789,-0.0552429796748301,-0.0269004614979813,-0.02681395668256,-0.0268354979530913,-0.0543659246906659,-0.0321109646813623,-0.0337382953553492,-0.0209441241596739,-0.0208550521150878,-0.0208275201811069,-0.0425016539683704,-0.0242484512610771,-0.0250454454416697
-0.0469676580021286,-0.0470322677147996,-0.0470051660459387,-0.0804597307497807,-0.0541009308036513,-0.0553232192495961,-0.0268329064733383,-0.0267953637868932,-0.0268236017573176,-0.0543659246906659,-0.0321145145606507,-0.0337666981546421,-0.0208988581242005,-0.0208402044033697,-0.0208240469617694,-0.0425016539683704,-0.0242506996063489,-0.0250624470376178
-0.0469650828625672,-0.0472479901080381,-0.0470506072312735,-0.0804597307497807,-0.054099376469403,-0.0551222391791598,-0.0268339132532289,-0.0269469715321015,-0.0268995212711145,-0.0543659246906659,-0.0321139591382011,-0.0336553517467545,-0.0208946195930477,-0.0208811364968779,-0.0208773925739282,-0.0425016539683704,-0.0242507712529991,-0.0249821287217377
-0.0469650304175623,-0.0473299250482568,-0.0470620857850944,-0.0804597307497807,-0.0540842276978534,-0.0550447820503604,-0.026835381464662,-0.0269868973663195,-0.0269110713588152,-0.0543659246906659,-0.0321184909108313,-0.0335091476961705,-0.0208931150023545,-0.0209072683510257,-0.0208834221500417,-0.0425016539683704,-0.0242528885873066,-0.0248648570589642
-0.0471632787713288,-0.0475203152917765,-0.0472579102921321,-0.0804597307497807,-0.054081181440993,-0.0550173686168317,-0.0268717861075416,-0.0270123147553703,-0.0269787929370772,-0.0543659246906659,-0.0321164440725251,-0.033454593840167,-0.0209211341096283,-0.0209925447728278,-0.0209228310328032,-0.0425016539683704,-0.0242513910712759,-0.0248354961374705
-0.0467438989557027,-0.0468489146154576,-0.0470749090894941,-0.0804597307497807,-0.0539462450757851,-0.0548820570766221,-0.0265931068265008,-0.0266468455963543,-0.0268137612207164,-0.0543659246906659,-0.0318348045118735,-0.0330662466351282,-0.0207527877084537,-0.0207880750948668,-0.0208284399986751,-0.0425016539683704,-0.0240547324344581,-0.024573697346651
-0.046655818878859,-0.0467419548866214,-0.0470238570728016,-0.0804597307497807,-0.0539477641405409,-0.0549655308070231,-0.0266125717471268,-0.0266229859516791,-0.02677180305719,-0.0543659246906659,-0.0318376272937564,-0.0330410091614092,-0.0207408822067779,-0.0207519162916962,-0.020824485652238,-0.0425016539683704,-0.0240548358960031,-0.0245488964216719
-0.0464252384525603,-0.0466799116714969,-0.047024174439981,-0.0804597307497807,-0.0539208458414742,-0.0550512835534212,-0.0265269906173531,-0.0264851134188801,-0.0266325737322167,-0.0543659246906659,-0.031847178059135,-0.0330705749885543,-0.0206629833865163,-0.0206474159226711,-0.0207473769557234,-0.0425016539683704,-0.0240607749487771,-0.0245607498818079
-0.0464263985535164,-0.0466583924901189,-0.0468583269372808,-0.0804597307497807,-0.0539150962338167,-0.054999788158587,-0.0265275608568601,-0.0264946990073909,-0.026683601018389,-0.0543659246906659,-0.0318472496844153,-0.0330090952665051,-0.0206656385539068,-0.0206638577734348,-0.0207900181219971,-0.0425016539683704,-0.0240608776948351,-0.0245117964255265
-0.0467772372526309,-0.0467751133947311,-0.0470622736943762,-0.0804597307497807,-0.053916980226382,-0.0549655683900856,-0.0265852180418369,-0.0265851612590587,-0.0267450242270823,-0.0543659246906659,-0.031849663472932,-0.0330015623442438,-0.0207110579800695,-0.0207448308036861,-0.0208191488028604,-0.0425016539683704,-0.0240619352108965,-0.0245071319005343
-0.0467154006988622,-0.0469328952801624,-0.0469926209578489,-0.0804597307497807,-0.0539025126920165,-0.0549910867728432,-0.0265665676519125,-0.0266322562611961,-0.0267298808503884,-0.0543659246906659,-0.0318565472229562,-0.0329744001862197,-0.0207098598545167,-0.0207697586046569,-0.0208423930357796,-0.0425016539683704,-0.0240623084593338,-0.0244985755160762
-0.0471314064506903,-0.0475506457880508,-0.0473600200927935,-0.0804597307497807,-0.0539068673745243,-0.0549630530393724,-0.0265813320280536,-0.0266981017120044,-0.0267349772843126,-0.0543659246906659,-0.0318654970751152,-0.0330344577110527,-0.0207337302311423,-0.0207973695654515,-0.0207827808943303,-0.0425016539683704,-0.0240664717773486,-0.0245501161518137
-0.0473398091949009,-0.0474861250673382,-0.0474702344942668,-0.0804597307497807,-0.0539121871469069,-0.0548576735623409,-0.0266172513471546,-0.0266716448978563,-0.0267567850981341,-0.0543659246906659,-0.0318679065758926,-0.0329801752395559,-0.0207701880749242,-0.020786635650998,-0.0208191119369426,-0.0425016539683704,-0.0240672464617038,-0.0245266433309786
-0.047327737505819,-0.0474646356012748,-0.0474881354114116,-0.0804597307497807,-0.0538851030364649,-0.0550010645252701,-0.0266125146832762,-0.0266657808327524,-0.026797551879832,-0.0543659246906659,-0.0318724077641533,-0.0330872888412574,-0.0207695255704733,-0.0207909671507442,-0.02085239058563,-0.0425016539683704,-0.0240679137198248,-0.0246108219270253
-0.0473061101985356,-0.0471153410808973,-0.0470220358712036,-0.0804597307497807,-0.0538639831292489,-0.0547960237659761,-0.0265830461408261,-0.0265041599708655,-0.0266154711597444,-0.0543659246906659,-0.0318734009060682,-0.0330335683101632,-0.0206495812039889,-0.0206074060921859,-0.0206540702413171,-0.0425016539683704,-0.0240693075438674,-0.0246226726316765
-0.0472917530127988,-0.0472286485625792,-0.0472377539276922,-0.0804597307497807,-0.0538258640609154,-0.0547940654851956,-0.0267677184993124,-0.0266623116414435,-0.0267022860487353,-0.0543659246906659,-0.0318773489072032,-0.0329820022877087,-0.0206805430479059,-0.0206306932319711,-0.0206501712723864,-0.0425016539683704,-0.0240727818274403,-0.0245752585771466
-0.04742432502372,-0.0473501936656062,-0.0472345668655116,-0.0804597307497807,-0.053838362738396,-0.0548573021107851,-0.026784356316569,-0.0267338858475908,-0.02673359044498,-0.0543659246906659,-0.0318759107740313,-0.0329783474688143,-0.0207058930919094,-0.0206474389164768,-0.020659826936556,-0.0425016539683704,-0.0240714283631574,-0.0245567441483619
-0.0478392647032045,-0.0480213470486802,-0.0476719967872812,-0.0804597307497807,-0.0538310657543294,-0.054736208514304,-0.0273142237478508,-0.0272719102801498,-0.0270552732709169,-0.0543659246906659,-0.0318742380125382,-0.0328722253219487,-0.0209696269670894,-0.020941379361866,-0.0208072979401619,-0.0425016539683704,-0.024074273248258,-0.0244676181697983
-0.0471894630656479,-0.0475245434262632,-0.0476706115821782,-0.0804597307497807,-0.0538292844538423,-0.0548446177849826,-0.0269761888898076,-0.0269846847180316,-0.0270810097686521,-0.0543659246906659,-0.0318605195785242,-0.0330960052279522,-0.0208110562183269,-0.0208169403777309,-0.0208886801723628,-0.0425016539683704,-0.0240655476227056,-0.0246073843809101
-0.0470884340924638,-0.0474956467897715,-0.0475811763714681,-0.0804597307497807,-0.0538211024113428,-0.054919597786676,-0.0268588250933417,-0.0269685344146059,-0.0269954030585952,-0.0543659246906659,-0.0318602870599531,-0.0331284424925015,-0.0207544411193122,-0.0208200058955598,-0.0208642145033434,-0.0425016539683704,-0.024066219936228,-0.0246441989817931
-0.0386530887900836,-0.0389795552810609,-0.0393772944795582,-0.0804597307497807,-0.0480160782632884,-0.0520175983107328,-0.0245100529197078,-0.024541451964782,-0.0247184309123788,-0.0543659246906659,-0.0294061009699293,-0.0328212596048014,-0.0194793397437897,-0.0195168152714608,-0.0196381336546534,-0.0425016539683704,-0.0226515716655822,-0.0246498241632008
-0.0388607389141059,-0.0388918251043389,-0.0394684866679414,-0.0804597307497807,-0.0480120559469979,-0.0519943976703953,-0.0245784727945599,-0.0245318728927811,-0.0247178552750979,-0.0543659246906659,-0.0294122009682612,-0.0328673784471679,-0.0195532692787356,-0.0195352309993748,-0.0196492657827897,-0.0425016539683704,-0.0226536888834352,-0.0246874785243079
-0.0388691935691146,-0.0388835595458253,-0.0393635426150026,-0.0804597307497807,-0.048011441308895,-0.0521006760229101,-0.0245842126766014,-0.0245189120477393,-0.0246826935470426,-0.0543659246906659,-0.0294136695448997,-0.0329087641823159,-0.0195548681396018,-0.0195307661010556,-0.019622463301495,-0.0425016539683704,-0.0226550153755872,-0.0247974592160152
-0.0388330775600139,-0.0387744391060137,-0.0393703494349638,-0.0804597307497807,-0.0480130916782574,-0.052209276232941,-0.024568028175933,-0.0244783518011149,-0.0247629667358549,-0.0543659246906659,-0.029413839731238,-0.0329196564925272,-0.0195350752670233,-0.0194898644467688,-0.019628288294714,-0.0425016539683704,-0.0226556622964789,-0.0248012728124602
-0.0388366116773382,-0.0387860266950534,-0.0393366905377711,-0.0804597307497807,-0.0479998075590832,-0.0521656853989091,-0.0245710956693167,-0.0244906397794372,-0.0247334498037781,-0.0543659246906659,-0.0294163100009128,-0.0329957332052068,-0.0195357386994445,-0.0194948277891871,-0.0196080956484009,-0.0425016539683704,-0.0226568690964066,-0.0248708522232374
-0.0388353088631615,-0.0388205907459801,-0.0393017114541693,-0.0804597307497807,-0.0479888955418992,-0.0522012337718075,-0.0245855735108235,-0.0244971409022817,-0.0247377331193159,-0.0543659246906659,-0.0294130271387574,-0.0330738887026009,-0.0195406873172586,-0.0195008152080273,-0.0196020146415829,-0.0425016539683704,-0.0226550775013827,-0.0249378231347142
-0.0388352959335689,-0.0388407151819921,-0.0393821230342383,-0.0804597307497807,-0.047992300331566,-0.05234943563082,-0.0245855659067241,-0.0245013052365386,-0.0247701055084411,-0.0543659246906659,-0.0294104784105036,-0.0331464055007185,-0.0195406844123036,-0.019500210947155,-0.0196258243135695,-0.0425016539683704,-0.0226542102582666,-0.0249750361077141
-0.0391154348299462,-0.0389692193619083,-0.0392749874394921,-0.0804597307497807,-0.0479939634770721,-0.0525160641036249,-0.0246785562273405,-0.0246430016224643,-0.0246995175211764,-0.0543659246906659,-0.0294149486061928,-0.0332561170232678,-0.0195792623838172,-0.0195618335246007,-0.019586538328858,-0.0425016539683704,-0.0226571930827875,-0.0250205540857034
-0.0391558472348104,-0.0390869765951169,-0.0394493384631132,-0.0804597307497807,-0.047990921647441,-0.0523055895326451,-0.0247044669532098,-0.0246808094912284,-0.0248256955621749,-0.0543659246906659,-0.0294155947763424,-0.0330707335306838,-0.0195989303006732,-0.0195899436263153,-0.0196577448631664,-0.0425016539683704,-0.0226572879344304,-0.0249112648128113
-0.0391366697173621,-0.039157624021558,-0.0394464946499889,-0.0804597307497807,-0.0479847664068351,-0.0523933486306535,-0.024695969918094,-0.0246959881540415,-0.0248105660056553,-0.0543659246906659,-0.0294156541457268,-0.0331929466511385,-0.0195962805511846,-0.0196020410629261,-0.0196480557180803,-0.0425016539683704,-0.0226590215773354,-0.0250188265005332
-0.0393296337939725,-0.0392529477938614,-0.0396649875730203,-0.0804597307497807,-0.0480009556548093,-0.0523821046993374,-0.024774827472527,-0.0247226114617632,-0.0248473179196608,-0.0543659246906659,-0.0294218958959434,-0.033298576813562,-0.0195794263719125,-0.0195713848508105,-0.0196447776140857,-0.0425016539683704,-0.0226601616425742,-0.0250859721735111
-0.0392358238977174,-0.0394519458234448,-0.0396576100865788,-0.0804597307497807,-0.0479957052808384,-0.0524778924810515,-0.0246832550814665,-0.024802163900196,-0.0248447902472025,-0.0543659246906659,-0.0294229385560324,-0.0333686318986965,-0.0195418496234756,-0.0196254606699761,-0.019642415912226,-0.0425016539683704,-0.0226600944192528,-0.0251319394993224
-0.0395604253241506,-0.0396999437450346,-0.0399107458921891,-0.0804597307497807,-0.048006678485536,-0.0524403989621853,-0.0248354936064285,-0.024867736861806,-0.0249380985033967,-0.0543659246906659,-0.0294368288884841,-0.0334081255381303,-0.0195759199273623,-0.0196007556875584,-0.0196557415687854,-0.0425016539683704,-0.0226670925620088,-0.0251696444935995
-0.0395604259459011,-0.0398415112563108,-0.0399350832163484,-0.0804597307497807,-0.0480111720236651,-0.0524447839305617,-0.024835493572413,-0.0249234615738872,-0.0249371370469579,-0.0543659246906659,-0.0294389086877851,-0.0334004200195897,-0.0195759198729083,-0.0196250121685909,-0.0196556519986329,-0.0425016539683704,-0.0226674131179462,-0.0251681166389487
-0.0395604241896054,-0.0398507433894385,-0.039911964296281,-0.0804597307497807,-0.04800270425877,-0.0524025693349368,-0.0248354931466022,-0.0249288042965855,-0.0249424037785363,-0.0543659246906659,-0.0294455270443326,-0.0334194110968315,-0.0195759197903782,-0.0196290160026559,-0.0196592862760793,-0.0425016539683704,-0.0226711385689725,-0.0252152346431159
-0.0389641598978614,-0.0391653360949802,-0.0397800614782024,-0.0804597307497807,-0.0480164933478003,-0.0521823591552209,-0.0246350741160116,-0.0246841840596584,-0.0249552638131739,-0.0543659246906659,-0.0294503575509918,-0.0330954395642841,-0.0194509111052089,-0.0194329624626522,-0.0196098480702167,-0.0425016539683704,-0.022677330784043,-0.024973088231811
-0.038964169519912,-0.0391965807003054,-0.0398247658103239,-0.0804597307497807,-0.0480059500646296,-0.0521770680734212,-0.0246350695243587,-0.0246922307973819,-0.0249626390282868,-0.0543659246906659,-0.0294525647293382,-0.0332569199373517,-0.0194509134942418,-0.0194361757992215,-0.0196091001838057,-0.0425016539683704,-0.0226772846882685,-0.0250762157479961
-0.0389928203828102,-0.0393035266956093,-0.0398453062118112,-0.0804597307497807,-0.0480079391937978,-0.0522623477025827,-0.0246421280958799,-0.0247552294383681,-0.0250157414266333,-0.0543659246906659,-0.029441890765326,-0.0334602285601572,-0.019406451466419,-0.0194786947490457,-0.0196443845647753,-0.0425016539683704,-0.0226721842387549,-0.025197946712416
-0.0388760528475192,-0.0392021353644831,-0.039803748647543,-0.0804597307497807,-0.0480091089964784,-0.0521930775504948,-0.0246572399142954,-0.0247478413808471,-0.0249748790521307,-0.0543659246906659,-0.0294421889434436,-0.0333209950621481,-0.0194144615650092,-0.0194289365319845,-0.0196157417488348,-0.0425016539683704,-0.0226726602638292,-0.0250798623628614
-0.0388760039442386,-0.0391848242262178,-0.0397848860332897,-0.0804597307497807,-0.0479981157782668,-0.0523202003695407,-0.0246572452797109,-0.0247456341478503,-0.0249602332514892,-0.0543659246906659,-0.0294395431251202,-0.0335604893839574,-0.0194144553060867,-0.0194316530927033,-0.019606038146396,-0.0425016539683704,-0.0226714734910217,-0.0251836844631044
-0.0387125906506365,-0.0390787453958628,-0.0395655643931561,-0.0804597307497807,-0.0480028687548527,-0.0525215092128556,-0.0245004858124296,-0.024642018982882,-0.0248611870262994,-0.0543659246906659,-0.0294408645089881,-0.0337452877806673,-0.0193085647573589,-0.0193951782742433,-0.0195002385078693,-0.0425016539683704,-0.0226727232936279,-0.0253271630561042
-0.0389756302809064,-0.0392593350950575,-0.0396482388273915,-0.0804597307497807,-0.0480008190438891,-0.0525699995296103,-0.0246216120737817,-0.0247726034818434,-0.0249197097512645,-0.0543659246906659,-0.0294380027551597,-0.0337011935634129,-0.0193448341929206,-0.019415962239558,-0.0195200655659774,-0.0425016539683704,-0.0226711819204638,-0.0252917326434579
-0.0389756304202685,-0.0392400566760313,-0.0394683238060177,-0.0804597307497807,-0.0480024221618209,-0.0526179001675247,-0.0246216121076783,-0.0247648246794408,-0.0248619944653727,-0.0543659246906659,-0.029437881717383,-0.0336772068976293,-0.01934483422571,-0.0194062050945877,-0.0194550745887207,-0.0425016539683704,-0.0226704425340149,-0.025279970817135
-0.0388817656346951,-0.0389582043587461,-0.0395659761127774,-0.0804597307497807,-0.0479898126700071,-0.0525491512961493,-0.0246502111484516,-0.0246897019523511,-0.0249012913312765,-0.0543659246906659,-0.029445264938435,-0.0335130037813663,-0.0193808858177707,-0.0194068415716426,-0.0195020149377543,-0.0425016539683704,-0.0226683691100489,-0.0251621691470578
-0.0391955132282287,-0.039290420458549,-0.0395569319314558,-0.0804597307497807,-0.0479901847834472,-0.0525654713306369,-0.0248129237789885,-0.0248255903212396,-0.024896304333704,-0.0543659246906659,-0.0294460568660062,-0.0336123221768896,-0.0194792840788979,-0.0194804038053706,-0.0195234140224365,-0.0425016539683704,-0.0226686734899151,-0.0252284287769132
-0.0392013264447698,-0.0392921645022375,-0.0394452954818719,-0.0804597307497807,-0.0479873197894853,-0.0526762948065132,-0.0248125132853591,-0.024826431937224,-0.0248705334989881,-0.0543659246906659,-0.0294482153802214,-0.0337836661088905,-0.0194804669417495,-0.0194804832336073,-0.0194763163563599,-0.0425016539683704,-0.0226691229392636,-0.0253711362137236
-0.0392835246076857,-0.0394147259897866,-0.039479921835278,-0.0804597307497807,-0.047983944080438,-0.0526690506745484,-0.0248672903808902,-0.024940747826644,-0.0249006682135621,-0.0543659246906659,-0.0294449874397521,-0.0337886785363361,-0.0194804827335382,-0.0195070107331158,-0.0194790193768515,-0.0425016539683704,-0.0226657175958696,-0.0253960491880849
-0.0392835054626198,-0.0394329526098035,-0.0394826727546401,-0.0804597307497807,-0.0479759725525453,-0.0524684420480163,-0.0248672723192726,-0.0249343635519259,-0.0248979493476599,-0.0543659246906659,-0.029447591860278,-0.0337748596031722,-0.0194804751358512,-0.0195051248929334,-0.0194933500770026,-0.0425016539683704,-0.0226685263499542,-0.025404748852311
-0.0392857362907073,-0.0395447023680763,-0.039690102171489,-0.0804597307497807,-0.0479788939505853,-0.0519790377202527,-0.024842471953479,-0.0249417084346865,-0.0250107850923999,-0.0543659246906659,-0.0294500003576364,-0.0336316347317681,-0.0194796915295061,-0.0195320511407788,-0.0195212432639213,-0.0425016539683704,-0.0226702783668433,-0.0252596167241985
-0.0392857355038993,-0.0395619599953209,-0.0396793900699152,-0.0804597307497807,-0.0479379010090058,-0.0519815725118353,-0.0248424728165854,-0.0249558535004788,-0.0250064742241954,-0.0543659246906659,-0.029446642490381,-0.0338543009600253,-0.0194796925797185,-0.0195416546460112,-0.0195205287879741,-0.0425016539683704,-0.022670507850401,-0.025385917831474
-0.0393954027378679,-0.0395443206715926,-0.039836584832519,-0.0804597307497807,-0.0479394247010574,-0.0519291332506112,-0.0249824652088154,-0.0250609235531909,-0.0251346557715311,-0.0543659246906659,-0.0294477140599371,-0.0338405926045199,-0.0195030049259471,-0.0195762919468564,-0.0195904126559044,-0.0425016539683704,-0.0226709654073519,-0.025371512673441
-0.0392664452158676,-0.0394344962417546,-0.0396600325281606,-0.0804597307497807,-0.0479272985411773,-0.0518955092081294,-0.0249438565183828,-0.0249928077720429,-0.0250458918973621,-0.0543659246906659,-0.0294473808640851,-0.0337455388734,-0.0195139699249485,-0.0195314996643022,-0.0195334470170777,-0.0425016539683704,-0.0226712770048188,-0.0253018178296451
-0.0392611243208108,-0.0392253077969709,-0.0395749386085332,-0.0804597307497807,-0.0479342405435714,-0.0518884208816778,-0.0249912407131334,-0.0249672485637643,-0.025125964420915,-0.0543659246906659,-0.0294512555173579,-0.0337040788626046,-0.0195281434045721,-0.0195304024772945,-0.0195982105727842,-0.0425016539683704,-0.0226756092842218,-0.0252328019639308
-0.0391281127459157,-0.0390964400367163,-0.03956489573531,-0.0804597307497807,-0.0479343496102045,-0.0521584727422934,-0.0249817056352955,-0.0250037055360609,-0.0250774103817222,-0.0543659246906659,-0.0294415366088475,-0.0338956135262661,-0.0194790228610077,-0.019519264953552,-0.0195493406691046,-0.0425016539683704,-0.0226695033984178,-0.0253256231549593
-0.0391285941906401,-0.0390923351034662,-0.0396195788306193,-0.0804597307497807,-0.0479394660798116,-0.0520923653036993,-0.024981733215814,-0.0250019278784366,-0.0251144147547627,-0.0543659246906659,-0.0294366690798148,-0.0338838918944898,-0.0194790453259288,-0.0195162215651633,-0.0195819927624976,-0.0425016539683704,-0.0226674446750435,-0.0253361659698213
-0.0390868694114758,-0.0391629526656954,-0.0397092864601358,-0.0804597307497807,-0.0479389630801931,-0.0521514941779046,-0.0249367591777823,-0.0250092715564943,-0.0251708689695972,-0.0543659246906659,-0.029435756724999,-0.0339395765466115,-0.0194379700842895,-0.0194823091908205,-0.0195966609817217,-0.0425016539683704,-0.0226668044479531,-0.0253597549663983
-0.0390868694062442,-0.0391247618236793,-0.0396673098342989,-0.0804597307497807,-0.0479391335064652,-0.0522803260800468,-0.0249367591724776,-0.0249790643022134,-0.025189460711945,-0.0543659246906659,-0.0294359211259296,-0.0340460667742037,-0.0194379700835002,-0.019469061555638,-0.0196062709327307,-0.0425016539683704,-0.0226667263729705,-0.0254570132276063
-0.0390434368956853,-0.0392174500161916,-0.0395736335215558,-0.0804597307497807,-0.0479396373311949,-0.0523715679741869,-0.0249906060705691,-0.0250434912998482,-0.0251922685732681,-0.0543659246906659,-0.0294344976467502,-0.0340145291496509,-0.0194972180396094,-0.0195422699747031,-0.0196292851148099,-0.0425016539683704,-0.0226667910351013,-0.0254212755293067
-0.0390435664567829,-0.0392256423360404,-0.0395644016062681,-0.0804597307497807,-0.0479335777357867,-0.0523903757238853,-0.0249905519411067,-0.0250568733655919,-0.025182014445329,-0.0543659246906659,-0.0294361051620181,-0.0340190504246452,-0.0194972063551531,-0.0195471929388105,-0.019625756014836,-0.0425016539683704,-0.0226679392960415,-0.0253801558075979
-0.0392917776955461,-0.039477322588831,-0.0395841088886811,-0.0804597307497807,-0.0479353042517062,-0.052387586666264,-0.0250160763316984,-0.0250624637988872,-0.0251147097776296,-0.0543659246906659,-0.0294365173217816,-0.0340102676610833,-0.0195598723210125,-0.0195814216186808,-0.0195883161251356,-0.0425016539683704,-0.0226675087779032,-0.0253774148586618
-0.0393316607518843,-0.0394696582907089,-0.0395620581885306,-0.0804597307497807,-0.0479298384073082,-0.052286196682975,-0.0250207913492333,-0.0250552064781255,-0.0250986994620101,-0.0543659246906659,-0.0294345458228315,-0.0339592262050484,-0.0195782847464949,-0.0195785110679835,-0.019580954020464,-0.0425016539683704,-0.0226668887015381,-0.0253550735249945
-0.0389929169573418,-0.0389773241923379,-0.0393879937052092,-0.0804597307497807,-0.0479385445413226,-0.0521232086077555,-0.0248962637595047,-0.0248764364958651,-0.0250045400476514,-0.0543659246906659,-0.0294381127329339,-0.0337128638008248,-0.0194466623735467,-0.0194352593366178,-0.0194945457723391,-0.0425016539683704,-0.0226712455637754,-0.0252140965639926
-0.0389036292914939,-0.039189597064308,-0.0395562080861557,-0.0804597307497807,-0.047922427446803,-0.0522071024515845,-0.024796932799761,-0.0248948089869498,-0.0250022124929734,-0.0543659246906659,-0.0294487214711032,-0.0336799231376325,-0.0193607198196099,-0.0194111001030583,-0.0194454131929931,-0.0425016539683704,-0.0226232575399385,-0.0251371786820315
-0.0390223939810082,-0.0393281010380964,-0.039604479811221,-0.0804597307497807,-0.0479206961823223,-0.0519404242662584,-0.0248150574548073,-0.0249573724608897,-0.0250082895924521,-0.0543659246906659,-0.0294470991758433,-0.033490846653564,-0.0193798314507603,-0.0194225745761775,-0.0194546600580403,-0.0425016539683704,-0.0226231224659656,-0.024980089132765
-0.0390217886252185,-0.0393619248715454,-0.0395766145625181,-0.0804597307497807,-0.0479199648385535,-0.051841996278519,-0.0248157439811876,-0.024969239263374,-0.0250016730393127,-0.0543659246906659,-0.0294469775658536,-0.0333253016089185,-0.0193808059080042,-0.0194259224504137,-0.0194459738411112,-0.0425016539683704,-0.0226229642174456,-0.0248509076865125
-0.0390213655713626,-0.0393999677918621,-0.0395757642720244,-0.0804597307497807,-0.0479198793160769,-0.0516191039170993,-0.0248163053193958,-0.0249859753506358,-0.0250008507568648,-0.0543659246906659,-0.0294482278557382,-0.033190896577922,-0.0193815431453249,-0.0194354117633597,-0.0194529658747493,-0.0425016539683704,-0.0226230845618991,-0.024776709793907
-0.0390228342707656,-0.0394351960929915,-0.0394345964406974,-0.0804597307497807,-0.0479118436694072,-0.0517001220886022,-0.0248922011863152,-0.0249905388432831,-0.0249659993931499,-0.0543659246906659,-0.0294564516206203,-0.0333701469574289,-0.019399400091692,-0.0194774691128098,-0.0194711120551418,-0.0425016539683704,-0.022628801265389,-0.0248799637316997
-0.0390226425044769,-0.0394233562925566,-0.039439427101742,-0.0804597307497807,-0.047914785229669,-0.0516976727755959,-0.0248921547134041,-0.0249863289354448,-0.0249721343549863,-0.0543659246906659,-0.0294590354607644,-0.0332946140635886,-0.0193993827230972,-0.0194764006548345,-0.0194729418566224,-0.0425016539683704,-0.0226297303197866,-0.0248583926129981
-0.0392026371389321,-0.0392691855048944,-0.0394310890258627,-0.0804597307497807,-0.0478904909894458,-0.0520153033399375,-0.0248896748389119,-0.0249041118863222,-0.0249166879161202,-0.0543659246906659,-0.0294655791238253,-0.0334661895885449,-0.0194338602442862,-0.0194309464663054,-0.0194350078335902,-0.0425016539683704,-0.0226327136288288,-0.0249875609098198
-0.0393788685416742,-0.0394207576193112,-0.0393905117585029,-0.0804597307497807,-0.0478715320252375,-0.0518550112747198,-0.0249433912005654,-0.0249425618071435,-0.0249149076562709,-0.0543659246906659,-0.0294642953826134,-0.0334202572620746,-0.0194891774774829,-0.019464731464564,-0.019426946819653,-0.0425016539683704,-0.0226323702947198,-0.0249868071289487
-0.0393386873277729,-0.039338550948648,-0.0393538802736177,-0.0804597307497807,-0.0478611186043752,-0.0517921400481566,-0.0249386551866544,-0.02488497173366,-0.0248947289126733,-0.0543659246906659,-0.0294613301138009,-0.0334210285342856,-0.0195001788012146,-0.0194406234613635,-0.0194100857550915,-0.0425016539683704,-0.022630943983074,-0.0249978785037353
-0.0393401151079773,-0.0393729131504923,-0.0393510913243397,-0.0804597307497807,-0.0478786917697681,-0.051737607389946,-0.0249390986922099,-0.0249073551638659,-0.0248912939830384,-0.0543659246906659,-0.0294451526553731,-0.0333235125153224,-0.0195007368028491,-0.019462542426617,-0.0194226263026095,-0.0425016539683704,-0.0226198704696958,-0.0249631607525725
-0.039503859029986,-0.0393816327534867,-0.0394405163356382,-0.0804597307497807,-0.0478780941268155,-0.0515751203336688,-0.0249875412019492,-0.0249152322682973,-0.0249237990649078,-0.0543659246906659,-0.0294469257405419,-0.0332828396829923,-0.0195000828711938,-0.0194443614022573,-0.0194226397424819,-0.0425016539683704,-0.022620496062698,-0.0249326893488725
-0.039171681935298,-0.0393282825903467,-0.0395265780450934,-0.0804597307497807,-0.0478922903573317,-0.0516264305287298,-0.0248021150467043,-0.0249015326950225,-0.0249333950244216,-0.0543659246906659,-0.0294552918710738,-0.0333270885990245,-0.0194260655181777,-0.019431957482274,-0.0194312387434437,-0.0425016539683704,-0.0226243741700949,-0.0250006644031112
-0.0391737057376334,-0.0393442475642028,-0.0394004915568686,-0.0804597307497807,-0.0479020288525262,-0.0515132821842921,-0.024803243496766,-0.0249083299895909,-0.0249162913731438,-0.0543659246906659,-0.0294517313310427,-0.0331562411833631,-0.0194264673361759,-0.0194371209180421,-0.0194265795435023,-0.0425016539683704,-0.022622116799775,-0.0248311079204598
-0.0391716639230295,-0.0393454669407539,-0.0394546977906127,-0.0804597307497807,-0.0479398670137907,-0.0517014846845213,-0.0248020558839014,-0.0249081562999679,-0.0249321701395354,-0.0543659246906659,-0.0294274386357679,-0.0332202139835678,-0.0194260122939511,-0.0194372093881886,-0.0194339338187861,-0.0425016539683704,-0.0226113864757948,-0.0248414882856952
-0.038961419476149,-0.0392770635601254,-0.03943348755536,-0.0804597307497807,-0.047929899300367,-0.0515610759605688,-0.0246976398994725,-0.0247363355622074,-0.024803883942966,-0.0543659246906659,-0.0294261550557173,-0.0330913001999662,-0.019291517415924,-0.0192889678258147,-0.0193159772733044,-0.0425016539683704,-0.0226108163535612,-0.0247692311203553
-0.0390854363234708,-0.0392042551578734,-0.0395036864722519,-0.0804597307497807,-0.0479188808492866,-0.052310373458396,-0.0247034339775889,-0.0247531173994889,-0.0248797477272563,-0.0543659246906659,-0.0294149285514019,-0.0332109377657385,-0.0192992860994671,-0.0192917818448783,-0.0193225929688614,-0.0425016539683704,-0.0226098001029624,-0.0249180524897741
-0.0389700050418197,-0.0389839224813298,-0.0394415931189304,-0.0804597307497807,-0.0479194526076039,-0.0524670074190593,-0.0246014928570147,-0.0245216623115461,-0.0247302684577098,-0.0543659246906659,-0.0294058092351917,-0.0334328902973957,-0.0191985296580762,-0.0191591301757564,-0.0191851174905384,-0.0425016539683704,-0.0226042443582532,-0.0250899498536138
-0.0390291703917784,-0.039074854584879,-0.0394058330260849,-0.0804597307497807,-0.0479211179163616,-0.0525097992896564,-0.0246610370799581,-0.024607174986837,-0.0247134615725507,-0.0543659246906659,-0.0294070619716192,-0.033475174684939,-0.0191993398306789,-0.0191795035788699,-0.0191862327106282,-0.0425016539683704,-0.0226035497171515,-0.0251254832619335
-0.0390381381778576,-0.0390966168252777,-0.0394362333006569,-0.0804597307497807,-0.0479398527354621,-0.0524663071598716,-0.0246652883365042,-0.0245937990382794,-0.0247062698738429,-0.0543659246906659,-0.0294216004235781,-0.0337255605256205,-0.019202050822855,-0.0191607303445879,-0.0191929741280098,-0.0425016539683704,-0.0226132067893446,-0.0253113715764265
-0.0390118185796325,-0.0391305800440265,-0.0393694073741201,-0.0804597307497807,-0.047922737447157,-0.0524110496761174,-0.0246528121365205,-0.024589051686151,-0.0246990567584684,-0.0543659246906659,-0.0294406888582128,-0.0338076003657832,-0.0191967570476896,-0.0191850995080096,-0.0191805253582459,-0.0425016539683704,-0.0226198334761658,-0.0254320522142985
-0.0389037244310281,-0.0390170701867988,-0.0391654682845255,-0.0804597307497807,-0.0479284325830435,-0.0524339157489842,-0.0246047822461101,-0.0246062031578156,-0.0246674250979277,-0.0543659246906659,-0.0294359347994044,-0.033774814144804,-0.0191315083085999,-0.0191700740269417,-0.0191751269403452,-0.0425016539683704,-0.0226184873478195,-0.0253629131737896
-0.0387951673738524,-0.0390031494090076,-0.0391232544962,-0.0804597307497807,-0.0479353173688418,-0.0523658895002087,-0.0245479894487282,-0.0245622865496781,-0.0246708717433889,-0.0543659246906659,-0.0294377894005237,-0.0337711830908876,-0.0191409226367686,-0.0191500549088672,-0.0191887270398135,-0.0425016539683704,-0.0226189476525198,-0.0253631930099457
-0.0389854065211096,-0.0390347114406922,-0.0393565064633246,-0.0804597307497807,-0.0479352671290368,-0.0525405343110935,-0.0244936383558687,-0.0244615061508075,-0.024638968872508,-0.0543659246906659,-0.0294258958502527,-0.033796440307366,-0.0191176319714649,-0.0190911210725075,-0.0191754134242754,-0.0425016539683704,-0.0226151519777488,-0.0254034614257494
-0.0389883041018997,-0.0390589631248579,-0.0393264413289119,-0.0804597307497807,-0.0479204910941081,-0.0526823795297773,-0.0244960992620694,-0.0244517131097036,-0.0246362631017733,-0.0543659246906659,-0.0294192562974509,-0.033810526480208,-0.0191202681381822,-0.0190830273085199,-0.0191783137371902,-0.0425016539683704,-0.0226118733237836,-0.0253794877487773
-0.0389198017552118,-0.0390765842058851,-0.0393082643979282,-0.0804597307497807,-0.0479179662859617,-0.0522809707726225,-0.0245378651579858,-0.0245647282169324,-0.0247595528247446,-0.0543659246906659,-0.0294484813901127,-0.0337304417984141,-0.0191520706954064,-0.0191571633310628,-0.0192407798563181,-0.0425016539683704,-0.0226282057356177,-0.0252930646365952
-0.0389514171590707,-0.0390653029800545,-0.0392927180320954,-0.0804597307497807,-0.0479191145545451,-0.0520636293658159,-0.0245338314038565,-0.0245581101357464,-0.0247504417281073,-0.0543659246906659,-0.0294602789602246,-0.0336372301754895,-0.0191495615319743,-0.0191544360144654,-0.0192357253747632,-0.0425016539683704,-0.0226332364701027,-0.0252759979056772
-0.0389723306499801,-0.0390966305268382,-0.0392904301588209,-0.0804597307497807,-0.0479226876305494,-0.0520140037217363,-0.0245266393770846,-0.0245766916054003,-0.0247460203997682,-0.0543659246906659,-0.0294631041202452,-0.0336064638128803,-0.0191564901224781,-0.0191661798791182,-0.0192337876608813,-0.0425016539683704,-0.0226346800791582,-0.0252660302561417
-0.0388778529142183,-0.0389355265257926,-0.0391994467939827,-0.0804597307497807,-0.0479321040857471,-0.0520340393018858,-0.0244397240296974,-0.0245048946026017,-0.0246588463078784,-0.0543659246906659,-0.029475328423736,-0.0335674523231612,-0.0191002037365619,-0.0191053327203238,-0.0191737649653841,-0.0425016539683704,-0.022640531503764,-0.0252489349398982
-0.0388862213112679,-0.0389892351540241,-0.0392041368835351,-0.0804597307497807,-0.0479273381825367,-0.052067892115764,-0.0244424467925411,-0.0245307013102033,-0.0246628134553384,-0.0543659246906659,-0.0294796806088898,-0.0335672789248024,-0.0191025142568752,-0.0191434646650265,-0.0191784532190774,-0.0425016539683704,-0.0226414669831788,-0.0252090464810606
-0.0387634146030905,-0.0392104148976354,-0.039264269039205,-0.0804597307497807,-0.0479202075908501,-0.0520418029396638,-0.0244354471652639,-0.0246185681149019,-0.0247329370287963,-0.0543659246906659,-0.0294884014802963,-0.0336374389421594,-0.0191224662417287,-0.0192202192254829,-0.0192282252876653,-0.0425016539683704,-0.0226479343066228,-0.0253084985063219
-0.0387634141382802,-0.03919632511647,-0.0392380349545153,-0.0804597307497807,-0.0479280478455032,-0.0522190595604087,-0.0244354472562155,-0.0246139996558565,-0.0247344911612045,-0.0543659246906659,-0.0294913010559918,-0.0337502303121703,-0.0191224658144922,-0.0192107340515184,-0.0192188795147372,-0.0425016539683704,-0.0226491445075005,-0.0253538438185021
-0.0387620072103384,-0.0391578064177436,-0.0391656112415591,-0.0804597307497807,-0.0479402805951457,-0.0523079436134359,-0.0244357969098431,-0.024608990056633,-0.0247327988107278,-0.0543659246906659,-0.0294825481628391,-0.03376333481828,-0.0191212064547575,-0.0191990978276226,-0.0192049343351364,-0.0425016539683704,-0.022646001339476,-0.025313668582981
-0.0389329204687415,-0.0391097405543192,-0.0390995584841931,-0.0804597307497807,-0.0479470030159182,-0.0522377877867362,-0.0244652111161785,-0.0245657404053856,-0.0245579521650284,-0.0543659246906659,-0.0294847196301108,-0.0335849769649643,-0.0191257656158904,-0.0191442461170012,-0.0191459027262037,-0.0425016539683704,-0.0226477403859621,-0.0252226029528667
-0.0392134398543238,-0.0392704148205974,-0.0393121487409309,-0.0804597307497807,-0.0479251996289821,-0.0519732915368785,-0.0246173513678798,-0.0246443039351226,-0.0245880541593075,-0.0543659246906659,-0.0292045151437748,-0.0328935391401987,-0.0191270309405441,-0.0191016306734596,-0.0191057024210387,-0.0425016539683704,-0.0224450650353011,-0.024759847848023
-0.0392404002316302,-0.0392596295602934,-0.0392756627859435,-0.0804597307497807,-0.0478928448852127,-0.0519276709408491,-0.0246988583593159,-0.0246350934799421,-0.0246657882066775,-0.0543659246906659,-0.0292079779344677,-0.0328332455288912,-0.0191594506793026,-0.0191338946434638,-0.0191078197283259,-0.0425016539683704,-0.0224494727436637,-0.0247240920893593
-0.0392157436802681,-0.0393571333477993,-0.0394461849271258,-0.0804597307497807,-0.0479657763995905,-0.0517537925310516,-0.0242930194226075,-0.0243336811730655,-0.024366856734396,-0.0543659246906659,-0.0290265484112428,-0.0324703238554123,-0.0189336247989095,-0.0189132018666499,-0.0189342304000597,-0.0425016539683704,-0.0223140914963417,-0.0244568554774546
-0.0392347884670053,-0.0392028293315414,-0.0392894811735494,-0.0804597307497807,-0.047951211440687,-0.051398789005812,-0.0243930121610628,-0.0243483354988332,-0.0243343283426206,-0.0543659246906659,-0.0290382163265842,-0.0322178099618257,-0.018887393087219,-0.0188651796566258,-0.0188371367102076,-0.0425016539683704,-0.0222790761499056,-0.0242405720389249
-0.039258330751535,-0.0393752374136295,-0.0396193294630497,-0.0804597307497807,-0.0479465957439387,-0.0512211844534826,-0.0244683504238188,-0.0243749418091793,-0.0244764157654452,-0.0543659246906659,-0.0290293299847701,-0.0322070963233991,-0.0189152618970867,-0.0188998547811401,-0.0189220086971239,-0.0425016539683704,-0.0222750151717602,-0.024278772246065
-0.0392682759347954,-0.0393747545591311,-0.0396236533627036,-0.0804597307497807,-0.0479166821581331,-0.0513888359361207,-0.0244678076639129,-0.0243828364128256,-0.0244774256773275,-0.0543659246906659,-0.0290306762855716,-0.0323663572790397,-0.0189132081842578,-0.0188990473431425,-0.0189237159756869,-0.0425016539683704,-0.0222784572611217,-0.0244275293006683
-0.0392311239526487,-0.0394761040681553,-0.0394510120716634,-0.0804597307497807,-0.0479195873355746,-0.0514024737745047,-0.024389619946133,-0.0244197894774273,-0.0244117528644778,-0.0543659246906659,-0.0290342244261863,-0.0323488427797488,-0.0189107016617425,-0.0189230411812357,-0.0189125281607082,-0.0425016539683704,-0.0222800682658256,-0.0244407341320313
-0.0392952100674966,-0.0397605365474647,-0.0397423628915958,-0.0804597307497807,-0.0479346856870854,-0.0517571001317912,-0.0244676831280709,-0.0245097504869628,-0.0245199274458254,-0.0543659246906659,-0.0290708408209229,-0.032599173128725,-0.018919740625284,-0.0189663657635434,-0.0189457573276108,-0.0425016539683704,-0.0222928587772765,-0.0246128990131763
-0.0394607260634898,-0.0395590809732796,-0.039688788241832,-0.0804597307497807,-0.0480009513482083,-0.0520510064688639,-0.0243757326914786,-0.0244057632257262,-0.024413649922759,-0.0543659246906659,-0.0290668863548829,-0.032971873137705,-0.0189946728635532,-0.0189727775982481,-0.0189776075165072,-0.0425016539683704,-0.0222933524204258,-0.024873627194202
-0.0394702391061643,-0.0394718514718484,-0.0396928912370196,-0.0804597307497807,-0.0480025428976276,-0.0519510932741194,-0.0244314874440266,-0.0243638180699185,-0.0243708101735204,-0.0543659246906659,-0.0290640706779962,-0.0329613453948766,-0.0190245906577694,-0.0189406439825525,-0.0189369035027087,-0.0425016539683704,-0.0222929834963113,-0.0248632705755679
-0.0391091931261156,-0.0392997967309416,-0.03953603606364,-0.0804597307497807,-0.0479975481573414,-0.0520385298733559,-0.0243484477106404,-0.0242938110571876,-0.0242648888970793,-0.0543659246906659,-0.0290588877127934,-0.0330507901611545,-0.0189937216942144,-0.0189093197462685,-0.0189223141345359,-0.0425016539683704,-0.0222892202071247,-0.0249372650706424
-0.0392959956327792,-0.0395651283035653,-0.0394611417115925,-0.0804597307497807,-0.04798562645914,-0.0520717649702941,-0.0243887994569088,-0.0244267012056988,-0.0244128877936569,-0.0543659246906659,-0.0292260400436507,-0.0332389953881,-0.0190750158335362,-0.0190183203556334,-0.0189945816066996,-0.0425016539683704,-0.0224308497185493,-0.0251318016428607
-0.0396648264481256,-0.039618557104304,-0.0395160865929483,-0.0804597307497807,-0.047957576894827,-0.0520869428910748,-0.0243368868500047,-0.0243177065329711,-0.0243111658737832,-0.0543659246906659,-0.0291680784013297,-0.0332228113082155,-0.0188957909406414,-0.0188560645881173,-0.0188578241984668,-0.0425016539683704,-0.0223544216588445,-0.0250958790150545
-0.0394655809077426,-0.0397565839478737,-0.0397150335300672,-0.0804597307497807,-0.0479309162470793,-0.0519309524839998,-0.024406753712072,-0.0244209801551981,-0.0244414217610274,-0.0543659246906659,-0.0291629207774102,-0.0330495862824317,-0.0189608892058363,-0.0188999477867788,-0.0189312070444866,-0.0425016539683704,-0.0223508949233307,-0.0250260250168519
-0.0394655802858566,-0.0397756605953326,-0.0396942082544057,-0.0804597307497807,-0.0479281671677944,-0.0517567046033951,-0.0244067484126663,-0.0244351780550522,-0.0244380780086787,-0.0543659246906659,-0.0291626405642473,-0.0327819565534082,-0.0189608908381472,-0.0189092147531146,-0.0189308258064307,-0.0425016539683704,-0.0223519179694828,-0.0248011469449797
-0.0396139400882956,-0.0396420702118941,-0.0395727839498991,-0.0804597307497807,-0.0479269092970345,-0.0516742967945717,-0.0243947840361552,-0.0243885899847532,-0.0243862605135724,-0.0543659246906659,-0.029162938385273,-0.0326378590526289,-0.0189382375953001,-0.0188757788992652,-0.0188822477122968,-0.0425016539683704,-0.0223516045143351,-0.0247234125055619
-0.0397252420758748,-0.0397102210650439,-0.0397667177278769,-0.0804597307497807,-0.0479214308366973,-0.0517168416710212,-0.0244026132634897,-0.0244126509401406,-0.0244699563339955,-0.0543659246906659,-0.0291595658207596,-0.0325562251914175,-0.0189360182017577,-0.0189120949831969,-0.0189295542176944,-0.0425016539683704,-0.0223509575084805,-0.0246415901895213
-0.0397252098812363,-0.039667181894595,-0.0398499777486624,-0.0804597307497807,-0.0479184474791482,-0.0515509768991702,-0.0244026011416622,-0.0244016599851373,-0.0244970175185303,-0.0543659246906659,-0.0291595087222959,-0.0325279100407546,-0.0189360093513397,-0.0189118675322184,-0.0189418154422888,-0.0425016539683704,-0.0223519699532114,-0.0246864008329696
-0.0400486980350089,-0.0400340030848725,-0.039884135750264,-0.0804597307497807,-0.0479157334575754,-0.0516514930929934,-0.0245274400477318,-0.0245447608838004,-0.0244892430034959,-0.0543659246906659,-0.0291542229618689,-0.0325953246720339,-0.0189951129671022,-0.0190247021657137,-0.0189681131732337,-0.0425016539683704,-0.0223509817360716,-0.0247131828135559
-0.0399765724408497,-0.0399490589145389,-0.0398990509527334,-0.0804597307497807,-0.0479237141898602,-0.0518208119102169,-0.0245412741917619,-0.0245065703258282,-0.024515346830864,-0.0543659246906659,-0.0291642218817918,-0.0327527032547641,-0.0190312934498528,-0.018996132969689,-0.0189830337203886,-0.0425016539683704,-0.0223554757859591,-0.0248481159567414
-0.0400213974964475,-0.0401631631661593,-0.0398536659420363,-0.0804597307497807,-0.0479233344889328,-0.0518128677038555,-0.0244652088654677,-0.0245149801729223,-0.0245014463476122,-0.0543659246906659,-0.0291618862390777,-0.0326637324533349,-0.0189818652118467,-0.0190104918621832,-0.0189883867416022,-0.0425016539683704,-0.0223539062781965,-0.0248016362550356
-0.039980200793482,-0.0399696063933617,-0.0399619309359072,-0.0804597307497807,-0.0479448385098198,-0.051912806936989,-0.0244873884940298,-0.0245221415663092,-0.0245538905958374,-0.0543659246906659,-0.0291808897409723,-0.0326911970367338,-0.0189625659776195,-0.0189727425060467,-0.0189524188511166,-0.0425016539683704,-0.0223594481088291,-0.0248260850008632
-0.0399718158979796,-0.0399531083922893,-0.0398839964013387,-0.0804597307497807,-0.0479455133604787,-0.0518188508149558,-0.0244388135447833,-0.0244474039182996,-0.0244814368589903,-0.0543659246906659,-0.0291821788536402,-0.0326620602427939,-0.0189384940742071,-0.0189404849965348,-0.0189248875295008,-0.0425016539683704,-0.0223598684316137,-0.0248062646397009
-0.0398638531094392,-0.0398750075335036,-0.0399332179212512,-0.0804597307497807,-0.047948003016726,-0.0515828095801542,-0.0243994833383359,-0.0243949708505177,-0.0244878239585786,-0.0543659246906659,-0.0291778903699421,-0.0325794879105444,-0.0189031932399235,-0.0188912452167954,-0.0189361891181409,-0.0425016539683704,-0.0223585528788478,-0.0247244741404542
-0.0401409026433851,-0.0400145715715123,-0.0399281485649162,-0.0804597307497807,-0.0479462956492857,-0.0516866998448849,-0.0244892735649573,-0.0244456514104788,-0.0245190278193032,-0.0543659246906659,-0.0291813806594985,-0.0326030926156209,-0.019025727177105,-0.0189692814922308,-0.0189491573550821,-0.0425016539683704,-0.0223600261220287,-0.0247628938275535
-0.0401409017489835,-0.0400400153560591,-0.0399167683746391,-0.0804597307497807,-0.0479444277020456,-0.0514943985890654,-0.0244892729038907,-0.0244434740458595,-0.0245082467533532,-0.0543659246906659,-0.0291835642900958,-0.0325724724990943,-0.0190257270149599,-0.0189659965497244,-0.0189444449087146,-0.0425016539683704,-0.0223624058555223,-0.024802201309941
-0.040082279179961,-0.0400872425218956,-0.0400463574739156,-0.0804597307497807,-0.0479482997980622,-0.051400051633172,-0.0244825004534839,-0.0245174702465492,-0.0245637214889597,-0.0543659246906659,-0.029188056257493,-0.0324899849527393,-0.0189731758254882,-0.0189971470808733,-0.0189683971388012,-0.0425016539683704,-0.0223544917178948,-0.0247708385377254
-0.0398323937723171,-0.039674469567501,-0.0398657830290913,-0.0804597307497807,-0.0479506808775482,-0.0517077229830229,-0.0244343423551913,-0.0244706682237306,-0.0246000712605645,-0.0543659246906659,-0.0291921633852069,-0.0326948371457373,-0.0189651412223341,-0.0189768380903381,-0.0190242022818646,-0.0425016539683704,-0.0223559505352747,-0.0248744148408425
-0.0395814396009829,-0.0398495596162367,-0.0398962557780014,-0.0804597307497807,-0.0479523008648579,-0.0517532075818629,-0.0244159563037558,-0.0244759550689277,-0.0245897228962285,-0.0543659246906659,-0.0291885126575576,-0.0327464244164829,-0.0190330869338977,-0.0189847047276181,-0.0190285727327649,-0.0425016539683704,-0.0223545438535232,-0.0249284459593833
-0.0400974190444917,-0.0400888116666954,-0.0399695931101425,-0.0804597307497807,-0.0479515021938554,-0.0516205027531369,-0.0245203179948503,-0.0245529001898478,-0.0246131984660206,-0.0543659246906659,-0.0291924384008317,-0.0325860175792007,-0.0190258329329405,-0.0190020778373536,-0.0189853109252081,-0.0425016539683704,-0.0223566330097136,-0.024794708716613
-0.0401341858519499,-0.0401153108604497,-0.0400447032942201,-0.0804597307497807,-0.0479371269326883,-0.051656449489104,-0.0246124769476196,-0.0246053093846902,-0.0246641983594096,-0.0543659246906659,-0.029195479321587,-0.0325122840757662,-0.0190341214980821,-0.0189871841678425,-0.018987238244378,-0.0425016539683704,-0.022359641570551,-0.0247905577889084
-0.0397814107076927,-0.0400503819659604,-0.0398492634299784,-0.0804597307497807,-0.0479114154475583,-0.0516488916764018,-0.0244527889534024,-0.024555734161175,-0.0244831304347253,-0.0543659246906659,-0.0291876255386224,-0.0324314859798569,-0.0189460203966669,-0.0188774408475482,-0.0188508749907287,-0.0425016539683704,-0.0223310479024592,-0.0246591102855558
-0.0396478206430212,-0.0399082357521993,-0.0398147107815382,-0.0804597307497807,-0.0479219134087077,-0.0514187613110011,-0.0243326079289695,-0.0244827916344726,-0.0245309436355807,-0.0543659246906659,-0.0291827293269845,-0.0323373343385266,-0.0188734622827637,-0.0188768657775405,-0.0188390566768202,-0.0425016539683704,-0.022331324649689,-0.0246003731845766
-0.0396478198064103,-0.039906202802582,-0.0398145393843969,-0.0804597307497807,-0.0479114949178906,-0.0513974779644418,-0.0243326077800106,-0.0244818053369854,-0.024534210643553,-0.0543659246906659,-0.0291850409584151,-0.0323773654336871,-0.0188734621813303,-0.0188737521764558,-0.0188411342335969,-0.0425016539683704,-0.0223332464406611,-0.0246994847082914
-0.0394489250965113,-0.039811371968108,-0.0398059015289261,-0.0804597307497807,-0.0479216778881487,-0.0511867241851491,-0.0243259202117343,-0.0244615791571939,-0.0245090217457337,-0.0543659246906659,-0.0291902024711476,-0.0322228144883069,-0.0188084713869727,-0.0188405265162576,-0.0188372665455753,-0.0425016539683704,-0.0223374621065728,-0.0245777296278255
-0.0397115917424877,-0.0396446204131033,-0.0399475171994138,-0.0804597307497807,-0.0479375768789874,-0.0512138733927892,-0.0244841268351334,-0.0244585108016449,-0.0246047431793216,-0.0543659246906659,-0.0292051059055398,-0.0323075879129656,-0.0188982555595382,-0.0188303415451959,-0.0188895441708698,-0.0425016539683704,-0.0223683233820926,-0.0246438170836304
-0.0397115895254633,-0.0396976946478803,-0.0399432038071472,-0.0804597307497807,-0.0479578277991821,-0.05149860921236,-0.0244841252666172,-0.0244721460044203,-0.0245868347057662,-0.0543659246906659,-0.0292196305912446,-0.0323721027809619,-0.0188982554092811,-0.0188360177739107,-0.0188665364744169,-0.0425016539683704,-0.0223721825941225,-0.0246965156802422
-0.039246643909396,-0.0394440108486826,-0.0397801717162907,-0.0804597307497807,-0.0479598108127056,-0.0514131757292059,-0.0242626847271933,-0.0244041518798144,-0.0245573908873558,-0.0543659246906659,-0.0292154197800098,-0.0323997663680012,-0.018810471703792,-0.0188294983443778,-0.0188825457693609,-0.0425016539683704,-0.0223686489300942,-0.0247300779206333
-0.0390952135363689,-0.0392402274682522,-0.0395216007916174,-0.0804597307497807,-0.0479616962053802,-0.0513100813004361,-0.0242379398148712,-0.0243307784317417,-0.024442258878862,-0.0543659246906659,-0.0292160414675885,-0.0323673222242221,-0.0187480444922241,-0.0187840980499119,-0.0188336289167986,-0.0425016539683704,-0.0223712141575896,-0.0246770085925771
-0.039095532938415,-0.039227685430406,-0.0395873970184455,-0.0804597307497807,-0.0479992971574388,-0.0514809328111636,-0.0242379190976353,-0.0243064482162295,-0.0244572697836128,-0.0543659246906659,-0.0292184520248494,-0.0324092570484176,-0.0187480316632547,-0.0187749025587658,-0.0188339867905991,-0.0425016539683704,-0.0223755708498158,-0.0246465073369524
-0.0390726504768915,-0.0392918269036757,-0.0397453954916145,-0.0804597307497807,-0.0479806160640142,-0.0512568370221608,-0.0242266856107273,-0.0242693975426907,-0.0243947615750789,-0.0543659246906659,-0.0292285838608798,-0.0322817058986232,-0.0187640883498837,-0.018769728703948,-0.0188482381664163,-0.0425016539683704,-0.0223523591937343,-0.0245539920458316
-0.0390712038487201,-0.0393141470214151,-0.0397374497195675,-0.0804597307497807,-0.0479754490696963,-0.0512168118537685,-0.0242261123726588,-0.0242785666744071,-0.0243921344188468,-0.0543659246906659,-0.0292209537764979,-0.0322089027625757,-0.0187633915097721,-0.0187804841734955,-0.0188469422292954,-0.0425016539683704,-0.0223509688921019,-0.0245540877132986
-0.0390712045568038,-0.0392998693601337,-0.0397244112827253,-0.0804597307497807,-0.0479790251044693,-0.0514468860363004,-0.0242261125009687,-0.0242509164739971,-0.0243883174892371,-0.0543659246906659,-0.0292208660061831,-0.0322470260141117,-0.0187633914138656,-0.0187619425257573,-0.0188424458819143,-0.0425016539683704,-0.022351003234351,-0.0245544959181281
-0.0390623424403368,-0.0392879332827241,-0.0397301295485054,-0.0804597307497807,-0.0479830174625206,-0.0514765674442104,-0.02422287027524,-0.0242484909768905,-0.0243829458069642,-0.0543659246906659,-0.0292272967774,-0.0322561557797634,-0.0187603704261967,-0.0187606635120082,-0.0188427370854711,-0.0425016539683704,-0.0223535669641499,-0.0245410321579607
-0.0390710342003536,-0.0392777577200439,-0.0397189140348805,-0.0804597307497807,-0.0479747103593591,-0.0512073948434119,-0.024226048889251,-0.0242489850902655,-0.0243847915860503,-0.0543659246906659,-0.0292237428094095,-0.0321310133084295,-0.0187633327996811,-0.0187612332955052,-0.0188406548170687,-0.0425016539683704,-0.0223523591573339,-0.0244580209737787
-0.0390700303574478,-0.0391795281932366,-0.0394657023310545,-0.0804597307497807,-0.0478980058364321,-0.0512099884423654,-0.0241762803248704,-0.0242607305150212,-0.0242811572088775,-0.0543659246906659,-0.0289605464522123,-0.0318553091794689,-0.0186689555979925,-0.0187060159473256,-0.0187257815022948,-0.0425016539683704,-0.022180706600727,-0.0242432528390909
-0.0390700303780826,-0.0392186097340669,-0.039474797748974,-0.0804597307497807,-0.0478914426989718,-0.0513130505053742,-0.024176280330934,-0.0242646493292703,-0.0242726251715616,-0.0543659246906659,-0.0289580882002744,-0.0318810115259489,-0.018668955620825,-0.0187064918470898,-0.0187221454525819,-0.0425016539683704,-0.0221786460204017,-0.024288905918686
-0.0390633127361471,-0.0392213994996137,-0.0395067625972653,-0.0804597307497807,-0.0478818078677798,-0.0514084131400754,-0.024170566178384,-0.0242619433099872,-0.0243024071266685,-0.0543659246906659,-0.0289656610531507,-0.0320822737915904,-0.0186632915747572,-0.0187043996570832,-0.0187322486393991,-0.0425016539683704,-0.0221847070194809,-0.024477761684236
-0.0387473926146304,-0.0389788622148425,-0.0395131775337949,-0.0804597307497807,-0.0478987122360489,-0.0512869520048657,-0.0241999234970087,-0.0241837110934199,-0.0242704370139655,-0.0543659246906659,-0.0288732421249801,-0.0318046195476617,-0.0187289738558891,-0.0186961905746816,-0.0186972244618572,-0.0425016539683704,-0.0220944546829461,-0.0242662539256044
-0.0391484500319547,-0.0392724460341013,-0.0396900283370096,-0.0804597307497807,-0.047902292060922,-0.0513913536035546,-0.0242675501466903,-0.0242531441758445,-0.0243872727613443,-0.0543659246906659,-0.0288730332948235,-0.0319301776947145,-0.0187938801609405,-0.0187317116791447,-0.0187717240361953,-0.0425016539683704,-0.0220943821773991,-0.0243872314214793
-0.0392288563162959,-0.0393278979661579,-0.0397086787274479,-0.0804597307497807,-0.0478680053303678,-0.0515520978804284,-0.0243850522355471,-0.024368870267556,-0.0245480275041763,-0.0543659246906659,-0.0288879874897288,-0.031955039222903,-0.0188042978794819,-0.0187414077257034,-0.0188098092247766,-0.0425016539683704,-0.0221043920497758,-0.0243775727311277
-0.0392325197626353,-0.039346445431991,-0.0397162297282097,-0.0804597307497807,-0.0478623820049628,-0.0513927815317474,-0.0243852089059445,-0.0243749721411838,-0.0245411076527667,-0.0543659246906659,-0.0288861370012504,-0.0319267427921584,-0.0188065535551092,-0.0187450583932354,-0.0188012130060598,-0.0425016539683704,-0.0221015988073877,-0.0243504888766109
-0.0392325635093745,-0.0393612354079222,-0.0397466763081157,-0.0804597307497807,-0.0478601411202008,-0.0513569487764123,-0.0243851854030188,-0.024359853592211,-0.0245267114457158,-0.0543659246906659,-0.0288865206429822,-0.0319254537943122,-0.018806553024783,-0.0187365911383248,-0.0187994728215951,-0.0425016539683704,-0.022104253302664,-0.0243218897774182
-0.0392288558595923,-0.0393319464047149,-0.0397303803180686,-0.0804597307497807,-0.0478212532492162,-0.051056373822319,-0.0243850520846581,-0.0243698426166058,-0.0245502598072794,-0.0543659246906659,-0.0289066265633304,-0.0319237282872969,-0.0188042969842396,-0.0187414041212509,-0.0188011667411671,-0.0425016539683704,-0.0221160755076494,-0.0244133979942056
-0.0393080366379926,-0.0393816862869971,-0.0398318952943837,-0.0804597307497807,-0.0478104362548665,-0.0508572115562522,-0.0243173252541424,-0.0244312847576185,-0.024566113191773,-0.0543659246906659,-0.0289120207305007,-0.031873427881837,-0.0187616636522607,-0.018772163865391,-0.0188036834216046,-0.0425016539683704,-0.0221206617149437,-0.0243929545478712
-0.039339291347769,-0.0394890832291642,-0.0399458825478783,-0.0804597307497807,-0.04780896568078,-0.0508469607329509,-0.0243514336896905,-0.0243997863334152,-0.0246229507069971,-0.0543659246906659,-0.0289131596102114,-0.0318761098383197,-0.0187564834592356,-0.0187273334150965,-0.0188166498873397,-0.0425016539683704,-0.0221223552757685,-0.0243918525495615
-0.0393517975321447,-0.0395195607527331,-0.0399307890900103,-0.0804597307497807,-0.0478086420061941,-0.050981224607975,-0.0243566571099219,-0.0243907640585385,-0.0246106297427865,-0.0543659246906659,-0.028913031922597,-0.0318678721241245,-0.0187572948888274,-0.0187137187912416,-0.0188211695724857,-0.0425016539683704,-0.0221223882981817,-0.0243991186462543
-0.0396604988085787,-0.0397765265046519,-0.0402732540370004,-0.0804597307497807,-0.0478418224202232,-0.0510847828453481,-0.0244877669751059,-0.024552355044737,-0.0248543106606248,-0.0543659246906659,-0.0289202883551089,-0.0319817239441276,-0.0188363275498703,-0.0188288978939662,-0.0189556499218269,-0.0425016539683704,-0.0221416568261925,-0.0244955076339885
-0.0396521363522725,-0.039966785416429,-0.0403145327416209,-0.0804597307497807,-0.0478339505926627,-0.0512064235019853,-0.0245642154519988,-0.0247512772000027,-0.0249753801406161,-0.0543659246906659,-0.0289128174238028,-0.0321317666304216,-0.0189177622537728,-0.0189751504713435,-0.0190378983958407,-0.0425016539683704,-0.0221450046170493,-0.0245786860730406
-0.0395656873288556,-0.0399076953647544,-0.0402409554229971,-0.0804597307497807,-0.0478354557757773,-0.0512422203346829,-0.0245775125183469,-0.0247414018588077,-0.0248899644333614,-0.0543659246906659,-0.0289205428512209,-0.032260128437295,-0.0189436571882686,-0.0189680061726524,-0.0190106728397644,-0.0425016539683704,-0.0221505522951598,-0.0246683927572004
-0.0395650193354638,-0.0398793197656724,-0.0403012868983328,-0.0804597307497807,-0.0478505954381793,-0.0515615909166543,-0.0245773830452753,-0.0247237929052173,-0.024888850081231,-0.0543659246906659,-0.0289290198286439,-0.0324731927891164,-0.0189435370441116,-0.0189599689339433,-0.0190225192283749,-0.0425016539683704,-0.0221518257426593,-0.024829939159766
-0.0395650138388496,-0.0399003943861274,-0.0403043418665834,-0.0804597307497807,-0.0478485084205058,-0.0515777377133512,-0.0245774055146197,-0.0247342169706107,-0.0248896496319289,-0.0543659246906659,-0.0289249920617005,-0.0324523327561134,-0.0189435540752322,-0.0189662285004187,-0.0190238915728792,-0.0425016539683704,-0.0221511512527861,-0.0248308756042667
-0.039716510872342,-0.0401017562234979,-0.0403276589433653,-0.0804597307497807,-0.0478482276064603,-0.0516994050227937,-0.0247013306628687,-0.0247826722298491,-0.0248516702502478,-0.0543659246906659,-0.0289245584124623,-0.0326009151681374,-0.0189859752380192,-0.0189670605644349,-0.0190264847701097,-0.0425016539683704,-0.0221515099041037,-0.0249393218386977
-0.0401372157658772,-0.0402163827896035,-0.0405604967997993,-0.0804597307497807,-0.0478060535966665,-0.051879310788051,-0.0249583274978745,-0.024985047289377,-0.0250518182409907,-0.0543659246906659,-0.0289339308865712,-0.0328441969143971,-0.0191568397744863,-0.0191470328805571,-0.01918286982965,-0.0425016539683704,-0.0222166226871548,-0.0251804470896715
-0.0401112948506611,-0.0403085644329017,-0.040522763974366,-0.0804597307497807,-0.0477668874947906,-0.0519143402685362,-0.0250069507706353,-0.0249461335121737,-0.0250012413574775,-0.0543659246906659,-0.0290344717123685,-0.0327743008255118,-0.0191850043933818,-0.0191600669126014,-0.0191746525624615,-0.0425016539683704,-0.02232465378893,-0.025179031003756
-0.0399493034500802,-0.04008272786288,-0.0404854680110444,-0.0804597307497807,-0.0477506021533851,-0.0517247504641896,-0.0249173432663192,-0.0249220716876892,-0.0250028800761222,-0.0543659246906659,-0.0290315454033845,-0.0326630395439556,-0.0191586472387955,-0.0191535374776653,-0.0191729499139604,-0.0425016539683704,-0.0223227674778218,-0.0251176003710063
-0.0399355391055578,-0.0402580573120038,-0.0403750918596656,-0.0804597307497807,-0.0477327955682107,-0.0517609306698144,-0.0247899060874359,-0.0248973745447307,-0.0249911199394895,-0.0543659246906659,-0.0291513806478508,-0.0328598214941173,-0.0190429135408275,-0.0191082775384728,-0.0191159925518516,-0.0425016539683704,-0.0223918620759226,-0.025270782430373
-0.0398002635546451,-0.0400753544278042,-0.0402725587410105,-0.0804597307497807,-0.0477270375526121,-0.0515987888342779,-0.0247931125418119,-0.0248684759875244,-0.0249884233478353,-0.0543659246906659,-0.0291487666187854,-0.0327152518737273,-0.0190831407071305,-0.0190954414620035,-0.0191385360515573,-0.0425016539683704,-0.022391159088521,-0.0251470334661934
-0.0397928357398312,-0.0400751474060008,-0.0402700559555213,-0.0804597307497807,-0.0477265695907723,-0.0515842904435279,-0.0247911751624039,-0.0248684593847851,-0.0249897518730108,-0.0543659246906659,-0.0291469248307987,-0.0327633364465792,-0.0190827404453006,-0.0190953785010002,-0.0191387373321374,-0.0425016539683704,-0.0223926313256173,-0.0251782200179974
-0.0399612306565221,-0.0400526329244546,-0.0403341159938044,-0.0804597307497807,-0.0477250777299767,-0.051747068026504,-0.0248419113285447,-0.0248483702285187,-0.0250064965575448,-0.0543659246906659,-0.0291518951104405,-0.0328429077121001,-0.0191141101038006,-0.0191046591450253,-0.0191697858323126,-0.0425016539683704,-0.0223950330769183,-0.0252731035549323
-0.0398439357624007,-0.0402652835707426,-0.0403899182353246,-0.0804597307497807,-0.0477463958284301,-0.0517123676114032,-0.0247902789719649,-0.0250396075308185,-0.0250640397314125,-0.0543659246906659,-0.0291466397524604,-0.0328719055824314,-0.0190706428431498,-0.0191887330808151,-0.0191978213230537,-0.0425016539683704,-0.0223969925967682,-0.0252618456226582
-0.0398246585394737,-0.040200487357469,-0.0403504448788135,-0.0804597307497807,-0.0477545467856125,-0.0517094054522422,-0.0247557604457631,-0.0250179133370653,-0.0250519042670578,-0.0543659246906659,-0.0291420413662956,-0.0329064998250891,-0.0190541028826021,-0.0191766255081991,-0.0191918820943716,-0.0425016539683704,-0.0223984865098315,-0.0252485493703897
-0.039824658423162,-0.0401865009450429,-0.0403495023487801,-0.0804597307497807,-0.0477500675992349,-0.0516089085541437,-0.0247557604278067,-0.0249881303375613,-0.0250317281654356,-0.0543659246906659,-0.0291423740597232,-0.0328756835783659,-0.0190541030391403,-0.0191722129140849,-0.0191829580889213,-0.0425016539683704,-0.0223975038550687,-0.0251814397805175
-0.0398524026584336,-0.0400711844015332,-0.0402137168668465,-0.0804597307497807,-0.0477274074367412,-0.0516267172639019,-0.0248115023638802,-0.0249352458995628,-0.0250574693160031,-0.0543659246906659,-0.0291328122624635,-0.0327970956994694,-0.0190658363555903,-0.0191268690236833,-0.0192046780169496,-0.0425016539683704,-0.0223977730877603,-0.0251090212217054
-0.039958809326651,-0.0401442308788953,-0.040246750929771,-0.0804597307497807,-0.0477236573715578,-0.0516413267244581,-0.0248711049432385,-0.0249858226673595,-0.0250709248355524,-0.0543659246906659,-0.029135824993823,-0.0328522417635277,-0.0190948265448017,-0.0191511492565404,-0.0191813944327477,-0.0425016539683704,-0.0224010742586571,-0.0251173878401554
-0.0399736527072568,-0.040154046769661,-0.0402524051783997,-0.0804597307497807,-0.0477276472036077,-0.0515750940805186,-0.0248807962297214,-0.0250132024218324,-0.0250656234056161,-0.0543659246906659,-0.029137618497651,-0.0328188720643423,-0.0191006932725448,-0.0191653207196676,-0.0191905374923023,-0.0425016539683704,-0.0223975950457943,-0.0250710072105286
-0.0399741007414034,-0.0401706063381756,-0.040237684816436,-0.0804597307497807,-0.0477306562700407,-0.0518507742771236,-0.0248807821459872,-0.0250014129413587,-0.0250535919850143,-0.0543659246906659,-0.029139194751302,-0.0329680444081639,-0.0191007215944034,-0.0191605012080889,-0.019177470772107,-0.0425016539683704,-0.0223983705470945,-0.0251662667223172
-0.0398317021995205,-0.0399975899938778,-0.0402367898882089,-0.0804597307497807,-0.0477328897976204,-0.0518161444224796,-0.0248139197215771,-0.0249162018135587,-0.0250174873951524,-0.0543659246906659,-0.0291401335249033,-0.0329824353479766,-0.019069917169526,-0.0191120397107261,-0.0191534762297524,-0.0425016539683704,-0.0223991623442386,-0.0251815563850036
-0.0398335756203538,-0.040208971620275,-0.0404493512559192,-0.0804597307497807,-0.0477315093183113,-0.0517817315901472,-0.0248619504969722,-0.0250320646610607,-0.0250662108223443,-0.0543659246906659,-0.0291384383883743,-0.0328874575598783,-0.0190949167847907,-0.0191900753691958,-0.0192383741275684,-0.0425016539683704,-0.0223983691531961,-0.025088651044353
-0.0398800844238955,-0.0402768246676087,-0.0405938585661181,-0.0804597307497807,-0.0477341675106454,-0.0518294254461389,-0.0247805102623356,-0.0249718353411933,-0.0251100129783616,-0.0543659246906659,-0.0291371031289756,-0.0329278001373646,-0.019049752851287,-0.0191549171129817,-0.0192496784476605,-0.0425016539683704,-0.0223983199190979,-0.025122113116146
-0.0398800819964494,-0.040210504061311,-0.0405932663463487,-0.0804597307497807,-0.0477420806745361,-0.0517731332403876,-0.0247807913818462,-0.0249249780727045,-0.0251102388845211,-0.0543659246906659,-0.0291377965777761,-0.0329608620702934,-0.019049770004463,-0.0191246053345402,-0.0192494433019444,-0.0425016539683704,-0.0224017983640701,-0.0251646038349421
-0.0398893665416812,-0.0401489611535534,-0.0404897514445338,-0.0804597307497807,-0.047746804653086,-0.0517721649590301,-0.0248364021453113,-0.0249643329583329,-0.0251064753735341,-0.0543659246906659,-0.0291301332980002,-0.0329636385869467,-0.0190856482253669,-0.019151175464114,-0.0192443581185296,-0.0425016539683704,-0.0223988678717359,-0.0251262955641075
-0.0398015600104272,-0.0401360968271944,-0.0403921580492781,-0.0804597307497807,-0.0477480730214197,-0.0522202336256307,-0.0247990796855192,-0.0249529240416886,-0.025050678312326,-0.0543659246906659,-0.0291267271902595,-0.0329678407231435,-0.0190613063772204,-0.0191476080083172,-0.0192210618300649,-0.0425016539683704,-0.0223979536177905,-0.0251891822592916
-0.0398224135343829,-0.0401945614850592,-0.0403874402865255,-0.0804597307497807,-0.0477453809088404,-0.0520915094201224,-0.0247559240214152,-0.0249324751344434,-0.0250328617700933,-0.0543659246906659,-0.0291117096573481,-0.032812723540198,-0.0190527186357299,-0.0191461019088875,-0.0192057165580779,-0.0425016539683704,-0.0223893566955612,-0.0250435771758671
-0.0398152758503732,-0.0401072414101658,-0.0403405150560456,-0.0804597307497807,-0.0477435032732243,-0.0522770995406394,-0.0248263989308003,-0.0248568711236478,-0.0250842087373884,-0.0543659246906659,-0.0291118047918273,-0.03294701895424,-0.0190872308176898,-0.0190897995486638,-0.0191998369800335,-0.0425016539683704,-0.0223886190430942,-0.0251503163734563
-0.0398152757011856,-0.0400411717617657,-0.0404003509684518,-0.0804597307497807,-0.0477429019506629,-0.0521007248653674,-0.0248263945112335,-0.024844482777301,-0.025113829905753,-0.0543659246906659,-0.0291113644253466,-0.0327838423224075,-0.0190872300092023,-0.019077668483844,-0.0192127834665407,-0.0425016539683704,-0.022388248081904,-0.0250137824929759
-0.0397871993764237,-0.0398816296187967,-0.0405333679371402,-0.0804597307497807,-0.0477310090235455,-0.052198298868664,-0.0248004904380535,-0.0248397981237433,-0.0251181038261267,-0.0543659246906659,-0.0291116465761271,-0.0327610690794939,-0.0190624429430711,-0.0190780608124591,-0.0192110273404566,-0.0425016539683704,-0.0223871501215843,-0.0250192126849601
-0.0397871724096426,-0.0398743332066101,-0.0405210619452496,-0.0804597307497807,-0.0477226603008839,-0.0520875104472657,-0.0248004983991587,-0.0248244633628947,-0.0251010400319375,-0.0543659246906659,-0.0291032733347267,-0.0327516086262724,-0.0190624503923489,-0.0190732575640049,-0.019204088725573,-0.0425016539683704,-0.0223834076223348,-0.025031509451408
-0.0397871787766061,-0.0398743331301732,-0.0405202969390427,-0.0804597307497807,-0.0477249014528787,-0.0521709914469079,-0.0248004973174924,-0.0248244646678183,-0.0250999024353033,-0.0543659246906659,-0.029102185767374,-0.0327628163139071,-0.0190624487354541,-0.0190732582826609,-0.0192030774731432,-0.0425016539683704,-0.0223828837366288,-0.0250558299265787
-0.0398438843785331,-0.0399325788718247,-0.0401675161374882,-0.0804597307497807,-0.0477234660546606,-0.052271246293887,-0.0247767531096965,-0.0248157479153086,-0.0249513358380711,-0.0543659246906659,-0.0291033471299407,-0.03281583125722,-0.0190651312189961,-0.0190559361744205,-0.0191520735785698,-0.0425016539683704,-0.022383548901565,-0.0250830741531071
-0.0394519563053159,-0.0397683327253062,-0.0400509158441051,-0.0804597307497807,-0.0477234775675054,-0.0522997965463865,-0.0245914838775003,-0.0248491727834842,-0.0250184814573306,-0.0543659246906659,-0.0291092661079725,-0.0327924151570059,-0.0189654204816143,-0.0190763005403535,-0.0191339122847707,-0.0425016539683704,-0.0223866217028122,-0.0250848898643459
-0.0395240240843188,-0.03977991274547,-0.0399429594036921,-0.0804597307497807,-0.0476464865083474,-0.0524925013763598,-0.0248325153752891,-0.0248545855449797,-0.024993127279553,-0.0543659246906659,-0.0291004728827386,-0.0329017685480055,-0.0190650818566831,-0.0190624344739246,-0.0191201483324143,-0.0425016539683704,-0.0223950298622801,-0.0252292799589025
-0.0395240236621405,-0.0397686949914314,-0.0399306970237829,-0.0804597307497807,-0.0476350713430879,-0.0521697649160957,-0.0248325150049236,-0.0248623590031757,-0.0249774932741493,-0.0543659246906659,-0.0291054357051945,-0.0326760087372977,-0.019065081658641,-0.0190651861260402,-0.0191131442743056,-0.0425016539683704,-0.0223973888467428,-0.0250653451947815
-0.0394380382054949,-0.0395966188335006,-0.039752113108569,-0.0804597307497807,-0.0476291792036005,-0.0520096889287131,-0.0246818561849638,-0.0248386448541972,-0.0248867684018196,-0.0543659246906659,-0.0291080391308778,-0.0325582483271499,-0.0190312800396638,-0.0190518023352254,-0.0190603830338048,-0.0425016539683704,-0.0223980607443278,-0.0249903860777351
-0.0396556984304148,-0.0395243709733923,-0.0396896699515518,-0.0804597307497807,-0.0476529427852211,-0.0520694062722102,-0.0247512768539157,-0.0247738803154637,-0.0247579624447097,-0.0543659246906659,-0.0291042292437513,-0.0326401597992663,-0.0190688747336799,-0.0190777035763001,-0.0190673783076207,-0.0425016539683704,-0.0224377795841003,-0.0250829288548705
-0.0398456340437718,-0.0399821081566404,-0.0398543918030338,-0.0804597307497807,-0.0476645260407377,-0.0520028859388215,-0.0248626622523924,-0.0248917588318308,-0.0248843604222311,-0.0543659246906659,-0.0291015882692256,-0.0325118913653287,-0.0191196116566265,-0.0191144173600694,-0.0191300782828175,-0.0425016539683704,-0.0224377708454011,-0.0249737805777851
-0.0398293125417404,-0.0400360987466494,-0.0400732642535326,-0.0804597307497807,-0.0476640526083184,-0.0518641805474234,-0.0248446598450831,-0.0248746694703195,-0.0248571046827477,-0.0543659246906659,-0.0291001750522575,-0.0324771493772647,-0.0191455303506759,-0.0191233449191892,-0.0191248430792436,-0.0425016539683704,-0.0224364409358808,-0.0249290560967161
-0.0396212225780178,-0.0397595296668,-0.0397581035480717,-0.0804597307497807,-0.0476562654718719,-0.0520021549210736,-0.0247178732047316,-0.0248266351441571,-0.0248189761682865,-0.0543659246906659,-0.0291029335035014,-0.0325355229151779,-0.0190827557228943,-0.0190880388125172,-0.0190930915980047,-0.0425016539683704,-0.0224386213398157,-0.0249745659635212
-0.0398133300631684,-0.0396365232269691,-0.0396398707513223,-0.0804597307497807,-0.047654328687939,-0.0519907570159626,-0.0247589552080058,-0.0247960794488746,-0.0248099512275642,-0.0543659246906659,-0.0291027934546828,-0.032432720232698,-0.0190759955350497,-0.0190905922991368,-0.019104817276266,-0.0425016539683704,-0.0224393926087991,-0.0248975893181909
-0.0396120931183572,-0.0394226834269532,-0.0396543702063969,-0.0804597307497807,-0.0476493419733178,-0.051991687238654,-0.0246866333045714,-0.024689320409149,-0.0248012661359245,-0.0543659246906659,-0.0290944112236994,-0.0324107392497743,-0.0190349946980289,-0.0190053165476205,-0.0190587624209852,-0.0425016539683704,-0.022435666829025,-0.0248886093700716
-0.0395715053889017,-0.0394038409979035,-0.0395386868755323,-0.0804597307497807,-0.0476453799852573,-0.0519979124352216,-0.0246859201251839,-0.0247741370228342,-0.0248021892030381,-0.0543659246906659,-0.0290947694411115,-0.0325329375827825,-0.0190434813545993,-0.0190523172027085,-0.0190742648039677,-0.0425016539683704,-0.0224361693728177,-0.0249808398508977
-0.0398261499385602,-0.0398591201484854,-0.0397487193486233,-0.0804597307497807,-0.0476273093300304,-0.0519277264024963,-0.0249943579600838,-0.0249822871978924,-0.024940533335438,-0.0543659246906659,-0.0290862564594723,-0.0324560539924085,-0.0191707690351501,-0.0191138230073708,-0.0191050826055881,-0.0425016539683704,-0.0224364152215654,-0.0249001889125798
-0.0401488004810754,-0.040009741312489,-0.0398370555537849,-0.0804597307497807,-0.0476269088000963,-0.0519789224316442,-0.0250223788834295,-0.0249779313587593,-0.0249614736030982,-0.0543659246906659,-0.0290812790439423,-0.0324841806043233,-0.0192090516740936,-0.0191293715043345,-0.019115389417955,-0.0425016539683704,-0.022435333312193,-0.0249163708794967
-0.0399871203200817,-0.0401084212414806,-0.0398677381502428,-0.0804597307497807,-0.0476209410922206,-0.0520739238154968,-0.0249609629637512,-0.0249259171464787,-0.0249622331656934,-0.0543659246906659,-0.0290865647959632,-0.0325050507333042,-0.0191841541289749,-0.0191310755580911,-0.0191161076283208,-0.0425016539683704,-0.0224379864274473,-0.0249321650925939
-0.0400160982978105,-0.0398584224103605,-0.0396585480422967,-0.0804597307497807,-0.0476219506989229,-0.0520886441250357,-0.0250206798443541,-0.0249465521776956,-0.0249270226729161,-0.0543659246906659,-0.0290849436104462,-0.0325607555943815,-0.0192244579564046,-0.0191776067936889,-0.0191361594748833,-0.0425016539683704,-0.0223985306295536,-0.0249006836198701
-0.0400161001651225,-0.039860908767409,-0.0396564360681498,-0.0804597307497807,-0.0476173047843035,-0.0521707844152428,-0.025020678500898,-0.0249441038986411,-0.0249320159937557,-0.0543659246906659,-0.0290895841886121,-0.0326246219581406,-0.0192244576267992,-0.019176456039492,-0.0191393417108184,-0.0425016539683704,-0.022406292868515,-0.0249173255998968
-0.0399139509140436,-0.0397376871914379,-0.039863310519736,-0.0804597307497807,-0.0476193187675686,-0.052293614781401,-0.0249626653358572,-0.0248810461350519,-0.0249462700831587,-0.0543659246906659,-0.0290813988266632,-0.0327587138354393,-0.0192528293705459,-0.0191764968650144,-0.0191571635158398,-0.0425016539683704,-0.0224024080533818,-0.0250269015192453
-0.0399139509389944,-0.03976003693066,-0.0398689136771109,-0.0804597307497807,-0.0476114309948406,-0.0520792796399199,-0.0249626652684024,-0.0248950676306016,-0.0249531936163481,-0.0543659246906659,-0.029078632593078,-0.0326560611111484,-0.0192528293109603,-0.0191831394390668,-0.0191522839187564,-0.0425016539683704,-0.0223996792301074,-0.024976267005086
-0.0397852205414124,-0.0396432544774133,-0.0396414795951245,-0.0804597307497807,-0.0476033535883709,-0.0520736000198604,-0.0248867484864973,-0.0249373698781031,-0.0249297956139577,-0.0543659246906659,-0.0290863939165525,-0.0326247806896507,-0.0191955074222457,-0.0191761239898756,-0.0191234679045376,-0.0425016539683704,-0.0224100877500387,-0.0249246380274781
-0.0391805188706607,-0.0394876263373756,-0.0393788656825966,-0.0804597307497807,-0.0475179384696097,-0.0522331528401366,-0.0248045536063282,-0.0247854860813257,-0.0247582217694746,-0.0543659246906659,-0.0290745831751691,-0.0326658721188452,-0.0190849652582291,-0.019084024590474,-0.0190242937793351,-0.0425016539683704,-0.0223892956169501,-0.0249659585897333
-0.0390783042594212,-0.0392348756700796,-0.0392872018444803,-0.0804597307497807,-0.0475208900578004,-0.0520890259531532,-0.0246727052275131,-0.0247631724018576,-0.024788195978502,-0.0543659246906659,-0.0290715526019621,-0.0326044544544288,-0.0190194634742675,-0.0190263242689363,-0.0190076800179609,-0.0425016539683704,-0.0223879139681939,-0.024910756525328
-0.0392493123649503,-0.0391796934618561,-0.0391045363277835,-0.0804597307497807,-0.0474944867759561,-0.0519430557290522,-0.0247162097807676,-0.0246848276563393,-0.0247257878344631,-0.0543659246906659,-0.0290672345803142,-0.0323230897662538,-0.0190604248332257,-0.0190063279420291,-0.0189697996249836,-0.0425016539683704,-0.0223873349222003,-0.0246828780539315
-0.0393667485072733,-0.0390371458866715,-0.0391026945151636,-0.0804597307497807,-0.047450540795815,-0.0517395544180594,-0.0247468032550745,-0.0246720863116206,-0.0247314329451154,-0.0543659246906659,-0.0290652452113944,-0.0322028843105033,-0.0190714878306372,-0.0189861605486947,-0.0189707079627103,-0.0425016539683704,-0.0223873934470915,-0.0246167164439021
-0.0393335116634282,-0.0392419038779746,-0.0391822314683458,-0.0804597307497807,-0.0474433060279139,-0.0519290983991243,-0.0247113522038939,-0.0247141474504423,-0.0247179126750462,-0.0543659246906659,-0.0290644059961106,-0.0323763491512149,-0.0190882119528097,-0.0190885602247148,-0.0190520404785894,-0.0425016539683704,-0.0223869015253076,-0.0247489732435709
-0.0391789776276939,-0.0393218844881611,-0.0392350163439138,-0.0804597307497807,-0.0474431052470865,-0.0518992205158264,-0.0246960116721502,-0.0247233528560986,-0.0245834658867727,-0.0543659246906659,-0.0290613853451986,-0.032394874286451,-0.0190823833631398,-0.019061860654266,-0.0190056041560301,-0.0425016539683704,-0.0223808815387963,-0.0247255133713777
-0.0392117000579055,-0.0392734943947905,-0.0391888364153828,-0.0804597307497807,-0.0474373357176017,-0.0517442654952977,-0.024693209341936,-0.0246729926284503,-0.0245821031472206,-0.0543659246906659,-0.0290633589564681,-0.0322852990115724,-0.0190843166710097,-0.0190399037757713,-0.019002953227349,-0.0425016539683704,-0.0223817946165517,-0.0246489913320912
-0.0392342346167231,-0.0394278098293612,-0.0394498209405273,-0.0804597307497807,-0.0474298458550197,-0.0516469870613573,-0.0246500478413498,-0.0246562015444004,-0.0246157571310554,-0.0543659246906659,-0.0290565971701589,-0.0322174119284568,-0.0190545114981188,-0.0190493854939839,-0.0190427180641467,-0.0425016539683704,-0.0223798920006358,-0.0245925172012493
-0.0391944385467213,-0.039413759500824,-0.0395289438726675,-0.0804597307497807,-0.047433254536656,-0.0516128422929176,-0.0246464929377476,-0.0246590176470453,-0.0246371157845476,-0.0543659246906659,-0.0290539618669377,-0.0322347613049004,-0.0190699054437482,-0.0190723624418196,-0.0190592236719864,-0.0425016539683704,-0.0223789658006099,-0.0246205270228063
-0.0391985769569249,-0.039442663644696,-0.0394332343094239,-0.0804597307497807,-0.0474210591954854,-0.0515078253589773,-0.0246470012566734,-0.02465924500276,-0.0245841406621631,-0.0543659246906659,-0.0290567594630272,-0.0321134360667587,-0.0190705859053555,-0.019067327885025,-0.0190360694833218,-0.0425016539683704,-0.022386267892391,-0.0245396738504268
-0.0395715295058018,-0.0394425936726946,-0.0393424430033469,-0.0804597307497807,-0.0474201825039684,-0.0516577623755489,-0.0246700243702884,-0.0246963758394672,-0.0245819748863133,-0.0543659246906659,-0.0290556785586088,-0.0321506942744451,-0.0190881207387739,-0.0190685900449071,-0.0190140558689538,-0.0425016539683704,-0.0223851814696959,-0.0245541592908276
-0.0391919336353227,-0.0391555563052268,-0.0389757223283315,-0.0804597307497807,-0.0474213826812932,-0.0514916680096465,-0.0244291592207347,-0.0244461523635839,-0.0244588668774669,-0.0543659246906659,-0.0290617104962588,-0.032079676731325,-0.0190146752316385,-0.0189940237976273,-0.0188886321392572,-0.0425016539683704,-0.0223888589016571,-0.0245080651355222
-0.039192051660422,-0.039195019511686,-0.0389555442057784,-0.0804597307497807,-0.0474292418700581,-0.0515656407008433,-0.0244292222841263,-0.0244710499891356,-0.0244384691213202,-0.0543659246906659,-0.0290591930335158,-0.0319819348834616,-0.0190147200977056,-0.0190069097748652,-0.0188854760452247,-0.0425016539683704,-0.0223876601572415,-0.0244578215306338
-0.0388578962346464,-0.0394921791164197,-0.0391784484885651,-0.0804597307497807,-0.0474307622963017,-0.0516990333363191,-0.0244042244857572,-0.024581428080748,-0.0244918437577821,-0.0543659246906659,-0.029060556026325,-0.0321060322046117,-0.0189740789400507,-0.0190248451846732,-0.0189183526241556,-0.0425016539683704,-0.022386100580115,-0.0245587773190726
-0.0393676712531703,-0.0394093606220344,-0.0393418595571106,-0.0804597307497807,-0.04743639398688,-0.0517941565928425,-0.0245896965471561,-0.0245984987687449,-0.024603107664801,-0.0543659246906659,-0.0290619597237633,-0.0321514544910548,-0.0190643920032173,-0.0190454409386275,-0.0189968448891126,-0.0425016539683704,-0.0223877754476917,-0.0245992599764093
-0.039367657577285,-0.0394027365883328,-0.0393351465706056,-0.0804597307497807,-0.0474466357637601,-0.0518851319868884,-0.0245896933304252,-0.0245993510540093,-0.0246044937899041,-0.0543659246906659,-0.0290635245366401,-0.032217801533002,-0.0190643915378497,-0.0190461405409615,-0.0189976459234681,-0.0425016539683704,-0.0223914004988584,-0.0246357081930949
-0.0393862430127116,-0.0395293547874157,-0.0395239371689403,-0.0804597307497807,-0.0474377898467536,-0.0518830000838522,-0.0246393091857313,-0.0246678538202176,-0.0246909170801659,-0.0543659246906659,-0.0290611917557848,-0.0321713507800304,-0.0191215362482121,-0.0191204862466239,-0.0190994012834215,-0.0425016539683704,-0.0223890925105951,-0.0245876950548315
-0.0394362971969669,-0.0394401111406372,-0.0395851327779862,-0.0804597307497807,-0.0474390078029641,-0.051911962746056,-0.024673790004881,-0.0246110096767029,-0.0246428790652596,-0.0543659246906659,-0.0290614338249045,-0.0322393606184892,-0.0190955611896884,-0.019060262431282,-0.0190627483679198,-0.0425016539683704,-0.022389032093082,-0.0246433139265707
-0.0390522226805376,-0.0393691806364037,-0.0393846206589065,-0.0804597307497807,-0.0473727986071875,-0.0518265602168038,-0.0241967495999701,-0.0241770614803262,-0.0242139173867572,-0.0543659246906659,-0.0286383421160099,-0.0320310737018483,-0.0188267856247343,-0.0188010851100688,-0.0187789304100954,-0.0425016539683704,-0.0221340915729548,-0.0245660475181127
-0.0390487505220381,-0.0392749292182481,-0.0392413701929762,-0.0804597307497807,-0.0473801415919179,-0.0516815009784122,-0.0241731718550402,-0.0241662350755175,-0.024217654579237,-0.0543659246906659,-0.0286421596050494,-0.0319221205483257,-0.0187873550708287,-0.0187318947107193,-0.0187690962805281,-0.0425016539683704,-0.0221369448983706,-0.0245139885692873
-0.0389413480693016,-0.0392871312686812,-0.0393263243826466,-0.0804597307497807,-0.0473788319812397,-0.0516092258249099,-0.0241678453200166,-0.0240961054529397,-0.024114662629131,-0.0543659246906659,-0.0286355661336011,-0.0318624456700894,-0.0188122435666806,-0.0187443822694236,-0.0187194517390441,-0.0425016539683704,-0.0221357754766173,-0.0244466257162877
-0.0391912602058934,-0.0391352648950942,-0.0392353779956351,-0.0804597307497807,-0.047368106271332,-0.051570012957856,-0.0242012694069945,-0.024144313071482,-0.0241399693280982,-0.0543659246906659,-0.0286215997046935,-0.031790958314187,-0.0188125400195299,-0.0187468632651868,-0.0187241929896793,-0.0425016539683704,-0.0221328249690841,-0.0243865496276218
-0.039125869669294,-0.0391632864759535,-0.039400139558564,-0.0804597307497807,-0.0473567705188557,-0.0516405516490293,-0.0241233878121822,-0.0241425603781708,-0.0240737560314644,-0.0543659246906659,-0.0286199088683865,-0.0318044659283832,-0.0187443367447491,-0.0187646541473901,-0.0186835930211305,-0.0425016539683704,-0.0221311446294404,-0.0243945877546113
-0.0391212779022756,-0.0391776251849741,-0.0394382423707029,-0.0804597307497807,-0.0473875166746113,-0.0517764571197828,-0.0241327495385455,-0.0241431546256825,-0.0240982811465808,-0.0543659246906659,-0.0286269182013167,-0.0318079705367228,-0.0187539830867192,-0.0187633262767756,-0.0186940715566722,-0.0425016539683704,-0.0221350290947766,-0.0243397435515465
-0.0391233500240097,-0.039167939653545,-0.0394685625801766,-0.0804597307497807,-0.0473852723927904,-0.0518523073707361,-0.0241285531658212,-0.0241403471931417,-0.0241127827114539,-0.0543659246906659,-0.028622935006589,-0.0318841722731541,-0.0187496089723304,-0.0187645830755472,-0.0187000834553485,-0.0425016539683704,-0.0221341852336955,-0.024415283052533
-0.0392138284006507,-0.0392153778773528,-0.0397688985995912,-0.0804597307497807,-0.0473837657461875,-0.0518816660305263,-0.0242568283867473,-0.0242075457218247,-0.0243540347522272,-0.0543659246906659,-0.0286132526128836,-0.0320101380357055,-0.0187882100926859,-0.018764191322132,-0.0187950177487505,-0.0425016539683704,-0.0221321780830375,-0.0245193832349095
-0.0389225902850411,-0.0395125893065664,-0.0397592749270513,-0.0804597307497807,-0.0474096106161968,-0.0518995983347645,-0.0243734120626488,-0.0244592934659426,-0.0246166250090908,-0.0543659246906659,-0.0286054019856269,-0.0320853148051351,-0.0188501494555977,-0.0188814625973748,-0.0189363849399811,-0.0425016539683704,-0.0221703734348957,-0.0245995795111918
-0.039438677814645,-0.0396872203616033,-0.0399403563346945,-0.0804597307497807,-0.0474267684008757,-0.0519317609999298,-0.0243751587561489,-0.0245081000480188,-0.024669366157934,-0.0543659246906659,-0.028610969679472,-0.0321622256420803,-0.0188808847395587,-0.0189556500613473,-0.0189905687821523,-0.0425016539683704,-0.0221802485458025,-0.024629336534148
-0.0394255843336192,-0.0396724715787312,-0.0399130592506625,-0.0804597307497807,-0.0474456641360112,-0.0519044081763341,-0.0243389922485535,-0.0244756492181508,-0.0246589361184308,-0.0543659246906659,-0.0286131284785768,-0.0321340918030416,-0.0189237792792935,-0.0189646711859104,-0.0190296332251586,-0.0425016539683704,-0.0222115740285671,-0.0246245830049992
-0.0394253377737332,-0.0396755833648702,-0.0398693891394527,-0.0804597307497807,-0.0474843532067421,-0.0520562013764618,-0.0243390463095414,-0.0244795871485358,-0.0246281775471018,-0.0543659246906659,-0.0286137713918504,-0.0323219899463831,-0.0189238187412593,-0.0189648484128842,-0.0190165367253949,-0.0425016539683704,-0.0222116187251971,-0.0246657222273745
-0.0395436607053389,-0.0396925682771044,-0.0398199380794518,-0.0804597307497807,-0.0475051527115132,-0.0518489722228641,-0.0243430515079046,-0.0245041208339377,-0.0246125640433757,-0.0543659246906659,-0.0285983625057248,-0.0321247869542702,-0.0189161460499626,-0.0189985237967254,-0.0190307150265798,-0.0425016539683704,-0.0222089790074184,-0.0245238017657772
-0.0395505384854924,-0.0396913111985803,-0.0397621085254598,-0.0804597307497807,-0.0475121451023281,-0.0519364903773432,-0.0243512305947306,-0.024505314816893,-0.0245815696026726,-0.0543659246906659,-0.0285965338875655,-0.0321283159233379,-0.0189183188945873,-0.0189950005782894,-0.0190011160219546,-0.0425016539683704,-0.022207043109934,-0.0245295005196974
-0.0395789154817031,-0.0397279168799963,-0.0397598580413648,-0.0804597307497807,-0.0475200802447885,-0.0517089837478989,-0.0244022444906051,-0.024460370576039,-0.0245972370591495,-0.0543659246906659,-0.0285950968728285,-0.031891792235035,-0.0189479722588341,-0.0189832151058734,-0.0190089289896243,-0.0425016539683704,-0.0222075037416674,-0.0243537084593995
-0.0397304651194342,-0.0397206086089922,-0.0398138704031125,-0.0804597307497807,-0.0475202182890213,-0.0518901949753099,-0.0244127973760607,-0.0244850434111175,-0.0245573101223969,-0.0543659246906659,-0.0285957156487927,-0.0320608269096821,-0.0189434443446805,-0.0189704254674447,-0.0189841764493327,-0.0425016539683704,-0.0222077074045021,-0.0244900530220538
-0.0395197182305154,-0.0396054291579642,-0.0397205879440254,-0.0804597307497807,-0.0475176635490959,-0.0520466204857626,-0.0243683510425712,-0.0243177383682174,-0.0245050012133873,-0.0543659246906659,-0.0285906784590549,-0.0321449787848786,-0.0189138814319746,-0.0188925449759628,-0.018969983189696,-0.0425016539683704,-0.0221974028666677,-0.0245439043040683
-0.0392383719846662,-0.0394436953759116,-0.0396775642859645,-0.0804597307497807,-0.0475034394551761,-0.0519296229163822,-0.0244976929693468,-0.024554523858883,-0.0245808223918724,-0.0543659246906659,-0.0286046670521631,-0.0319856566730971,-0.0189122028462543,-0.0189749813684797,-0.0189778698661396,-0.0425016539683704,-0.0222071009220136,-0.0244236426602373
-0.0391518087329108,-0.0391720464488514,-0.0391080032476883,-0.0804597307497807,-0.0475122903040621,-0.0518573771878362,-0.0242931507519956,-0.0242519107628129,-0.0242868540936713,-0.0543659246906659,-0.0285869008216764,-0.0318509477721746,-0.0188798205021692,-0.0188834423786147,-0.0189064758931537,-0.0425016539683704,-0.0222024179552037,-0.0243267370189245
-0.039011166414758,-0.0391492371881049,-0.039349049559814,-0.0804597307497807,-0.0475124191727133,-0.0519224412728736,-0.0243817214923839,-0.0244392604754396,-0.024391582024216,-0.0543659246906659,-0.0285901606343523,-0.031912309773351,-0.0189152588368798,-0.0189325209631644,-0.0189456674842798,-0.0425016539683704,-0.022207870806688,-0.0243620783101925
-0.039079383287734,-0.0391699647608353,-0.0392819957608328,-0.0804597307497807,-0.0475140750614479,-0.0520502913770297,-0.0244254669005991,-0.024394841767165,-0.0243513062975601,-0.0543659246906659,-0.0285879788630377,-0.0320366509752802,-0.0189409294606106,-0.0189369646654213,-0.01891601021742,-0.0425016539683704,-0.0222067533953781,-0.0244688648855398
-0.0391469088668812,-0.038969155209955,-0.0391768508216522,-0.0804597307497807,-0.0474819162194917,-0.0522443719030693,-0.0244307138308816,-0.0242694482352445,-0.0242878766648675,-0.0543659246906659,-0.0285716203584535,-0.032386420202054,-0.0189261174368917,-0.0188548193961909,-0.0189060916316043,-0.0425016539683704,-0.022197411293799,-0.0247475455339639
-0.0389641159141249,-0.038791159227985,-0.0392637727675199,-0.0804597307497807,-0.0474803159179145,-0.0524916429992492,-0.024313004842039,-0.024141646495463,-0.0242542148166774,-0.0543659246906659,-0.0285675489187323,-0.032579657571885,-0.0188510224487258,-0.0188142510852248,-0.0188939007179715,-0.0425016539683704,-0.022194065532047,-0.0248804715431328
-0.0389511997290838,-0.0388101025411911,-0.0392609963855601,-0.0804597307497807,-0.0474759006048379,-0.0525686051775971,-0.024308967419793,-0.0241471713904403,-0.0242297838272764,-0.0543659246906659,-0.0285779616086389,-0.0326598126106352,-0.0188480458999463,-0.0188183787734006,-0.0188822080806393,-0.0425016539683704,-0.0222089932378185,-0.0249508272902399
-0.0388290022465764,-0.0387242965519897,-0.0390995188129415,-0.0804597307497807,-0.0475199882419214,-0.0523457166195979,-0.0243898520051017,-0.0242372149776698,-0.0243208105013899,-0.0543659246906659,-0.0286277181266567,-0.0324917703402365,-0.018907862358605,-0.0188239758297411,-0.0189476220448588,-0.0425016539683704,-0.0222755050145613,-0.0248231072223746
-0.0388337096440644,-0.0388576330792929,-0.0391112068296851,-0.0804597307497807,-0.0475215699218712,-0.0522762702082581,-0.0244052673339212,-0.0242025289662783,-0.0243208369836348,-0.0543659246906659,-0.02863366640947,-0.0324212362422339,-0.0189093312454705,-0.0188163507433646,-0.0189292275262384,-0.0425016539683704,-0.0222778271944011,-0.0247792670149758
-0.039052720644147,-0.039217290299429,-0.0393045232557431,-0.0804597307497807,-0.0475446573470637,-0.0521170805774087,-0.0243966019039821,-0.0243778068767647,-0.0243535601698519,-0.0543659246906659,-0.0286459364554962,-0.0323121493994276,-0.0189361977083136,-0.0189459224265228,-0.0189595350289806,-0.0425016539683704,-0.0222873330192219,-0.0246976027530505
-0.0386577511348082,-0.0390298343104121,-0.0390867040424633,-0.0804597307497807,-0.0475742735494361,-0.0522889910989781,-0.024220504873279,-0.0242702518308132,-0.0242575241158816,-0.0543659246906659,-0.0286575225801691,-0.0324512021729453,-0.0188164361097449,-0.0189444732007191,-0.0189279986835231,-0.0425016539683704,-0.022293211423384,-0.0248515274825745
-0.0386261605770669,-0.0387746789580846,-0.0389468012093566,-0.0804597307497807,-0.0475943707651985,-0.0522089893485019,-0.0241921338722407,-0.0241663191502351,-0.0242122802326959,-0.0543659246906659,-0.0286508462940042,-0.0324931375088674,-0.0187993240222577,-0.0187965155880967,-0.0188428689032351,-0.0425016539683704,-0.0222884837045551,-0.0249223637297368
-0.0386261473557122,-0.0387804294024779,-0.0389580155369364,-0.0804597307497807,-0.0475889974327704,-0.0520723029106267,-0.024192127058948,-0.0241634396877328,-0.0242100505855626,-0.0543659246906659,-0.0286411469274918,-0.032405503826742,-0.0187993307352953,-0.0187943294528719,-0.0188311224611754,-0.0425016539683704,-0.0222864337905322,-0.0248758078381772
-0.0384950414022191,-0.0386951181945925,-0.0390183300716049,-0.0804597307497807,-0.0475723150557075,-0.0519593053650472,-0.0242172641913927,-0.024257096123753,-0.0242546469335002,-0.0543659246906659,-0.0287330409537837,-0.032469874552075,-0.0188181816387169,-0.0188391234159449,-0.0188584033533557,-0.0425016539683704,-0.0223862480897233,-0.0249495374346302
-0.0386466403114024,-0.0386501513526055,-0.0389733216788996,-0.0804597307497807,-0.0475698349982979,-0.052034381682479,-0.0243440595612922,-0.0243403474959032,-0.0242718527003271,-0.0543659246906659,-0.0287310071695039,-0.0324852589568365,-0.0188948763439018,-0.0188827719852678,-0.0188905826147021,-0.0425016539683704,-0.0223856835024832,-0.0249610488680709
-0.0387794674943974,-0.0388154416908577,-0.0389856601632341,-0.0804597307497807,-0.0475793229511668,-0.0521659572305147,-0.0244659108007527,-0.0244137217693584,-0.0243230356302636,-0.0543659246906659,-0.0287365989395913,-0.0326383208190859,-0.0189519840230486,-0.0189424133151702,-0.0189092586739127,-0.0425016539683704,-0.0223887949133596,-0.0250676289247877
-0.0387386462666029,-0.0388520115108656,-0.0392444952871292,-0.0804597307497807,-0.0475795195457434,-0.052208123161937,-0.024359554816198,-0.0243008565660572,-0.0242657585302648,-0.0543659246906659,-0.0287359163321795,-0.0327329158948685,-0.0187854969038656,-0.0187577368072586,-0.0188136750876587,-0.0425016539683704,-0.0223884440380608,-0.0251510491651597
-0.0387386537210819,-0.0388384473876391,-0.0392600403217178,-0.0804597307497807,-0.0475837747723553,-0.052098184204568,-0.0243595582409968,-0.0243069373435835,-0.0242790614711379,-0.0543659246906659,-0.0287352966895289,-0.0327215504266785,-0.0187854984476757,-0.0187647750599384,-0.0188184340688055,-0.0425016539683704,-0.0223878436808149,-0.0251418137698093
-0.0388222893114733,-0.0388888687552454,-0.039378169146461,-0.0804597307497807,-0.0475592344261001,-0.0518456842666894,-0.0243894681037651,-0.0243241081129509,-0.0242738044573835,-0.0543659246906659,-0.0287053612432766,-0.0325498017137328,-0.0188092060726689,-0.01878719177432,-0.0188314867313231,-0.0425016539683704,-0.022379759158289,-0.0250159543770352
-0.0388229662264021,-0.0388907683809224,-0.0394119431372352,-0.0804597307497807,-0.0475494835990805,-0.0517793094459705,-0.0243891818522744,-0.0243228236183536,-0.0242859333608897,-0.0543659246906659,-0.0287123487952575,-0.0326659666606993,-0.018809136538028,-0.0187852205980581,-0.0188431716216986,-0.0425016539683704,-0.0223909146607613,-0.0251041926882932
-0.0385579856766884,-0.038629036150635,-0.0393543212126118,-0.0804597307497807,-0.0475412049340598,-0.0518641349763344,-0.0243342338172778,-0.024353047843267,-0.0243943359261493,-0.0543659246906659,-0.0287162691330665,-0.0327339313821676,-0.0187890886042098,-0.0187910047048568,-0.0188730189684658,-0.0425016539683704,-0.0223928810279639,-0.0251268661339231
-0.0385580021408517,-0.0386659485075962,-0.0393139601024418,-0.0804597307497807,-0.0475130938767252,-0.0516438679549468,-0.0243342358239015,-0.0243583971596296,-0.0244078818387039,-0.0543659246906659,-0.0287278196118909,-0.0326683175369231,-0.018789091620649,-0.0187952010456973,-0.0188653283969936,-0.0425016539683704,-0.0223967217996944,-0.0250419335532358
-0.0385489909651449,-0.0386067189599967,-0.038935756110659,-0.0804597307497807,-0.0474832598276193,-0.0514761530751172,-0.0243684325147714,-0.0243027137921886,-0.0242381523466422,-0.0543659246906659,-0.0287352636963909,-0.0324916314789418,-0.0187830018518887,-0.0187842387977843,-0.0187614504971215,-0.0425016539683704,-0.0224004308146946,-0.0249053703095763
-0.0383795662846353,-0.0385482886351557,-0.038836472577529,-0.0804597307497807,-0.0474723400878043,-0.0513978303847322,-0.0242466380187629,-0.02422899815902,-0.0242368297362622,-0.0543659246906659,-0.0287313702007873,-0.0323615967160019,-0.0187155683446236,-0.0187497822757774,-0.0187910671564665,-0.0425016539683704,-0.0224000327245952,-0.0247931178386844
-0.0385421104079229,-0.0384868743615117,-0.0388231942785522,-0.0804597307497807,-0.0474688147624649,-0.0513793317786489,-0.0242570143954502,-0.0241930417074378,-0.0242308735816975,-0.0543659246906659,-0.0287285173964964,-0.0323303100113887,-0.0187197487593358,-0.0187492694436869,-0.0188038537816737,-0.0425016539683704,-0.0223986945705355,-0.0247611321350104
-0.0385253564066806,-0.0384912250789917,-0.038818973618091,-0.0804597307497807,-0.0474705052193349,-0.0513968012158442,-0.0242471792674915,-0.0242022351303903,-0.0242303037637545,-0.0543659246906659,-0.0287337380258565,-0.032351832793009,-0.0187156265635526,-0.0187550371207638,-0.0187998685325822,-0.0425016539683704,-0.0224018547947107,-0.0247758707005419
-0.0386384669893287,-0.0386645111517823,-0.0388690589369502,-0.0804597307497807,-0.0474735617926129,-0.0514888572035894,-0.0243490701602806,-0.0243086923841978,-0.0242897758105383,-0.0543659246906659,-0.0287370382730454,-0.0324563920587133,-0.018747327642334,-0.0187827519488196,-0.018846190451517,-0.0425016539683704,-0.0224038635880903,-0.0248510238099012
-0.0383869360042968,-0.0385509721737724,-0.0389579197525626,-0.0804597307497807,-0.0473511555955047,-0.0513779358309781,-0.023924495884425,-0.0239409016655802,-0.0239873463467909,-0.0543659246906659,-0.0284724871728509,-0.0322521946071913,-0.0185259191227581,-0.0185558389807264,-0.0186519732034253,-0.0425016539683704,-0.0222255231701609,-0.0246887137965098
-0.0386856612382028,-0.0387620365202815,-0.0389556196676213,-0.0804597307497807,-0.0473543433743356,-0.0512895145877878,-0.0238948340071298,-0.0239834440361973,-0.0239504720613029,-0.0543659246906659,-0.0284709817061926,-0.0322449131446278,-0.0185611548835532,-0.0186575377557668,-0.0186658438082244,-0.0425016539683704,-0.0222250465570514,-0.0246725455142791
-0.0386463289483004,-0.0386903504070181,-0.0389270880061281,-0.0804597307497807,-0.0473607341340421,-0.0512689790093672,-0.0239854292191383,-0.0238709733753398,-0.0238759229560762,-0.0543659246906659,-0.0284723748849455,-0.032154572714274,-0.0186496420560377,-0.0186385697193651,-0.0186389306277641,-0.0425016539683704,-0.0222269106190819,-0.0245787512927022
-0.0385312576733345,-0.0384720250998888,-0.0387976791131927,-0.0804597307497807,-0.0473593870725789,-0.0512728081643846,-0.0239715870996233,-0.0239546156771972,-0.0238833601243455,-0.0543659246906659,-0.028477252348457,-0.0321380752096628,-0.0186536668465312,-0.0186573308591429,-0.0186435706143566,-0.0425016539683704,-0.022227853536031,-0.024543058598013
-0.0385758540221968,-0.0386603140455264,-0.0388050011214922,-0.0804597307497807,-0.0473583244290435,-0.0512962231338115,-0.0239896819190303,-0.0239090737003771,-0.0238719565342511,-0.0543659246906659,-0.0284771704992218,-0.0321777680389117,-0.0186653590612067,-0.0186458564452493,-0.018642632915324,-0.0425016539683704,-0.0222266938942811,-0.0245785351984801
-0.0384988956939602,-0.0382794753715701,-0.0389140586180024,-0.0804597307497807,-0.0473578236895429,-0.0513620189187699,-0.0239261935523729,-0.0239902731139915,-0.0238805117471789,-0.0543659246906659,-0.0284788570281308,-0.0322005732322451,-0.0186124390796255,-0.0186675739760893,-0.0186584055894324,-0.0425016539683704,-0.0222286581980004,-0.0246040250665994
-0.0381503429977033,-0.0384071587536879,-0.0387061559548972,-0.0804597307497807,-0.0473616902389917,-0.0514146896755413,-0.0238259072909658,-0.0238712912577281,-0.0237306523219729,-0.0543659246906659,-0.0284817794476631,-0.0323365924872748,-0.0185480857881496,-0.0185863492529492,-0.0186025066363427,-0.0425016539683704,-0.0222295021951316,-0.0247215584131604
-0.0381503429701615,-0.0382804338268064,-0.0386955594773118,-0.0804597307497807,-0.0473623501547359,-0.0514820037274181,-0.023825905971977,-0.0238638715147138,-0.0237307123755418,-0.0543659246906659,-0.028479082772613,-0.0323931816098476,-0.018548083052683,-0.0185768361436205,-0.0185992955618808,-0.0425016539683704,-0.0222303269144993,-0.0247971904061531
-0.0381822193156019,-0.0384001518999785,-0.0387407358219609,-0.0804597307497807,-0.0473515871159337,-0.0515920170053331,-0.0238645183341048,-0.0238674626455566,-0.0238580028372239,-0.0543659246906659,-0.0284733787298555,-0.0324873886752943,-0.0185884890291831,-0.0186566420608366,-0.0186734927230065,-0.0425016539683704,-0.022230515052644,-0.0248515614869201
-0.0385739832684995,-0.0385760543996569,-0.0386967636502573,-0.0804597307497807,-0.0473620531246752,-0.0515890405898864,-0.0238456360516317,-0.0238817145989726,-0.0239119337058209,-0.0543659246906659,-0.028480038669629,-0.0324467167050709,-0.018617370468742,-0.0186593073471366,-0.0186628079286834,-0.0425016539683704,-0.0222373961538107,-0.0248288653748132
-0.0384975937944361,-0.0386609052191709,-0.0389404639394551,-0.0804597307497807,-0.0473809512782983,-0.0514290039026404,-0.0238266860328237,-0.0237835492710891,-0.0237116510650035,-0.0543659246906659,-0.0284794821664994,-0.0323291144996473,-0.0185637689240461,-0.0185677129199815,-0.0185355528800467,-0.0425016539683704,-0.0221858500389728,-0.0247017433566505
-0.038805131809038,-0.0388398332624389,-0.0389121106346031,-0.0804597307497807,-0.0474573395356963,-0.0514330375667444,-0.0240554542980721,-0.0240373326731438,-0.0240073416367957,-0.0543659246906659,-0.0285002396823129,-0.0323341369628693,-0.0187384322037104,-0.0187668280742622,-0.0187644941328197,-0.0425016539683704,-0.0222536807659256,-0.0247512317320387
-0.0388050757875886,-0.0388722536112434,-0.0389457270123344,-0.0804597307497807,-0.0474421034271008,-0.0513011247713354,-0.024055386402175,-0.0240407405719412,-0.024022880777358,-0.0543659246906659,-0.0284909984027594,-0.0322388821542728,-0.0187384081410154,-0.0187722657310078,-0.0187760420631153,-0.0425016539683704,-0.022246401037846,-0.0246643978382414
-0.0385568459232089,-0.0387663091356059,-0.0388506970637916,-0.0804597307497807,-0.0474240588111593,-0.0513424676336157,-0.0240311615778386,-0.0239780634398347,-0.0239746305768034,-0.0543659246906659,-0.0285216903919492,-0.0323893982386714,-0.0187058699029724,-0.0187086823904608,-0.0187324931432751,-0.0425016539683704,-0.0222608110863079,-0.024777985687519
-0.0385643323946114,-0.0385766365361565,-0.038805197419022,-0.0804597307497807,-0.0474377802534016,-0.0512451650447348,-0.0240318630056998,-0.0239807738853848,-0.0240130424761117,-0.0543659246906659,-0.0285329155747408,-0.0323181749364332,-0.0187071265229184,-0.018718458926959,-0.0187524026357922,-0.0425016539683704,-0.0222577716620174,-0.0246933600626095
-0.0385973185219414,-0.0386105845363274,-0.0389941138165984,-0.0804597307497807,-0.0474418005279919,-0.0512431471635981,-0.0239969808207631,-0.0239687741522601,-0.0240254490036608,-0.0543659246906659,-0.0285341621501792,-0.0323378217773587,-0.0187120244927072,-0.0187091721727259,-0.0187255657421332,-0.0425016539683704,-0.022259607773638,-0.0247149048825421
-0.0386476858697437,-0.0385555633865184,-0.0390758380337957,-0.0804597307497807,-0.0474425736497833,-0.0511789936511842,-0.0240072408305644,-0.0239478831368809,-0.0240339289777452,-0.0543659246906659,-0.0285351902169766,-0.0322714397701624,-0.018695751111804,-0.0187122277694385,-0.0187416561444072,-0.0425016539683704,-0.0222620535040432,-0.0246713066697602
-0.0386530173060242,-0.0387209438361258,-0.0389213510932966,-0.0804597307497807,-0.0474434129958049,-0.051096177107498,-0.0240037561862219,-0.0240115445711728,-0.0239630415992786,-0.0543659246906659,-0.0285372545237689,-0.0322282975600685,-0.0187007800702812,-0.018735837753265,-0.0187283437279903,-0.0425016539683704,-0.0222631477943916,-0.0246584800739732
-0.0384647625207525,-0.0387427234377184,-0.0386966730814035,-0.0804597307497807,-0.0474494413161318,-0.0511869983345749,-0.024000026286278,-0.0240440900716635,-0.0239466600816825,-0.0543659246906659,-0.0285558592701289,-0.0322048534832662,-0.0187109012180296,-0.0187793694415417,-0.0187307706151261,-0.0425016539683704,-0.0222864870482048,-0.0246584532898155
-0.0386003389525002,-0.0385261038116359,-0.0386477186702225,-0.0804597307497807,-0.0474568246774672,-0.0512042234646117,-0.0239949443670158,-0.0240240623881715,-0.0239303129243236,-0.0543659246906659,-0.0285405591910911,-0.0322670107816035,-0.0187150616296498,-0.0187476810590163,-0.018752724250044,-0.0425016539683704,-0.0222826118259965,-0.024692176399124
-0.0386700045739302,-0.039062226068012,-0.0391867422724265,-0.0804597307497807,-0.0474719341090305,-0.0512779248121052,-0.0240405323254228,-0.0240274157999069,-0.0239838452658772,-0.0543659246906659,-0.0285334985067217,-0.0324139135351416,-0.0188487923863956,-0.0188158345536968,-0.0187968782590216,-0.0425016539683704,-0.0222762148515604,-0.0248069586807986
-0.0386638075107983,-0.0390480105410426,-0.0391510197574759,-0.0804597307497807,-0.0474653065929473,-0.0514965739652325,-0.0240390446235345,-0.0240301404846508,-0.0239661787736722,-0.0543659246906659,-0.0285430084552876,-0.0325902569547184,-0.0188505559473183,-0.0188182830552589,-0.0187986477451972,-0.0425016539683704,-0.022285324568074,-0.0249022179901915
-0.0388021367192444,-0.0387611383044385,-0.0391255977413306,-0.0804597307497807,-0.0474925226695721,-0.0514217888132815,-0.0240220555675003,-0.0239580427923314,-0.0239847421447658,-0.0543659246906659,-0.0285431949947766,-0.0324758868898277,-0.0187815441076414,-0.0187529020220441,-0.0187897567466108,-0.0425016539683704,-0.0222819355932283,-0.0248035529524635
-0.0384562905931732,-0.038838859703145,-0.0390461489704283,-0.0804597307497807,-0.047499951090918,-0.0515898392864891,-0.024042408576624,-0.0239947778253595,-0.0240421249450394,-0.0543659246906659,-0.0285373784513497,-0.0325783102435511,-0.0187826889425569,-0.0187627454905854,-0.0187981202137381,-0.0425016539683704,-0.0222836897954074,-0.0248439043333127
-0.038926640878484,-0.0389084910199124,-0.0391839043167826,-0.0804597307497807,-0.047507706138877,-0.0514872491226887,-0.0240895856510521,-0.0240283072526671,-0.0240836978400126,-0.0543659246906659,-0.0285377855898144,-0.0326008879452313,-0.0187986189309508,-0.0187635142011662,-0.0188149239231634,-0.0425016539683704,-0.0222847799627827,-0.0248552476754915
-0.0388559461362791,-0.0389414950851305,-0.0392931493621174,-0.0804597307497807,-0.047508963763764,-0.0514147312478677,-0.0240506042254681,-0.024027858560933,-0.0240459213649518,-0.0543659246906659,-0.0285287550299324,-0.0326242261139408,-0.0187442985319464,-0.0187452455289345,-0.0187725735188359,-0.0425016539683704,-0.0222809240221364,-0.0248708223167258
-0.0388133293886258,-0.0389353458105147,-0.0393725081280212,-0.0804597307497807,-0.0475054201592384,-0.0511515697937909,-0.0240653176215852,-0.0240279215827179,-0.0240539348146374,-0.0543659246906659,-0.028527412920668,-0.0324506606776259,-0.0187430567700896,-0.0187470426644367,-0.0187865061485301,-0.0425016539683704,-0.022280744342254,-0.0247254504963442
-0.03898747363349,-0.0390761720623288,-0.0391049460981948,-0.0804597307497807,-0.0475045521345902,-0.0511677114144484,-0.0241125139538595,-0.0240634832867265,-0.0240557874201006,-0.0543659246906659,-0.0285284388440092,-0.0324326392797245,-0.0187702797676627,-0.0187481891724342,-0.0187873184086038,-0.0425016539683704,-0.0222814208744466,-0.0246840699786114
-0.0390048700555596,-0.0390273135757108,-0.0393429229615211,-0.0804597307497807,-0.0475087340813608,-0.0510803917227706,-0.0241593476262168,-0.0240476404363033,-0.024123137084563,-0.0543659246906659,-0.0285357567508326,-0.0323584454946587,-0.018779944654207,-0.018740838590827,-0.0188156636181247,-0.0425016539683704,-0.0222839906424671,-0.0246442149769668
-0.0386997194443909,-0.0389395404352774,-0.039454236493281,-0.0804597307497807,-0.0474958009860787,-0.0512002083894811,-0.0241642913641596,-0.0241110711309077,-0.0241356213146317,-0.0543659246906659,-0.0285425431759217,-0.032421309534953,-0.0187724159080854,-0.0187452171996598,-0.0187877976590406,-0.0425016539683704,-0.0222841703030545,-0.0246949165306192
-0.0386474718739571,-0.0392739393089136,-0.0398123319154035,-0.0804597307497807,-0.0475053671748802,-0.0510971763800845,-0.0241811606324173,-0.0241992721259262,-0.0242823748612461,-0.0543659246906659,-0.0285367928331405,-0.0322984510011456,-0.0187911603667889,-0.018830118870754,-0.0188826040484335,-0.0425016539683704,-0.0222751254413162,-0.024607225855998
-0.0384830489824788,-0.0391929362832359,-0.0397744393396323,-0.0804597307497807,-0.047498402341192,-0.0510891617646991,-0.0241400943763742,-0.0241499669643406,-0.0242663175519258,-0.0543659246906659,-0.0285395179634554,-0.03224562650451,-0.0187677012622381,-0.0187958401945204,-0.0188632635206557,-0.0425016539683704,-0.0222756541347048,-0.0245580641683539
-0.0384861813564266,-0.0391452133249007,-0.0397865706180797,-0.0804597307497807,-0.0474779243241276,-0.0510208700828255,-0.024141208675836,-0.0241321963674438,-0.0242747408836175,-0.0543659246906659,-0.0285456352476122,-0.0323661718878359,-0.0187682284422283,-0.0187860530049027,-0.0188748095469166,-0.0425016539683704,-0.0222827607054464,-0.0246376780360017
-0.0387509560547787,-0.0387929416610068,-0.0395742439071789,-0.0804597307497807,-0.0474852454360712,-0.0508231876204154,-0.0242653158074548,-0.0242437584229034,-0.0243025281844264,-0.0543659246906659,-0.0285500599082497,-0.0322390682207034,-0.018849397530382,-0.0188706525813231,-0.0188963534535001,-0.0425016539683704,-0.0222873197575234,-0.0245460065645358
-0.03848039879428,-0.038577785682736,-0.0390893205453751,-0.0804597307497807,-0.0474923002035318,-0.050807053631162,-0.0242139398371959,-0.0241735519142996,-0.0241800296641643,-0.0543659246906659,-0.028553001332461,-0.0322228982383599,-0.0188046780082819,-0.018851192269614,-0.0188557706429917,-0.0425016539683704,-0.022288764923335,-0.0245346697094397
-0.0383554294317671,-0.0387994369753852,-0.0393744655735929,-0.0804597307497807,-0.0474929932327804,-0.0506492179119335,-0.0243313788401772,-0.0242554755071578,-0.0243655027690741,-0.0543659246906659,-0.0285543519758797,-0.0320682990164092,-0.0188948246584897,-0.0188763286420519,-0.0189544579230885,-0.0425016539683704,-0.0222899670214644,-0.0244335267535617
-0.0385059783750891,-0.0390291856477999,-0.039656363059502,-0.0804597307497807,-0.0475023454353273,-0.0509209110944294,-0.0242756781740604,-0.0244451489059634,-0.0244141528671186,-0.0543659246906659,-0.0285569474727266,-0.0322664601104133,-0.0188689808520491,-0.0189958986419979,-0.0189963388753181,-0.0425016539683704,-0.0222911347567032,-0.0245943595319314
-0.0392950394849761,-0.0395733776022304,-0.0393509999526505,-0.0804597307497807,-0.0475035606755654,-0.0507392762199053,-0.024430099818807,-0.0245105085823815,-0.0243971926895728,-0.0543659246906659,-0.0285575257025297,-0.0322260672763931,-0.0189897589817638,-0.0190246315211249,-0.0189698513609094,-0.0425016539683704,-0.0222916403573817,-0.024579931589457
-0.0386102521986187,-0.0387122761356224,-0.0393605450841329,-0.0804597307497807,-0.0475012512828036,-0.0508794230348251,-0.0242672706751146,-0.0243069454583731,-0.0243154560067665,-0.0543659246906659,-0.0285579979259278,-0.0322874506412508,-0.0189086097137753,-0.0189342233694929,-0.0189632888944379,-0.0425016539683704,-0.0222909630812368,-0.0246275468240887
-0.0385852702838746,-0.038554959673256,-0.0386886994407451,-0.0804597307497807,-0.0474915475358638,-0.0507351034073959,-0.0242347394253153,-0.0242767086492601,-0.0243525340275207,-0.0543659246906659,-0.0285593061242631,-0.0322071434162792,-0.0188900292092593,-0.0189169290358852,-0.0189451374657275,-0.0425016539683704,-0.0222960344172285,-0.0245993771640292
-0.038585270316805,-0.0385448367611277,-0.0387017882483756,-0.0804597307497807,-0.0474832514142194,-0.0506201601734255,-0.0242347394512233,-0.0242969105726069,-0.0243575593140229,-0.0543659246906659,-0.028562362630755,-0.0322150383455395,-0.0188900292243659,-0.0189296931405191,-0.0189503247764644,-0.0425016539683704,-0.0222942811703784,-0.0245938204111917
-0.0385974464161523,-0.0386673915176998,-0.0389966759239652,-0.0804597307497807,-0.0474853012182966,-0.0507151964573787,-0.0243006720440323,-0.0243550526368096,-0.0245548659663301,-0.0543659246906659,-0.0285650163900268,-0.0323516492631355,-0.0189216131813648,-0.0189571793280623,-0.0190588803176681,-0.0425016539683704,-0.0222950422444016,-0.0247119798387272
-0.0383088897170089,-0.0384160274034084,-0.0385631579958029,-0.0804597307497807,-0.047504611471625,-0.05054710580513,-0.0241865479074614,-0.0241181472064248,-0.0243383709456778,-0.0543659246906659,-0.0284968202421708,-0.0320516779649384,-0.0188052528746528,-0.0187976643758814,-0.0188833628481989,-0.0425016539683704,-0.0221965599997833,-0.0244540146452641
-0.0393599942087794,-0.0391092349814732,-0.0389949180884877,-0.0804597307497807,-0.0474955839104233,-0.0503971081133843,-0.0242510308216134,-0.0243159340007664,-0.0244745318340732,-0.0543659246906659,-0.0284934099468857,-0.0320226588800094,-0.01890786648981,-0.0189447434371253,-0.0189828849811322,-0.0425016539683704,-0.0221919857447008,-0.0244501070374916
-0.0392893742648056,-0.0389877554337002,-0.0394150524517157,-0.0804597307497807,-0.0474781215172173,-0.0504771388676463,-0.0243273494817316,-0.0244676561829755,-0.0244527429821754,-0.0543659246906659,-0.0284882377355405,-0.0320392157587785,-0.0189475740875894,-0.0189919297649791,-0.0189667759118973,-0.0425016539683704,-0.0221909237731257,-0.0244553222333992
-0.0392893749113904,-0.0389877555170365,-0.0393758068621636,-0.0804597307497807,-0.0474892473735613,-0.0505962085245111,-0.0243273496133665,-0.0244676567518828,-0.0244824817252233,-0.0543659246906659,-0.0285002279071421,-0.0321166688682434,-0.0189475741541004,-0.0189919298269082,-0.0189908452475631,-0.0425016539683704,-0.0222037783184213,-0.0244150796256675
-0.038791028696923,-0.0389023707530088,-0.0390489796033908,-0.0804597307497807,-0.0474774325463898,-0.0506215527924927,-0.0242894692142007,-0.0243682525608986,-0.0244303139868655,-0.0543659246906659,-0.0284976828522654,-0.0321051742778254,-0.0189106744439635,-0.0189508528712153,-0.0189894219892187,-0.0425016539683704,-0.02220278414092,-0.0243913844446092
-0.0386236622702833,-0.0386093074767858,-0.0388576533728908,-0.0804597307497807,-0.0474673641162505,-0.0504629408855936,-0.0242982175003051,-0.0244713823751238,-0.0245327793048993,-0.0543659246906659,-0.028508013972027,-0.0319656026954299,-0.0188692866597147,-0.0189703318538319,-0.0189981038478844,-0.0425016539683704,-0.0222053376501074,-0.0242882034388111
-0.0386235527743337,-0.0385677182070699,-0.0388651793374435,-0.0804597307497807,-0.0474677378137467,-0.0505546787715678,-0.0242982419628138,-0.0244733807363547,-0.0245391668386333,-0.0543659246906659,-0.0285077553842343,-0.0319885171308048,-0.0188692872445201,-0.0189668873718546,-0.0190003961399333,-0.0425016539683704,-0.0222050807239375,-0.0243336941493056
-0.0386235349535949,-0.0385089085436601,-0.0387945334436812,-0.0804597307497807,-0.047467472966426,-0.0504077478213146,-0.0242982477019283,-0.0244711209876416,-0.0245350604043956,-0.0543659246906659,-0.0285075944488595,-0.0318740365167709,-0.0188692878639882,-0.0189564047672061,-0.0189978494757501,-0.0425016539683704,-0.0222052712035102,-0.0242537628344283
-0.038204366205551,-0.0381964456571405,-0.0384833850887587,-0.0804597307497807,-0.0474443950430596,-0.0506113982258217,-0.0245543560521346,-0.0246822587019878,-0.024627160947088,-0.0543659246906659,-0.0287553851259476,-0.0321559537471514,-0.0190176125165715,-0.019058119110718,-0.0190635504149854,-0.0425016539683704,-0.0223582541750326,-0.0244947737219571
-0.0382607463328889,-0.0381149179345301,-0.0386134624403142,-0.0804597307497807,-0.0474535247403042,-0.0507379050497602,-0.0246853568009387,-0.0247375440538142,-0.024717572798297,-0.0543659246906659,-0.0287643446515781,-0.0323230883507336,-0.01904502618357,-0.0190646057840517,-0.0191008977747808,-0.0425016539683704,-0.0223589649963905,-0.0246644335742795
-0.0382607557179556,-0.0381052979786745,-0.0386141031986137,-0.0804597307497807,-0.047453892665737,-0.0507692388958915,-0.024685347595668,-0.0247374918566619,-0.0247198962242972,-0.0543659246906659,-0.0287671719581874,-0.03236969391253,-0.0190450243057199,-0.0190636627769043,-0.0191018683794806,-0.0425016539683704,-0.0223589422882295,-0.0247292584312026
-0.0382451304379587,-0.0380998962858674,-0.0387894131736519,-0.0804597307497807,-0.0473616892864036,-0.050993137762462,-0.0248192118868735,-0.0249180319657499,-0.0249196754467577,-0.0543659246906659,-0.0289987669812563,-0.0328823346468511,-0.0191699448511063,-0.0192485626198199,-0.0193002054668389,-0.0425016539683704,-0.0225113358428515,-0.0250831934717904
-0.0382467136343112,-0.038133301480539,-0.0387919638776395,-0.0804597307497807,-0.0473718056716683,-0.0512496931045505,-0.0248216710188357,-0.0249159587740166,-0.0249288752045826,-0.0543659246906659,-0.0290002808244103,-0.0329903373985011,-0.0191720935848587,-0.0192594618748286,-0.0193057698735682,-0.0425016539683704,-0.0225070298397328,-0.0251229038811417
-0.0380663785037004,-0.0382127352954209,-0.0386350495053189,-0.0804597307497807,-0.0473502456376704,-0.0512931788834044,-0.0248003280567163,-0.0248666638411252,-0.0247877538451395,-0.0543659246906659,-0.029003308048082,-0.0329691500562251,-0.0191453766591251,-0.0192144711267928,-0.0192175727432872,-0.0425016539683704,-0.0224910586189844,-0.0250845023466201
-0.0382558323611284,-0.0385200586390551,-0.0388213155815476,-0.0804597307497807,-0.0473432155060864,-0.051363106115036,-0.0247696804992578,-0.0248687969304928,-0.024806855559113,-0.0543659246906659,-0.0290028019872577,-0.0331404888218972,-0.0191454617662957,-0.0192168005623084,-0.019220174552237,-0.0425016539683704,-0.0224915541557081,-0.0251866124689503
-0.0383495909683679,-0.0382746929596994,-0.0387149311211488,-0.0804597307497807,-0.0472972664515144,-0.0512265442273904,-0.0247608869252016,-0.0248753176766164,-0.0249369047291448,-0.0543659246906659,-0.0289901757269929,-0.0330762917065739,-0.0190862303051806,-0.0191651837322725,-0.0192457967802174,-0.0425016539683704,-0.0224374540421093,-0.0250886172985518
-0.0378275190430585,-0.0380552089032113,-0.0382584743581009,-0.0804597307497807,-0.0472494202993662,-0.0512837641126717,-0.0250650564233673,-0.0252102444393195,-0.0251552646775218,-0.0543659246906659,-0.0290490848139805,-0.0332540663316401,-0.0192713472579113,-0.0193682659848659,-0.0193737790370051,-0.0425016539683704,-0.0225218215440547,-0.025220489178529
-0.0378274766236391,-0.0380278534100978,-0.0384070187813078,-0.0804597307497807,-0.0472325957339742,-0.0512865896664998,-0.0250650471283838,-0.0252151705412361,-0.0251906527277906,-0.0543659246906659,-0.0290536093067974,-0.0332883714143737,-0.0192713445685164,-0.0193731008859721,-0.0194028533590828,-0.0425016539683704,-0.0225276434516034,-0.0252503870490704
-0.0378274923102946,-0.0380431818185258,-0.0383739051115767,-0.0804597307497807,-0.0472579490492709,-0.0512048914479534,-0.0250650492074616,-0.0252157148448014,-0.0251863575256136,-0.0543659246906659,-0.0290515080493999,-0.0330799977913318,-0.019271344561524,-0.0193716164942685,-0.0193958776987496,-0.0425016539683704,-0.02250605317523,-0.0250871633634133
-0.0378274977311388,-0.0381235786317803,-0.0386546285707108,-0.0804597307497807,-0.0472322123140443,-0.0512455594524989,-0.0251242614282616,-0.0252121447916035,-0.0252218974264529,-0.0543659246906659,-0.0290736502038779,-0.0331098004489722,-0.0193447695871094,-0.0194114728939336,-0.0194258786559025,-0.0425016539683704,-0.022564879119569,-0.0251833630671961
-0.0382096041000662,-0.0382917258704801,-0.0386130483535574,-0.0804597307497807,-0.0472361106694748,-0.0512725387295582,-0.0251856847103678,-0.0252127531009949,-0.0252366749598357,-0.0543659246906659,-0.0290740239464553,-0.0331409451796593,-0.019412221846911,-0.0194317294373644,-0.0194243112631729,-0.0425016539683704,-0.0225666134331463,-0.0252041306432525
-0.0380746743163121,-0.0382881227032148,-0.0382457661096259,-0.0804597307497807,-0.0472287898790176,-0.0513961245469787,-0.0251156810792557,-0.0252070146081346,-0.0251675746625192,-0.0543659246906659,-0.0290805217437246,-0.0333283384668505,-0.0193736664736484,-0.0194410458866321,-0.0193688004406661,-0.0425016539683704,-0.02256855611608,-0.0253318058229117
-0.0380810733436873,-0.0382713148413222,-0.0384394915283752,-0.0804597307497807,-0.0472250654556736,-0.0514050965017399,-0.025123085290916,-0.0251999131025789,-0.025194494499469,-0.0543659246906659,-0.0290793663739331,-0.0333542801980328,-0.0193801883705805,-0.0194391637395795,-0.0193832117565201,-0.0425016539683704,-0.0225682056789658,-0.0253592194935514
-0.0379372665111246,-0.0383644216506111,-0.038583585036234,-0.0804597307497807,-0.0472658449156234,-0.0514863891823756,-0.0251622240457733,-0.0251949071199515,-0.0252112188450505,-0.0543659246906659,-0.0291706647194666,-0.0334998550953969,-0.0194375015215624,-0.0194484011839379,-0.0194320787779368,-0.0425016539683704,-0.0226573106166389,-0.0255132613392738
-0.0379371878076199,-0.0383694982169428,-0.0385715123934394,-0.0804597307497807,-0.0472486041193077,-0.0513852552116848,-0.0251622377307551,-0.0252020183365868,-0.0252143060013275,-0.0543659246906659,-0.0291661002840838,-0.0334651259774401,-0.0194375074429181,-0.0194486019933758,-0.0194271175692916,-0.0425016539683704,-0.0226536212437962,-0.025509239948718
-0.0379085526885575,-0.0383468264576829,-0.0385283084379514,-0.0804597307497807,-0.0472519715942673,-0.0512787790197239,-0.0251543697792091,-0.0252097491164237,-0.0252089420551294,-0.0543659246906659,-0.0291701747858396,-0.0333565866407854,-0.0194322162283497,-0.0194493583521831,-0.0194219084371433,-0.0425016539683704,-0.0226511354863073,-0.0254411146505931
-0.0381221537117189,-0.0384117280768343,-0.0384926780847058,-0.0804597307497807,-0.0472533076380357,-0.051165866336275,-0.025148561884154,-0.0252188298850272,-0.0252116934667069,-0.0543659246906659,-0.029170511971128,-0.0331456953527213,-0.0194188780554731,-0.0194450039681364,-0.0194455711563226,-0.0425016539683704,-0.0226505497295418,-0.0252755856356803
-0.0378768859153809,-0.0381463029147925,-0.0384287184753798,-0.0804597307497807,-0.0472700938127628,-0.05098577869056,-0.025037064240354,-0.0251426591281088,-0.0251678716646531,-0.0543659246906659,-0.0291873663459812,-0.0329185786375283,-0.0193479528046072,-0.0193819248802727,-0.0194337093043292,-0.0425016539683704,-0.0226413752147281,-0.0250847101345452
-0.0380182012389958,-0.0381236234205201,-0.0386827296904667,-0.0804597307497807,-0.0473042881857915,-0.0508641062647204,-0.0251031432914749,-0.0251051402229319,-0.0252555745447054,-0.0543659246906659,-0.0291970960497643,-0.0327972549509697,-0.0193824090533958,-0.0193561880717778,-0.0194669761363651,-0.0425016539683704,-0.0226427590820277,-0.0250072593715493
-0.0382178583013969,-0.0383118721191536,-0.038830316070396,-0.0804597307497807,-0.0473118317068978,-0.0508795546432369,-0.0251144909488044,-0.0250943459085478,-0.0253048648375716,-0.0543659246906659,-0.0292061801015086,-0.0327855998292756,-0.0194063928173733,-0.0194065270451657,-0.019519074793313,-0.0425016539683704,-0.0226459175983769,-0.0250046602921162
-0.0385138580274497,-0.0386892934370306,-0.0388837014339013,-0.0804597307497807,-0.0473441259087652,-0.0508735443966667,-0.0250574864435173,-0.0251907098917544,-0.0252272895290482,-0.0543659246906659,-0.0292026430436509,-0.0328491234833635,-0.0193070125896195,-0.0193884040222826,-0.0194163115233321,-0.0425016539683704,-0.0226375715643863,-0.0250277235007051
-0.0385138850770355,-0.0386867704118204,-0.0388625815886207,-0.0804597307497807,-0.0473448410334273,-0.0509890368250314,-0.0250574758160296,-0.0251897724855624,-0.0252172211853927,-0.0543659246906659,-0.0292025289805544,-0.0328488880653939,-0.0193070058590926,-0.0193877381775178,-0.0194133897458511,-0.0425016539683704,-0.0226375499675481,-0.0250502912693238
-0.0388225510551071,-0.0388862276451586,-0.0395279086740005,-0.0804597307497807,-0.0473617331063372,-0.0508021412798722,-0.0252278037925629,-0.0253804352956053,-0.0254901185783799,-0.0543659246906659,-0.0293353525920903,-0.0327401253672337,-0.0194631870506694,-0.019547433987368,-0.0196256696178107,-0.0425016539683704,-0.0227627853287854,-0.0250399170459547
-0.038825023446869,-0.0388715090516571,-0.0395713574661615,-0.0804597307497807,-0.0473600368674705,-0.0505652588743707,-0.0252308155061748,-0.0253754771322447,-0.0255059118632865,-0.0543659246906659,-0.0293348521663151,-0.0325919403260959,-0.0194625766448622,-0.0195422535362047,-0.0196337393280188,-0.0425016539683704,-0.0227625012666907,-0.0249578808107172
-0.0389846628865282,-0.0392039411796327,-0.03976273959672,-0.0804597307497807,-0.047353497704922,-0.050548219301895,-0.0253081197513511,-0.0254832380004484,-0.0255819173093194,-0.0543659246906659,-0.0293390565004274,-0.0325057511269266,-0.0194728132478128,-0.0195929580233459,-0.0196746472630333,-0.0425016539683704,-0.0227147001976764,-0.0248211028109066
-0.0387520287292704,-0.0392456501745428,-0.0396971631235457,-0.0804597307497807,-0.0473413756386281,-0.0504737460405999,-0.0253382262984978,-0.0254777102189526,-0.0256660734314278,-0.0543659246906659,-0.0293389476729842,-0.0323987581125525,-0.0195198427883543,-0.0196096712997372,-0.0197374751373573,-0.0425016539683704,-0.0227130272092152,-0.0247446565027787
-0.0390604848809445,-0.0394344605271292,-0.0396860687340604,-0.0804597307497807,-0.0473230825245222,-0.0504094374716669,-0.0254741867405126,-0.0255261408350837,-0.0256682439982739,-0.0543659246906659,-0.0293422106369884,-0.032305709033749,-0.0195503076347253,-0.0195882845764662,-0.0196807310141513,-0.0425016539683704,-0.0226719630462584,-0.0246412940159968
-0.0389010770836459,-0.0395749975355797,-0.039925546706208,-0.0804597307497807,-0.0473242342754038,-0.0504575440693116,-0.0253993419235111,-0.0255857794554422,-0.0257379398813968,-0.0543659246906659,-0.0293421385639128,-0.0323398877420523,-0.0194884404702795,-0.0196476750674188,-0.0197351578487079,-0.0425016539683704,-0.0226718304436851,-0.0246795310547585
-0.0391719523005576,-0.0395398241673192,-0.0399748972333013,-0.0804597307497807,-0.0473210153766978,-0.0503059423370942,-0.0254707725152902,-0.0255191487471623,-0.0257176262299253,-0.0543659246906659,-0.0293439971755851,-0.0322795127565045,-0.0195187547410896,-0.0196175384918946,-0.0197309592218712,-0.0425016539683704,-0.0226721931178762,-0.0246392881455743
-0.0388950196679258,-0.0394567601364087,-0.0400497775135718,-0.0804597307497807,-0.0473158693740853,-0.0503893630336214,-0.025419824435265,-0.0255719443692206,-0.0257276333906722,-0.0543659246906659,-0.029350439374927,-0.0323388688563625,-0.0195108042008639,-0.0196414358354158,-0.0197376045374776,-0.0425016539683704,-0.0226733621683401,-0.0246778209289973
-0.0389445630054716,-0.0394301315240889,-0.0400693406447595,-0.0804597307497807,-0.0473159797699924,-0.0503862324883876,-0.0254681412552719,-0.0255454559490696,-0.0257390802418256,-0.0543659246906659,-0.02935098179818,-0.0323529042326949,-0.0195217596004699,-0.0196291415621855,-0.0197413589910782,-0.0425016539683704,-0.0226728195491984,-0.0246766574984884
-0.0389616306480438,-0.0396686659673321,-0.0400060041806517,-0.0804597307497807,-0.0473221275130519,-0.0503178743240649,-0.0254999781292555,-0.025652773758894,-0.0257759251549381,-0.0543659246906659,-0.0293535677728879,-0.0323180302310479,-0.0195906781459016,-0.0196900070746776,-0.0197551150964305,-0.0425016539683704,-0.0226738445219306,-0.0246689542940117
-0.0388408108803305,-0.0398446290006047,-0.0399735548216327,-0.0804597307497807,-0.0473219403703565,-0.050336883891905,-0.0255639127039003,-0.0257199126206281,-0.0257977804246499,-0.0543659246906659,-0.0293507255615603,-0.0323557365688178,-0.0195928468893733,-0.0197431270448602,-0.0197639464973617,-0.0425016539683704,-0.0226700521035303,-0.0246989545308901
-0.0392725327496827,-0.0396578185236764,-0.040087288899601,-0.0804597307497807,-0.0473234460957945,-0.0504193107003272,-0.025535913223106,-0.0256188931275091,-0.0257823178739948,-0.0543659246906659,-0.0293545844814717,-0.0324500507498237,-0.0195913253143503,-0.0196672528417921,-0.0197376670053038,-0.0425016539683704,-0.0226703393388963,-0.0247730381028911
-0.0392330658236539,-0.0398074141005317,-0.0401723847631648,-0.0804597307497807,-0.0473261532787158,-0.0501979130990904,-0.0255211001525157,-0.025716377960366,-0.0257797059956755,-0.0543659246906659,-0.0293463739715086,-0.0322306743897281,-0.0195559906567227,-0.0196695807860911,-0.0197113079674531,-0.0425016539683704,-0.0226062270580737,-0.0245324837413255
-0.0392330624079753,-0.0398523363711088,-0.040170671150311,-0.0804597307497807,-0.0473192500332908,-0.0502061962704885,-0.0255210991700921,-0.0257056982986389,-0.0257699413649441,-0.0543659246906659,-0.0293558214257585,-0.0322309073727982,-0.0195559903084625,-0.0196718857978308,-0.0197088522222473,-0.0425016539683704,-0.0226087844598598,-0.02454795703517
-0.0391487755038967,-0.0395349148346351,-0.0400825070012779,-0.0804597307497807,-0.047304838873076,-0.0503856529124304,-0.0254409877909603,-0.0255830663272816,-0.0257326964253557,-0.0543659246906659,-0.0293464984055752,-0.0323210133001862,-0.0194991112080806,-0.0196143680582149,-0.0196952200202964,-0.0425016539683704,-0.0226025579427249,-0.0246006335654815
-0.0392446195245364,-0.0397652657847007,-0.040047945440154,-0.0804597307497807,-0.0472794106244856,-0.0503807216856112,-0.0255848345143733,-0.0257141864087009,-0.0257639275651782,-0.0543659246906659,-0.0293512496272797,-0.0321995043555623,-0.0195592827703733,-0.0196591119413129,-0.0196935231417078,-0.0425016539683704,-0.0226019302086732,-0.0244902768660239
-0.0394381034059139,-0.0397066935730576,-0.0399934806422854,-0.0804597307497807,-0.0473125192398716,-0.0504706499691778,-0.0255817843656662,-0.0256621849825206,-0.0257057470105979,-0.0543659246906659,-0.0293788249732263,-0.0322315145546412,-0.0195968089730064,-0.0196474988971192,-0.0196778059350636,-0.0425016539683704,-0.0226103308026598,-0.0244771299378472
-0.0388166353678764,-0.0393276448307946,-0.039853815222491,-0.0804597307497807,-0.0473121107426231,-0.050520251396138,-0.0253761233582287,-0.0255378601453441,-0.0257072012142881,-0.0543659246906659,-0.0293791210368919,-0.0323104287945169,-0.0194687296097256,-0.0195751894285771,-0.0196627331614584,-0.0425016539683704,-0.0226103238152425,-0.0245280089823518
-0.0385914781873355,-0.0393753902191404,-0.0397456487751527,-0.0804597307497807,-0.0473132028897846,-0.0505542704228472,-0.0252802992772798,-0.0254390225137118,-0.0256645591086496,-0.0543659246906659,-0.029378082026892,-0.0323146518722101,-0.0194294585138248,-0.0195503798368456,-0.0196440687280354,-0.0425016539683704,-0.0226101566667102,-0.0245170098916971
-0.0387881910062391,-0.0393247388092014,-0.039698768221867,-0.0804597307497807,-0.0473451442026781,-0.0505079817569411,-0.025420136366453,-0.0255838120978932,-0.0257067410205618,-0.0543659246906659,-0.0295322738042989,-0.0322206002731685,-0.0195972503073222,-0.0196787306889817,-0.0197198809159971,-0.0425016539683704,-0.0227264356363589,-0.024503202899992
-0.038724004879386,-0.0391395249787461,-0.0395632117566626,-0.0804597307497807,-0.0473545838951954,-0.0503407136711615,-0.0253321254516073,-0.0254904918008851,-0.0255447016767877,-0.0543659246906659,-0.0295315868569415,-0.0321843111730776,-0.0194942377767459,-0.0196002953077044,-0.0196375580719731,-0.0425016539683704,-0.0226996441316376,-0.0245039841505866
-0.0387777807241687,-0.0392714484027084,-0.0393053738148635,-0.0804597307497807,-0.0473543298688655,-0.0501322764168627,-0.025122582373476,-0.0252654674887265,-0.0253788949784824,-0.0543659246906659,-0.029525466155934,-0.0320376011243654,-0.0194020338803259,-0.0194737245142819,-0.01953739716196,-0.0425016539683704,-0.022697414897764,-0.0243596224615436
-0.0391677282691111,-0.0392749547240058,-0.0394505290537564,-0.0804597307497807,-0.0473552936790913,-0.0498714621587489,-0.0250167853783782,-0.0252065951648673,-0.025262236117757,-0.0543659246906659,-0.0295231998630306,-0.0319120739202421,-0.0193652592775139,-0.0194439892301306,-0.0195113973582318,-0.0425016539683704,-0.0226974287096196,-0.0242133466748225
-0.0388432685456001,-0.0389736849017577,-0.0391618758736872,-0.0804597307497807,-0.0473475127657933,-0.0497997844141805,-0.0250371553344208,-0.0251616333139477,-0.0252542511054848,-0.0543659246906659,-0.0295367956141087,-0.0319259678997317,-0.019376930212356,-0.0194600563684154,-0.0195138426637318,-0.0425016539683704,-0.0227020979562306,-0.0241666912850996
-0.0388961557120334,-0.0389449298321105,-0.0391557286121871,-0.0804597307497807,-0.0473350313418384,-0.049904712059375,-0.0250577368896909,-0.0251918564025076,-0.0252919470186917,-0.0543659246906659,-0.0295549874762249,-0.0320808928508942,-0.019387205848236,-0.0194682580968853,-0.0195328274278533,-0.0425016539683704,-0.0227097728837125,-0.0242371574939414
-0.0387198350346048,-0.0393569300869799,-0.0397238814265959,-0.0804597307497807,-0.0473466346918882,-0.0499616239738256,-0.0247386912261404,-0.0249430138156219,-0.0251126913802019,-0.0543659246906659,-0.0295404735940649,-0.032138632691997,-0.0192347446401497,-0.019390990664962,-0.0195112830830229,-0.0425016539683704,-0.0227019045206756,-0.02426889650301
-0.038550725519995,-0.038790086537275,-0.0393523950141857,-0.0804597307497807,-0.0473619394531561,-0.0499880136236212,-0.0246406200070367,-0.0247432144225296,-0.0249614613882969,-0.0543659246906659,-0.0295218257918447,-0.0321937227944801,-0.0191731350854835,-0.0192583081089035,-0.0194009480127471,-0.0425016539683704,-0.0226921654102605,-0.0242731941218395
-0.0384376700312854,-0.0389027448182721,-0.0393606032115351,-0.0804597307497807,-0.0473626684686026,-0.0499754844227716,-0.0245045042374636,-0.0247500748404786,-0.0248522935240662,-0.0543659246906659,-0.0295163388936467,-0.0321502112972784,-0.0190123359367383,-0.0192492013730183,-0.0193482879826219,-0.0425016539683704,-0.0226916569312456,-0.0242169424617725
-0.0383542277716515,-0.0392114497078184,-0.0395278049185001,-0.0804597307497807,-0.0473737277391182,-0.0500964454666521,-0.0245723130941194,-0.024764338598173,-0.0248633558451447,-0.0543659246906659,-0.0294891480617091,-0.0322175698434093,-0.0190887177837603,-0.0192036081647942,-0.0193194115183217,-0.0425016539683704,-0.022678119382367,-0.0242322181432587
-0.039347173498384,-0.0392963203658927,-0.039701119976605,-0.0804597307497807,-0.0473873926941387,-0.0501955255816511,-0.0247549336350762,-0.0248016343792153,-0.0248341347991523,-0.0543659246906659,-0.0294738276821383,-0.0322504455884468,-0.0191924143736663,-0.0192373866747557,-0.0193079315220928,-0.0425016539683704,-0.0226739699072229,-0.024244565699139
-0.0389762016960792,-0.0392807678174596,-0.0398129565046493,-0.0804597307497807,-0.0473863103370608,-0.0502678267330399,-0.02468977201536,-0.0248360582132593,-0.024904094589853,-0.0543659246906659,-0.029467533132839,-0.0323495161461749,-0.0191574986744298,-0.0192770173973757,-0.0193401911716015,-0.0425016539683704,-0.0226709824830139,-0.024314862973453
-0.0383142297625102,-0.0387581431728877,-0.0392256261683851,-0.0804597307497807,-0.0473695684558829,-0.0500456358235828,-0.0245924571235267,-0.0247580199389845,-0.0248150794417635,-0.0543659246906659,-0.0294657882405551,-0.0321778525525764,-0.0190824737301512,-0.0191804975984005,-0.0192574408294422,-0.0425016539683704,-0.0226729959202554,-0.0241947497932531
-0.0382909588826673,-0.038659424888644,-0.0392540631420897,-0.0804597307497807,-0.0473814489999788,-0.0502098703919211,-0.0245988677171528,-0.0247084782458726,-0.0248104851599195,-0.0543659246906659,-0.0294627526755744,-0.0322594736893652,-0.0190887401049984,-0.0191347962628193,-0.0192605633004701,-0.0425016539683704,-0.0226723618550286,-0.0242613678473147
-0.0382958981175592,-0.0386854314674096,-0.0393103126176482,-0.0804597307497807,-0.0473946023775497,-0.0504235675266952,-0.0245997108125017,-0.0247175148292697,-0.0248076524577186,-0.0543659246906659,-0.0294518352507912,-0.0324028754404946,-0.0190895367302824,-0.0191400040096011,-0.0192578628839873,-0.0425016539683704,-0.0226700641666051,-0.0243825484892249
-0.0382641449249129,-0.0386453807619131,-0.0391058433768048,-0.0804597307497807,-0.0473926770659283,-0.0505005534011026,-0.0246535976528922,-0.024752017032417,-0.0248182140702674,-0.0543659246906659,-0.0294517990755739,-0.0325216848366058,-0.019102969759753,-0.0191631812770853,-0.019268639375465,-0.0425016539683704,-0.0226700257973994,-0.0244912152369017
-0.0383979604931955,-0.0386493374520934,-0.0393949767133485,-0.0804597307497807,-0.0474018318269207,-0.0505022987094047,-0.0247221823350003,-0.0248027001163979,-0.0249141763402219,-0.0543659246906659,-0.029450919526901,-0.0324876452227813,-0.0191031736468161,-0.0191735958755451,-0.0193235797021367,-0.0425016539683704,-0.022656607957209,-0.0244289886686529
-0.0379003799529747,-0.0383143122198441,-0.038869246006662,-0.0804597307497807,-0.0474081249526836,-0.0503238629303426,-0.024730622000862,-0.024758808253698,-0.0248081537359629,-0.0543659246906659,-0.0294598520606195,-0.0323339538830968,-0.0191186952548505,-0.019136175721769,-0.0192269874228834,-0.0425016539683704,-0.0227164668470171,-0.0243266266766593
-0.0380280311851916,-0.0381279641191247,-0.0388853805164232,-0.0804597307497807,-0.0474134989288664,-0.0505410238229272,-0.0247234581234842,-0.0247456358515429,-0.0249087312644002,-0.0543659246906659,-0.0294522713910705,-0.032392714072278,-0.0190520246451436,-0.0191143435351352,-0.0192187700097765,-0.0425016539683704,-0.0227116678740547,-0.0243281368128999
-0.0381849013719558,-0.038495242828889,-0.0387485207163881,-0.0804597307497807,-0.0474018284041244,-0.0504086460377982,-0.024764524665083,-0.0247606897158563,-0.0247734739354446,-0.0543659246906659,-0.0294450450862035,-0.0323832922014707,-0.0191125423668638,-0.0191717740116067,-0.0191791912429477,-0.0425016539683704,-0.0227100784771648,-0.024349226230847
-0.0381851010235668,-0.0384773809839762,-0.0387385621121439,-0.0804597307497807,-0.0473919480392803,-0.0504395424899096,-0.0247645651045396,-0.0247569788278618,-0.0247765089835296,-0.0543659246906659,-0.0294483061014374,-0.0324361447727826,-0.0191124960510568,-0.0191692933419391,-0.0191779443539822,-0.0425016539683704,-0.0227131125435369,-0.0244274637967946
-0.0385362528780408,-0.0384733468377255,-0.0392209404167091,-0.0804597307497807,-0.0473951568752705,-0.0504689788460462,-0.0247614142823246,-0.0247405168692443,-0.0248262886032607,-0.0543659246906659,-0.0294502330861724,-0.0324637254600144,-0.0191079795037858,-0.0191617162056915,-0.0192360922843317,-0.0425016539683704,-0.0227138007030762,-0.0244379399250361
-0.0390515313640932,-0.0389745933202835,-0.0392193611510731,-0.0804597307497807,-0.0473970760364917,-0.0504774621113508,-0.0248656339529189,-0.0248015955312858,-0.0248600842431965,-0.0543659246906659,-0.0294507764603431,-0.0324004412770454,-0.0191596909891217,-0.0191808474572871,-0.0192434563070758,-0.0425016539683704,-0.0227129117371698,-0.0243928550330967
-0.0388824392155477,-0.0392253725556454,-0.0393335796163401,-0.0804597307497807,-0.047389305862789,-0.0503543206546155,-0.0247947661460901,-0.0248913990890513,-0.0248924114400782,-0.0543659246906659,-0.029440319037202,-0.032282391239941,-0.0190608290750526,-0.0192345176878616,-0.0192478052508233,-0.0425016539683704,-0.0227106209335887,-0.0242673736197667
-0.038852873231975,-0.0392985185734511,-0.0394135379122263,-0.0804597307497807,-0.0473967874152296,-0.0501480793818687,-0.024751170070107,-0.0247528146654903,-0.024773902633953,-0.0543659246906659,-0.0294353667313393,-0.0321590552872428,-0.0190370003352737,-0.0190981397121278,-0.0191626448689186,-0.0425016539683704,-0.0226745449070896,-0.0241491111530174
-0.03926108354244,-0.0393167392897775,-0.0393931986043847,-0.0804597307497807,-0.047420962940734,-0.0503749676970193,-0.0247976068708163,-0.0247897891627496,-0.0247605709969443,-0.0543659246906659,-0.0294363398354613,-0.0322798290137749,-0.0190667193350986,-0.0191111528545653,-0.0191562845322644,-0.0425016539683704,-0.0226742508062247,-0.0242293318718868
-0.0386210827909337,-0.0390587207823727,-0.0394465362155199,-0.0804597307497807,-0.0473979947914217,-0.0502146700409869,-0.0246633723330402,-0.0246808267061452,-0.0247495099602114,-0.0543659246906659,-0.029433539761597,-0.0322137340756374,-0.0189414268193909,-0.0189869801648324,-0.0190907019011742,-0.0425016539683704,-0.0226382153385984,-0.0241403834136444
-0.0386210846496525,-0.0390382805333136,-0.0394456813194028,-0.0804597307497807,-0.0473950364275854,-0.0501738710837494,-0.0246633726988611,-0.0246772165070573,-0.024749583239376,-0.0543659246906659,-0.0294351136142805,-0.0322317626314533,-0.0189414270182039,-0.0189899723063258,-0.0190906172249959,-0.0425016539683704,-0.0226388827590343,-0.0241713607984651
-0.0389233715985999,-0.0391656943914912,-0.0394349179752538,-0.0804597307497807,-0.0473917558822592,-0.0501827339342047,-0.0247185221888236,-0.0247358495281072,-0.0247716127714011,-0.0543659246906659,-0.0294248258977236,-0.0323113561105204,-0.0189756978651833,-0.0190519121897745,-0.0190987685938104,-0.0425016539683704,-0.0226358428634341,-0.0242581406378479
-0.0388916527830704,-0.0388515448748553,-0.0393358473431428,-0.0804597307497807,-0.0473970649736682,-0.0502174901827127,-0.024754753693201,-0.0246829942898876,-0.0247986523337807,-0.0543659246906659,-0.0294385946976305,-0.032346314686045,-0.018972875294385,-0.0189767199699891,-0.0190721312645253,-0.0425016539683704,-0.0226391168412755,-0.0242697242539575
-0.0388912937189255,-0.0388478816934205,-0.0393580194074456,-0.0804597307497807,-0.0474003543923646,-0.0501054619706156,-0.0247549154738638,-0.0246890137628706,-0.0248060107951957,-0.0543659246906659,-0.0294352342133418,-0.0322665284618275,-0.0189727512153081,-0.0189766779312326,-0.0190773351753205,-0.0425016539683704,-0.0226375428554037,-0.0242319588196383
-0.0389161160570457,-0.0392051500833764,-0.0390363275192262,-0.0804597307497807,-0.0473897295260314,-0.0502116196756838,-0.0246904543457042,-0.024704234117134,-0.0247335065785216,-0.0543659246906659,-0.0294336306204167,-0.0323203139290897,-0.0189523290915523,-0.0189850134457579,-0.0190200481497609,-0.0425016539683704,-0.0226344896485713,-0.0242594769839817
-0.0388459319460167,-0.0390766618477241,-0.0390759191999968,-0.0804597307497807,-0.0474039495049122,-0.0503404253985714,-0.0246680184151762,-0.024716758147263,-0.0247358944470468,-0.0543659246906659,-0.0294368394077091,-0.032384875727961,-0.0189257845556584,-0.0189831530688702,-0.0190217932492024,-0.0425016539683704,-0.0226356365001909,-0.0243042217471203
-0.0388459700335113,-0.0390605030160445,-0.0390732541423981,-0.0804597307497807,-0.0473923335123226,-0.0502604428838705,-0.0246680152484496,-0.0247162030964374,-0.0247320178225239,-0.0543659246906659,-0.0294432180947213,-0.032364650404066,-0.0189257803745955,-0.0189822741884634,-0.0190182981766419,-0.0425016539683704,-0.0226385192328842,-0.0243104513360218
-0.0387540309263219,-0.0389745583176709,-0.039114716590804,-0.0804597307497807,-0.0473912896468698,-0.050252435876626,-0.0246186722117267,-0.0246455230038456,-0.0247252019067906,-0.0543659246906659,-0.029442058499231,-0.0323541394132663,-0.0189096680580137,-0.0189603262277548,-0.0190050902491354,-0.0425016539683704,-0.0226380160216102,-0.0243099355056733
-0.0388895455170074,-0.0391371619492843,-0.0390621279148303,-0.0804597307497807,-0.0473946781784367,-0.0502358705877894,-0.0245719139798112,-0.0246020094849908,-0.024683033280042,-0.0543659246906659,-0.0294354689743477,-0.0323333338197056,-0.0188197601609587,-0.0188845300811994,-0.0189342209689196,-0.0425016539683704,-0.022590837411829,-0.0242597705411744
-0.0388895445201759,-0.0391380702345773,-0.0390516758301314,-0.0804597307497807,-0.0473851671931958,-0.0503568396956852,-0.024571913698073,-0.0246107717193341,-0.0246889837857137,-0.0543659246906659,-0.0294319097839551,-0.0323830624864798,-0.0188197600233074,-0.0188883189098763,-0.01893369837369,-0.0425016539683704,-0.0225919898370435,-0.0243394882882927
-0.0388895455513131,-0.0391478386977952,-0.0389761014083913,-0.0804597307497807,-0.0473873237343969,-0.0504829829005717,-0.0245719180031252,-0.0246125577580403,-0.024673025592766,-0.0543659246906659,-0.0294296484283689,-0.0324965756602995,-0.0188197607281053,-0.018889520045321,-0.0189361025772251,-0.0425016539683704,-0.022591011332356,-0.0244081594810035
-0.0389414990446726,-0.039016262813243,-0.038936450111447,-0.0804597307497807,-0.0473808315282946,-0.0504711636260623,-0.0245840653367375,-0.0246054154264497,-0.0246723613173577,-0.0543659246906659,-0.0294389329861009,-0.0325613471570638,-0.0188204623805876,-0.0188977213479412,-0.018936668229203,-0.0425016539683704,-0.0225953116129158,-0.0244694885427497
-0.0389414875793446,-0.0390254439970602,-0.0389330263791231,-0.0804597307497807,-0.047381258650368,-0.0504033738330647,-0.0245840529250013,-0.0246039213023879,-0.0246686692703322,-0.0543659246906659,-0.0294284813548309,-0.0325106124274856,-0.0188204573026738,-0.0188974109867311,-0.0189344627301703,-0.0425016539683704,-0.0225869946565647,-0.0244487829713321
-0.0391384463823005,-0.0389835377987496,-0.0390707731072134,-0.0804597307497807,-0.0473902879150833,-0.0503465774476902,-0.0246497291609886,-0.024625279240643,-0.0246669277776484,-0.0543659246906659,-0.029432451244013,-0.0323921275776185,-0.0188590781162431,-0.0188912520562978,-0.0189300652692171,-0.0425016539683704,-0.022587301173124,-0.0243461161302307
-0.0391379901491576,-0.0389977633106876,-0.0390708381386799,-0.0804597307497807,-0.0473965005190572,-0.0503650150030645,-0.0246496517812229,-0.0246257023600972,-0.0246669461477481,-0.0543659246906659,-0.0294297337210738,-0.0324040757468276,-0.0188590372715819,-0.0188914706244156,-0.0189300752049668,-0.0425016539683704,-0.0225854915819115,-0.0243459924274389
-0.0391377314784221,-0.0389681802687593,-0.0391038768617469,-0.0804597307497807,-0.0474006686062884,-0.0502216684760668,-0.024649736063822,-0.0246253441131191,-0.0246612635227034,-0.0543659246906659,-0.0294273279623223,-0.0322852410744963,-0.0188590435744509,-0.018892214785791,-0.0189339102971166,-0.0425016539683704,-0.0225840912022347,-0.0242422427045217
-0.0391369068524861,-0.0389609499297333,-0.0390995119391753,-0.0804597307497807,-0.0474001156085497,-0.0502283305826948,-0.0246495827456444,-0.0246238676520395,-0.0246595696044694,-0.0543659246906659,-0.0294221758300044,-0.0322735237304729,-0.0188589745907293,-0.0188906235067757,-0.0189333693514011,-0.0425016539683704,-0.0225821863735726,-0.0242305314212636
-0.0389418402626627,-0.0387422048252414,-0.0388229262489981,-0.0804597307497807,-0.0473919910236383,-0.0503806851365185,-0.0245740752767087,-0.0245686014936085,-0.0246547709991044,-0.0543659246906659,-0.029427302585593,-0.0323303790108811,-0.0188310702703248,-0.0188542952860474,-0.0189243179807481,-0.0425016539683704,-0.0225821613253283,-0.0242982783264919
-0.0389418470666306,-0.0387596128133472,-0.0387711424207072,-0.0804597307497807,-0.0473950323955985,-0.0502839939205586,-0.0245740748143661,-0.024573248846699,-0.0246392928301691,-0.0543659246906659,-0.0294036408380437,-0.0322089484973228,-0.0188310703192231,-0.018856061833018,-0.0189142431189049,-0.0425016539683704,-0.0225690899459278,-0.0242210711502603
-0.0386722295991832,-0.0388420106449797,-0.0390366556006787,-0.0804597307497807,-0.0473876828381183,-0.0502940731254096,-0.0245751593151466,-0.0246326140589284,-0.0247385269119548,-0.0543659246906659,-0.0294109352316267,-0.0322756108348203,-0.0188321804101854,-0.0188747118209295,-0.0189928483397863,-0.0425016539683704,-0.0225712751741784,-0.0243341724162199
-0.0389048957662822,-0.038795408976347,-0.0390543460476631,-0.0804597307497807,-0.0473873906723978,-0.0502569638759737,-0.0245852364339227,-0.0246178462070439,-0.0247599578050435,-0.0543659246906659,-0.0294100037638108,-0.0322294114070026,-0.0188117706794165,-0.0188616331003893,-0.018994149184932,-0.0425016539683704,-0.0225707705971315,-0.0243021511730219
-0.0388350149256611,-0.0388738205590634,-0.0392451288530883,-0.0804597307497807,-0.0473810086347427,-0.0504142700901713,-0.0245920950416388,-0.0246300360756375,-0.0248056391699608,-0.0543659246906659,-0.0294070750355819,-0.032314595385257,-0.0188206455282996,-0.0188731119433173,-0.0190269582834498,-0.0425016539683704,-0.0225695361272951,-0.0243798052504154
-0.0388350151294821,-0.03887382443129,-0.0392451282140441,-0.0804597307497807,-0.0473785877192208,-0.0502676797291312,-0.0245920950882588,-0.024630036488589,-0.024805634711162,-0.0543659246906659,-0.0294095749567657,-0.0321594314184665,-0.018820645560546,-0.0188731122821054,-0.0190269581192728,-0.0425016539683704,-0.0225706534880813,-0.0242497571438225
-0.038880383185737,-0.038817464838798,-0.0391080198209787,-0.0804597307497807,-0.0473350187455918,-0.0499410372756844,-0.0246567847473845,-0.0246280322365688,-0.0247702829001625,-0.0543659246906659,-0.0293973678124819,-0.0319759096902369,-0.018824582815318,-0.0188432376444514,-0.0190291958079686,-0.0425016539683704,-0.0225535893589517,-0.0240777695522555
-0.0382284328215442,-0.0382677048651599,-0.0387058948303699,-0.0804597307497807,-0.0473302611772545,-0.0499298370478109,-0.024588245170184,-0.0245716029119212,-0.0246757981589925,-0.0543659246906659,-0.0293926077670652,-0.0319339396012173,-0.0188068410044351,-0.0188240744455624,-0.01894858363345,-0.0425016539683704,-0.0225530664313394,-0.024050562215432
-0.0387380895038233,-0.0386384556515257,-0.0389944194747264,-0.0804597307497807,-0.0473296272857688,-0.0500000011389876,-0.0246646576552643,-0.0246502526609841,-0.0247441586076386,-0.0543659246906659,-0.029392654951806,-0.0319854676975269,-0.0188334930151999,-0.01887039726766,-0.0189946486446897,-0.0425016539683704,-0.0225534210905188,-0.0241057843033924
-0.0387433857953909,-0.0386533605529222,-0.039026457671587,-0.0804597307497807,-0.0473368121131744,-0.0500538823800992,-0.0246656980675088,-0.0246551688174273,-0.0247548760105957,-0.0543659246906659,-0.029394789406077,-0.0320417883576691,-0.0188340059756624,-0.0188700584512861,-0.0190003577213441,-0.0425016539683704,-0.0225533169739521,-0.0241418433860151
-0.0385897000341175,-0.0388000278875974,-0.0389615541298159,-0.0804597307497807,-0.0473378361780767,-0.0499024308268992,-0.0246458469039909,-0.0246859788592899,-0.0247077330534323,-0.0543659246906659,-0.0293970073134945,-0.0319309948828707,-0.0188054479697208,-0.0188437330230483,-0.0189373690960119,-0.0425016539683704,-0.0225537902868225,-0.0240725655956825
-0.0388662300235814,-0.0386800800918652,-0.0387676410051764,-0.0804597307497807,-0.0473374632622332,-0.0498663385484088,-0.0246276727257327,-0.0246348432760249,-0.024673714173726,-0.0543659246906659,-0.0293983491897423,-0.0318903309452933,-0.0187993424153297,-0.0188463607129421,-0.0188961798323898,-0.0425016539683704,-0.0225542543589101,-0.0240133733340217
-0.038602686343263,-0.0386711223905127,-0.0389551914679205,-0.0804597307497807,-0.0473385995658896,-0.0496479413144363,-0.0245722421947821,-0.0246162030469145,-0.0246961988918901,-0.0543659246906659,-0.0293990582491251,-0.0317844896152403,-0.0187963966927779,-0.0188710188898186,-0.0189407379545169,-0.0425016539683704,-0.0225547978921105,-0.0239197063506166
-0.0386175157771629,-0.0386651695609831,-0.0389183359137172,-0.0804597307497807,-0.0473311541001747,-0.0497942581205098,-0.0245780033920044,-0.0246135905229293,-0.0247075277790209,-0.0543659246906659,-0.0293995128121595,-0.0318968664666431,-0.0187996453142024,-0.0188705385285096,-0.0189478194809192,-0.0425016539683704,-0.022552982918758,-0.0240208643340267
-0.03851090247213,-0.038709801793988,-0.0388963284302875,-0.0804597307497807,-0.0473303720781954,-0.0497507200599146,-0.0246150974167296,-0.0246589664876433,-0.0247108656937295,-0.0543659246906659,-0.0294027211406818,-0.0318896142299312,-0.0188387871282175,-0.0188888871917087,-0.018937346309361,-0.0425016539683704,-0.0225588900810515,-0.0240355047624776
-0.0385930968540778,-0.0388814864382376,-0.0388401196626606,-0.0804597307497807,-0.0472919709024097,-0.0500433430621969,-0.0245458428417764,-0.0245915885555919,-0.0245790466632059,-0.0543659246906659,-0.0294160849969512,-0.0321007755046585,-0.0187489735890315,-0.0188216505139536,-0.0188776615116166,-0.0425016539683704,-0.0225558360222486,-0.0241687319237573
-0.0385941778683923,-0.0388759699202139,-0.0388514889000566,-0.0804597307497807,-0.0472933154848681,-0.0497676742277537,-0.0245457841276977,-0.0245829569424593,-0.0245802068323702,-0.0543659246906659,-0.0294221267146571,-0.0319240995244536,-0.0187490946403068,-0.0188143355984727,-0.0188760736453787,-0.0425016539683704,-0.0225578410412575,-0.0239852429362801
-0.0385705994115664,-0.0385596760926856,-0.0387803113169111,-0.0804597307497807,-0.0472702136611255,-0.0496430382757539,-0.0244909495104563,-0.0245752209081453,-0.0244928285350886,-0.0543659246906659,-0.0293288751128223,-0.0317104801748322,-0.0186640170052967,-0.0187549045321807,-0.0187670644097375,-0.0425016539683704,-0.02246019134528,-0.023768362625771
-0.038573471104433,-0.0389238504264582,-0.0392683390487074,-0.0804597307497807,-0.0472798305028213,-0.049549944556045,-0.0244766380714674,-0.0245457822528995,-0.0246306910308377,-0.0543659246906659,-0.0293367753460617,-0.0316052377434432,-0.0186828844184557,-0.018713942336025,-0.0188467921387746,-0.0425016539683704,-0.0224748497225194,-0.0237349918647024
-0.038564071666984,-0.0386986367239677,-0.0391779444918175,-0.0804597307497807,-0.0472718868719436,-0.0496983040208739,-0.0244347757278245,-0.024522402230727,-0.0245743872324655,-0.0543659246906659,-0.0293250108976154,-0.0317168354865262,-0.0186633475021705,-0.018720952584212,-0.0187971521888651,-0.0425016539683704,-0.0224721041040877,-0.0238146135596897
-0.0385605085150063,-0.038694567017826,-0.0392203776368441,-0.0804597307497807,-0.0472797383783013,-0.0496917643413555,-0.0244338394572581,-0.0245221307987732,-0.0245777250187351,-0.0543659246906659,-0.0293228846124159,-0.0316710954897544,-0.0186615198243787,-0.0187192424837304,-0.0187937697700132,-0.0425016539683704,-0.0224706714313962,-0.0237622760728171
-0.0387537402835632,-0.0388426325531412,-0.0393801454284372,-0.0804597307497807,-0.0473439400176728,-0.049604371788054,-0.0244769093591391,-0.0245239675629064,-0.0245694521384415,-0.0543659246906659,-0.0293213403271901,-0.0315636052480126,-0.0186929239424406,-0.0187390222530819,-0.018819636134974,-0.0425016539683704,-0.0224633139912612,-0.023675725566589
-0.0385125078545797,-0.0386924597751065,-0.0392570607101169,-0.0804597307497807,-0.047345545966813,-0.0497536639036606,-0.0244576066342869,-0.0245270156758112,-0.0245827901883169,-0.0543659246906659,-0.029320584011665,-0.0316293324231891,-0.0186951506057838,-0.0187366016310771,-0.0188591764403742,-0.0425016539683704,-0.0224630597834072,-0.0237170185793563
-0.0385592183262256,-0.0389240101129562,-0.0392570038152465,-0.0804597307497807,-0.0473435264748344,-0.0497404131852775,-0.0245363200759575,-0.0245742777930881,-0.0246331103073927,-0.0543659246906659,-0.0293223014650853,-0.0316014815070399,-0.0187566826947342,-0.0188094662664374,-0.0188891960787076,-0.0425016539683704,-0.0224650641429875,-0.0236820161259833
-0.0385103708014643,-0.0390498748424497,-0.0394624524442889,-0.0804597307497807,-0.047342263940464,-0.0496827463368719,-0.0244941182131917,-0.0245399111133311,-0.0245873266729106,-0.0543659246906659,-0.0293252465316831,-0.0315361316177299,-0.0187339655085603,-0.0188121202533022,-0.0188727191628928,-0.0425016539683704,-0.0224674745433545,-0.023630465188201
-0.038676709708381,-0.0389243342202197,-0.0394577942622533,-0.0804597307497807,-0.0473571521234831,-0.0496870643787584,-0.0245472703832533,-0.024530055189416,-0.0246724985833002,-0.0543659246906659,-0.029331518054547,-0.0315563398387359,-0.0187335063547315,-0.0187687989825086,-0.0188765441834225,-0.0425016539683704,-0.0224691949880171,-0.0236354202908593
-0.0389206667365841,-0.0389517826992913,-0.0393813107493217,-0.0804597307497807,-0.0473516674837964,-0.0496405236321831,-0.0245808138430463,-0.0246237633958044,-0.0246712119757509,-0.0543659246906659,-0.0293266591313671,-0.031513243760235,-0.0187517602845686,-0.0188096524784389,-0.01888354065818,-0.0425016539683704,-0.0224656560657528,-0.0236285869337855
-0.0388134897778782,-0.0387098964770893,-0.0393593470174855,-0.0804597307497807,-0.0473563988496269,-0.049668816928136,-0.0245144076923606,-0.0245301297717952,-0.0245950578144543,-0.0543659246906659,-0.0292666878756502,-0.0314537053664783,-0.0186748257558255,-0.0186892434067198,-0.018800275335934,-0.0425016539683704,-0.0223862928917848,-0.0235510584469701
-0.0385979090705712,-0.0393179802241259,-0.0397043195265821,-0.0804597307497807,-0.0473655832720895,-0.0495486059056162,-0.0246368370095259,-0.0247247948651612,-0.0247646266372536,-0.0543659246906659,-0.0292650969416932,-0.0313112257525061,-0.0187367784612717,-0.0188062175390196,-0.0188940795771285,-0.0425016539683704,-0.0223865042648129,-0.0234781125019887
-0.0389843080264282,-0.039212859130782,-0.0399482055731552,-0.0804597307497807,-0.0473713424726496,-0.0495674360628259,-0.024610409151252,-0.0245546309379038,-0.0246860188283961,-0.0543659246906659,-0.0292583607307707,-0.0313308518060956,-0.0187163467364743,-0.0187197639839998,-0.018851407530406,-0.0425016539683704,-0.0223798491559248,-0.0234943376390868
-0.0389844276795051,-0.0392050000430001,-0.0399279887070791,-0.0804597307497807,-0.0473587338836071,-0.0495132825246095,-0.0246083437169579,-0.0245661050329539,-0.0246766291251922,-0.0543659246906659,-0.0292587563545111,-0.03130510490093,-0.0187149991873168,-0.0187301386393246,-0.0188478519477213,-0.0425016539683704,-0.0223788495731766,-0.0234901117051534
-0.0390651597299442,-0.0394582681087149,-0.0394774334826289,-0.0804597307497807,-0.0473414326434667,-0.0494785154693517,-0.0246264590569483,-0.0246642884864716,-0.0246760675668127,-0.0543659246906659,-0.0292605046175399,-0.0312637758560763,-0.018740172823753,-0.0187868004999269,-0.0188334727456439,-0.0425016539683704,-0.0223745263938133,-0.0234668715391036
-0.0387518617905663,-0.0391305838990275,-0.0393114686614969,-0.0804597307497807,-0.0473402833310948,-0.0494766689312853,-0.0245181558052656,-0.024585664761598,-0.0246911223521272,-0.0543659246906659,-0.0292622231184283,-0.0312460121762877,-0.0186951553414234,-0.0187344382255037,-0.0188328814265902,-0.0425016539683704,-0.0223748837031107,-0.0234495262269178
-0.0387782409583955,-0.0391301131598024,-0.0393040961256591,-0.0804597307497807,-0.0473347359947236,-0.0494617453010741,-0.0245276446126242,-0.0245860292330349,-0.0246881841028989,-0.0543659246906659,-0.0292530615882202,-0.0312048558553729,-0.0187023478346172,-0.0187350282283048,-0.0188288627370074,-0.0425016539683704,-0.0223721802209031,-0.023449655749408
-0.0388938965905666,-0.0391756952463192,-0.0395620591167277,-0.0804597307497807,-0.047334411050455,-0.049429394977633,-0.0244686700046176,-0.0245823705344744,-0.0246829939863633,-0.0543659246906659,-0.0292549842805954,-0.0312111111852814,-0.0186808575456283,-0.0187391574048472,-0.0188122849169848,-0.0425016539683704,-0.0223723371580077,-0.0234494082735434
-0.0388399923521094,-0.0391161437237456,-0.0395194033919165,-0.0804597307497807,-0.0473326646531221,-0.049420096111589,-0.0245378507815736,-0.0246139211748076,-0.0247236598723335,-0.0543659246906659,-0.0292577571656907,-0.0312052412277889,-0.0186908837761358,-0.0187626427134413,-0.0188385013772513,-0.0425016539683704,-0.0223774757556359,-0.0234369885572794
-0.0388739887901004,-0.0385539910350679,-0.0391321784101167,-0.0804597307497807,-0.0473322675857068,-0.0494993828090902,-0.0244756568916826,-0.0245584411475147,-0.024564346696256,-0.0543659246906659,-0.0292581271989818,-0.0312399009495423,-0.0187008532635203,-0.0187174953414583,-0.018747880397816,-0.0425016539683704,-0.0223780759272139,-0.0234625638073115
-0.0387096257689804,-0.0384832687657762,-0.0391770174644271,-0.0804597307497807,-0.047334777760894,-0.0494624701346839,-0.0244396776032829,-0.0244737921262459,-0.0245268852138636,-0.0543659246906659,-0.0292592248316002,-0.0312162553796647,-0.0186830297329894,-0.0186795372059486,-0.0187588133231622,-0.0425016539683704,-0.0223787774908107,-0.0234434365887182
-0.0388695684202311,-0.0389643002611875,-0.0394656151061466,-0.0804597307497807,-0.047342986727142,-0.0493885906770927,-0.0244319588103312,-0.0245188323487304,-0.0247107421333945,-0.0543659246906659,-0.0292485190271666,-0.0312211862078093,-0.0186351543271019,-0.0187091690433157,-0.0188145095785574,-0.0425016539683704,-0.022373385414003,-0.0234367413309297
-0.0387662688007851,-0.0390496023573813,-0.0393717585577382,-0.0804597307497807,-0.047347494977608,-0.0495985537061678,-0.0244437513937384,-0.0244948896845361,-0.0247379283040712,-0.0543659246906659,-0.0292496415231519,-0.031377383093886,-0.0186771944820346,-0.0186994692633853,-0.0188187327449717,-0.0425016539683704,-0.0223755434368536,-0.0235437582501503
-0.0387437454526678,-0.0390377008143073,-0.0392400392216874,-0.0804597307497807,-0.0473668599776012,-0.0495162657286029,-0.0244371465731763,-0.0244526348936261,-0.0245405928556877,-0.0543659246906659,-0.0292496198001333,-0.0313533722245,-0.0186244232515436,-0.0186638520268132,-0.0187394767269825,-0.0425016539683704,-0.0223730479570941,-0.0235349687399217
-0.0387437452121444,-0.0390288282940301,-0.0393837095808126,-0.0804597307497807,-0.0473497145429305,-0.0494798389524445,-0.0244371465453218,-0.0244508923314724,-0.0245983420230413,-0.0543659246906659,-0.0292527447657685,-0.0313440322363452,-0.0186244232325697,-0.0186603503481218,-0.0187738420036276,-0.0425016539683704,-0.0223722604360841,-0.0235262458048344
-0.0387456905044214,-0.0390639672538446,-0.0392086692424819,-0.0804597307497807,-0.0473575571194529,-0.0494310969719251,-0.0244076633805182,-0.0245378771925336,-0.0246163732666435,-0.0543659246906659,-0.029256242990648,-0.0312968028550618,-0.0186651961090165,-0.0187166577838393,-0.0187589440540971,-0.0425016539683704,-0.0223751805190694,-0.0234981426608895
-0.0385661635756354,-0.0386706154500803,-0.0391573467230236,-0.0804597307497807,-0.0473623167855052,-0.0493820106998446,-0.024414217868927,-0.0244498085100569,-0.024624247174009,-0.0543659246906659,-0.029259924665798,-0.0312303130456531,-0.0186650262922856,-0.0186819740349813,-0.018752065096928,-0.0425016539683704,-0.0223769454498434,-0.023464769857208
-0.0386849194568591,-0.038811566539834,-0.0392872167190739,-0.0804597307497807,-0.0473664254744644,-0.0493904617519808,-0.0243895511735435,-0.0245314577338247,-0.0246913982135692,-0.0543659246906659,-0.0292558978511025,-0.0312231982856997,-0.0186397945210622,-0.0186831793657946,-0.0188137502724729,-0.0425016539683704,-0.0223749015125587,-0.0234406201486134
-0.0385544337080847,-0.0383257063284013,-0.0395228838062787,-0.0804597307497807,-0.0473652642041733,-0.0496591043145009,-0.0244443618958043,-0.0244277133184614,-0.024706484473649,-0.0543659246906659,-0.0292558987156869,-0.0313776563503654,-0.0186425831895368,-0.0186547900543182,-0.0188144436167498,-0.0425016539683704,-0.0223732162522833,-0.0235560458594441
-0.0383337366889796,-0.0384465813852966,-0.0390732967385147,-0.0804597307497807,-0.0473653586730418,-0.0497779103849479,-0.0244419302230513,-0.0245457328251457,-0.0246239862769859,-0.0543659246906659,-0.029254605611778,-0.0314739080729694,-0.0186382547643057,-0.018710410360369,-0.0187663532216493,-0.0425016539683704,-0.0223729738174451,-0.0236059909949107
-0.0383286182454687,-0.0383546543643914,-0.0387927494880077,-0.0804597307497807,-0.0473293027639291,-0.049581007966893,-0.0244437581115713,-0.0245249278933795,-0.0246134060858829,-0.0543659246906659,-0.0292487499949738,-0.0313499082862712,-0.0186390600988819,-0.0186973961140401,-0.0187661200531844,-0.0425016539683704,-0.0223640886423582,-0.0235340302932865
-0.0381646893967548,-0.0387426520945317,-0.0389373205003729,-0.0804597307497807,-0.047315234831991,-0.0497402226885631,-0.0244481700134788,-0.024558211642435,-0.0246252079900283,-0.0543659246906659,-0.0292368788170953,-0.0314793440199196,-0.0186288821480886,-0.0187412862598954,-0.01875093780335,-0.0425016539683704,-0.0223579854343752,-0.0236478932808765
-0.0375974464556574,-0.0380167557064511,-0.0387657292915028,-0.0804597307497807,-0.0473103854318241,-0.0498254820915722,-0.024126205243333,-0.0242252542460545,-0.0245374695766488,-0.0543659246906659,-0.0292468676200327,-0.0315448306639968,-0.0185246244695628,-0.0185680175547876,-0.0187295544795553,-0.0425016539683704,-0.0223614462414904,-0.0236626308522502
-0.0376145637697649,-0.0380333603447916,-0.0387896345866463,-0.0804597307497807,-0.0473145008261755,-0.0498385812004637,-0.0241278442714349,-0.0242316992936902,-0.0245117518255677,-0.0543659246906659,-0.0292571373029264,-0.0315736101844775,-0.0185219472463196,-0.0185742715897468,-0.0187184172791307,-0.0425016539683704,-0.0223690368730483,-0.023672098425988
-0.0383253594664249,-0.0386065205603847,-0.0388815390104728,-0.0804597307497807,-0.0471571587688369,-0.0504551994009055,-0.0245974178021588,-0.0246700048750126,-0.0247993856190891,-0.0543659246906659,-0.0293563654540744,-0.0315053375491553,-0.0187208565867956,-0.0187493093070524,-0.0187737246530584,-0.0425016539683704,-0.0223433769061934,-0.0236076027461776
-0.0383005931154505,-0.0382884222866501,-0.038618073078358,-0.0804597307497807,-0.0471708291804707,-0.0510666746245576,-0.0245908143191736,-0.0245993632522128,-0.0247286884403657,-0.0543659246906659,-0.0294410689941545,-0.0320360113917626,-0.0187233712359613,-0.0186986307037032,-0.0187386441383222,-0.0425016539683704,-0.0224276710723354,-0.0240256080061963
-0.038040983193533,-0.0381567927856688,-0.0385644363263714,-0.0804597307497807,-0.0471712425257695,-0.0509926593077705,-0.0244872141478036,-0.0244795625781008,-0.0246717810370713,-0.0543659246906659,-0.0294403428737831,-0.0319273815462931,-0.0187175087814433,-0.0187064667200715,-0.0187591360756152,-0.0425016539683704,-0.0224268404593527,-0.023908743762267
-0.0378429034043461,-0.0380403043539913,-0.038159559249615,-0.0804597307497807,-0.0471717636537328,-0.0508256302622278,-0.0244954558817455,-0.0245239948365039,-0.024667138300717,-0.0543659246906659,-0.0294509145758593,-0.031833459956733,-0.0186960638704545,-0.018697679956141,-0.0187348169059398,-0.0425016539683704,-0.0224317272628612,-0.0238533488752332
-0.0378289046498332,-0.0382439535358173,-0.038448546172021,-0.0804597307497807,-0.0471684531018154,-0.0509518713984096,-0.0245693577971693,-0.0245440913626473,-0.0246907458124054,-0.0543659246906659,-0.0294437843313504,-0.0319046092499896,-0.0187151763243416,-0.018699021117513,-0.0187590767547503,-0.0425016539683704,-0.0224276848098928,-0.023921918440892
-0.0375345814190366,-0.0377478879218447,-0.0381584993185623,-0.0804597307497807,-0.0471850195819399,-0.0507147833710271,-0.0245008671249223,-0.0245397277251377,-0.0246090359974169,-0.0543659246906659,-0.0294678587033412,-0.0317276247800018,-0.0186346094319842,-0.0186695333267409,-0.0187312971684338,-0.0425016539683704,-0.0224447258223359,-0.0238116231756706
-0.0372050564010456,-0.0377015988484718,-0.0381935443583965,-0.0804597307497807,-0.0471704700099556,-0.0506064246339239,-0.0244338094133891,-0.0244889596704015,-0.0245949086091087,-0.0543659246906659,-0.0294696257054974,-0.0316403051309824,-0.0186394808917361,-0.0186590584003783,-0.0187234694350053,-0.0425016539683704,-0.0224411098855785,-0.0237607822082191
-0.0374206844631704,-0.0377220026262198,-0.0381649184779792,-0.0804597307497807,-0.0471716516821409,-0.0506982652000656,-0.0244573861888686,-0.0244911759062661,-0.0246405925359603,-0.0543659246906659,-0.0294715380788333,-0.0317181585914156,-0.018638726417588,-0.0186496807699306,-0.0187415682050529,-0.0425016539683704,-0.0224428702271723,-0.0238218133700104
-0.0375204638872393,-0.0378038625442894,-0.0384727084186256,-0.0804597307497807,-0.047171923624108,-0.0502889594746686,-0.0243900516715859,-0.0244390917234661,-0.0245476867129834,-0.0543659246906659,-0.0294704065543408,-0.0315079411717124,-0.0185617576223984,-0.0186098448387071,-0.0186689693319992,-0.0425016539683704,-0.0224420704098345,-0.0236625753791681
-0.037520477874734,-0.037790496790713,-0.0385382154369322,-0.0804597307497807,-0.0471772670045627,-0.050363947640147,-0.024390045361005,-0.0244315292218841,-0.0245487561693723,-0.0543659246906659,-0.0294656791454381,-0.031515850124605,-0.0185617562958672,-0.0186063911129314,-0.0186805105999406,-0.0425016539683704,-0.0224396547418226,-0.0236801492153923
-0.0376237929214753,-0.0379029558726583,-0.0386815792405006,-0.0804597307497807,-0.0471598385313159,-0.0506427839683388,-0.0244808524080963,-0.0244885972930771,-0.024642612453563,-0.0543659246906659,-0.029454221156684,-0.0317026372315544,-0.0185883540547406,-0.0186257490218807,-0.0187095127306515,-0.0425016539683704,-0.0224305100855581,-0.0238057455992381
-0.037670501455048,-0.0382721592897347,-0.0387936892282522,-0.0804597307497807,-0.0471816203222608,-0.0506950205324667,-0.0243627775239812,-0.0244633195200203,-0.0246410039188547,-0.0543659246906659,-0.0294431494168268,-0.0316960005736367,-0.0185340982203426,-0.0185893230417163,-0.0187504373297865,-0.0425016539683704,-0.0224216598625643,-0.0237967323003199
-0.0379538651053616,-0.0383273385780168,-0.0390363778743335,-0.0804597307497807,-0.0471822637593524,-0.050558807342563,-0.0244583349688336,-0.0245284306000082,-0.0247216093976497,-0.0543659246906659,-0.0294455745964248,-0.0316498779180356,-0.0185706999556207,-0.0186342433875687,-0.0187800685622025,-0.0425016539683704,-0.0224214977189888,-0.0237540943672377
-0.038099785492656,-0.038859422717452,-0.0390809601737908,-0.0804597307497807,-0.0471762229034383,-0.0504840554802433,-0.0244861669925883,-0.024640283962551,-0.024695076191474,-0.0543659246906659,-0.0294470580810824,-0.0316484728894471,-0.0185912517995612,-0.0187089752190831,-0.0187537806502445,-0.0425016539683704,-0.0224239526448953,-0.0237670895219114
-0.0384517535406673,-0.0385330914762788,-0.0388894009070892,-0.0804597307497807,-0.0471778471357609,-0.0506596174865752,-0.0245947227978857,-0.0246074066189071,-0.0246782272044856,-0.0543659246906659,-0.0294491447372083,-0.0318076796290042,-0.0186236813507524,-0.0186766481703296,-0.0187377560022357,-0.0425016539683704,-0.0224239453089552,-0.0238719531283794
-0.0384517535571842,-0.0385295650101568,-0.0388783662905124,-0.0804597307497807,-0.0471823490715031,-0.0509958048636398,-0.0245947227856568,-0.0246053944684964,-0.0246944554028907,-0.0543659246906659,-0.0294516541016688,-0.0320537009981648,-0.0186236813400032,-0.0186759717623764,-0.0187523247320826,-0.0425016539683704,-0.0224238465980136,-0.0240694306701929
-0.0383615543699632,-0.0392664065670461,-0.0392386702527733,-0.0804597307497807,-0.0471794906081645,-0.0508084870775505,-0.024631662731837,-0.024798253151953,-0.0247760442832001,-0.0543659246906659,-0.0294490309450646,-0.0319175022553967,-0.0186308191785731,-0.0187754951489049,-0.0188139571055084,-0.0425016539683704,-0.0224222877185978,-0.023976990053685
-0.0384385956007902,-0.0392666337340962,-0.0392471320001224,-0.0804597307497807,-0.0471813909839359,-0.050761392793913,-0.0246557617799225,-0.0247984341295694,-0.024770377040998,-0.0543659246906659,-0.0294518338017951,-0.0318679433067772,-0.0186413459829331,-0.0187755661256072,-0.0188189026867236,-0.0425016539683704,-0.0224248161224793,-0.0239450893990261
-0.0382802044183494,-0.0389960017185266,-0.0393651986829553,-0.0804597307497807,-0.0471788408064655,-0.0507044853552351,-0.0246143815658778,-0.0247294922678747,-0.0247449579908335,-0.0543659246906659,-0.0294505293336904,-0.0318259366747447,-0.0186855706910039,-0.0187739004517968,-0.0188134976444926,-0.0425016539683704,-0.0224244807366282,-0.0239213595946474
-0.0382648818158054,-0.0391823492980906,-0.0393857261307216,-0.0804597307497807,-0.0472164138829744,-0.0507444920666228,-0.0246678274179862,-0.0248289351505321,-0.0247893361532728,-0.0543659246906659,-0.0294588325668937,-0.0318656665184277,-0.0187420088919695,-0.0187920219758391,-0.0187961781760762,-0.0425016539683704,-0.0224213963654678,-0.0239333551834096
-0.0382606751474254,-0.0392328973936029,-0.0395471044502571,-0.0804597307497807,-0.0472123586973376,-0.0506829370052423,-0.0246674824829371,-0.0248391593382293,-0.0248102612249152,-0.0543659246906659,-0.0294564498751104,-0.0318215219908037,-0.018742069714417,-0.0187980583782245,-0.0188158559665852,-0.0425016539683704,-0.022419187087494,-0.0239123442059293
-0.0383522874059802,-0.0390917123368633,-0.0392032278406373,-0.0804597307497807,-0.0472118478471364,-0.0507857313976925,-0.0246918527693425,-0.0248361714695487,-0.0247904858928015,-0.0543659246906659,-0.0294560734891042,-0.0318481306139039,-0.0187440956567835,-0.0187964112113152,-0.0187980041101964,-0.0425016539683704,-0.0224187678540085,-0.0239283223970201
-0.0381456753433496,-0.0387676304215211,-0.0391868150819972,-0.0804597307497807,-0.0472142913080484,-0.0509476870024462,-0.0246248397973432,-0.0248180298553444,-0.0247547456719893,-0.0543659246906659,-0.0294574382208069,-0.0319403126414324,-0.0187267921910915,-0.0187933412943462,-0.018813610474721,-0.0425016539683704,-0.0224175815583598,-0.0240028624531666
-0.0385310315437836,-0.0395126120752643,-0.0399644191989077,-0.0804597307497807,-0.04722009382865,-0.050953148722374,-0.0246895057010211,-0.0248255128931056,-0.0249516650008484,-0.0543659246906659,-0.0294638795697316,-0.0319382610318788,-0.0187468501299273,-0.018803433892743,-0.0188920362513715,-0.0425016539683704,-0.0224211470669229,-0.0239936256331548
-0.0389857604660035,-0.0394796961651515,-0.0402849439368021,-0.0804597307497807,-0.0472225424801842,-0.0509796582429529,-0.0246667197183035,-0.0247829231317816,-0.0249535556729445,-0.0543659246906659,-0.0294678367010119,-0.0319699154478568,-0.018724392493673,-0.0187889446978155,-0.0188973101803692,-0.0425016539683704,-0.0224210995754686,-0.0240055604633014
-0.0389756892995244,-0.0392795369500136,-0.0400450518653909,-0.0804597307497807,-0.0472245351903834,-0.0507711642007065,-0.0246421693376227,-0.0247414236861289,-0.0249229668142506,-0.0543659246906659,-0.0294625065980416,-0.0318570685554738,-0.0187240718700055,-0.0187650289912433,-0.0188974946236615,-0.0425016539683704,-0.0224193293583577,-0.0239364367479236
-0.0389594138935919,-0.0395404815802115,-0.0400024447852487,-0.0804597307497807,-0.0472295905400491,-0.0505499598699274,-0.0246308201964066,-0.0247877615847931,-0.0249023946334867,-0.0543659246906659,-0.0294619081188121,-0.0317092661896945,-0.0187161849393027,-0.0187726217506609,-0.018877233256894,-0.0425016539683704,-0.02241880819914,-0.0238465991845594
-0.0384626447077814,-0.0391648800495644,-0.0403775938394082,-0.0804597307497807,-0.0472576312116769,-0.0506305677723687,-0.0245635309356344,-0.024713826786428,-0.0249297764953028,-0.0543659246906659,-0.0294641645829807,-0.0317673387203833,-0.018677956855472,-0.0187384948482733,-0.0189298221539575,-0.0425016539683704,-0.0224189231122747,-0.0238900691804281
-0.0385263882037062,-0.0388891025622704,-0.040308197441166,-0.0804597307497807,-0.047257892006408,-0.0504672947754519,-0.024606382238037,-0.0247022838042673,-0.02495956971568,-0.0543659246906659,-0.0294659839254384,-0.0316738727371843,-0.018692538273586,-0.0187473722276037,-0.0189372256451027,-0.0425016539683704,-0.0224194937002099,-0.0238310316225367
-0.0382931406228695,-0.0386397345017358,-0.0401399388227724,-0.0804597307497807,-0.0472571313142402,-0.0506353069477451,-0.0246120465334049,-0.0247124029458238,-0.0250068142687399,-0.0543659246906659,-0.0294670655627418,-0.031782788951097,-0.0187191316932513,-0.0187693431641714,-0.0189144602329831,-0.0425016539683704,-0.0224187828869153,-0.0239094205934054
-0.0382191052694163,-0.0388224720867328,-0.0394705061590311,-0.0804597307497807,-0.0472546849920489,-0.0506737218441191,-0.0246184550037779,-0.0247364498577308,-0.0248870648048533,-0.0543659246906659,-0.0294640559211868,-0.0317866640744985,-0.0187252442212443,-0.0188002289945887,-0.0188968220677334,-0.0425016539683704,-0.0224183272535631,-0.0238954201265492
-0.0381936741985371,-0.0387855333571643,-0.0396060870480515,-0.0804597307497807,-0.0472436181704763,-0.0507071656181406,-0.0244947705080655,-0.0247110770919341,-0.024906865858399,-0.0543659246906659,-0.0294656989861679,-0.0318587514176641,-0.0186721112915895,-0.0187879649950631,-0.0188507561760088,-0.0425016539683704,-0.0224185184719738,-0.0239457654987444
-0.0382050807615676,-0.0389088057894918,-0.0394147784339949,-0.0804597307497807,-0.0472416805974732,-0.050491556407549,-0.0244850087248711,-0.0246785553464685,-0.0248076002884665,-0.0543659246906659,-0.0294632840696128,-0.0317408495774277,-0.0186808899097312,-0.0187753921820059,-0.0188270355353728,-0.0425016539683704,-0.0224190589964473,-0.0238621509791787
-0.0381507649012306,-0.0383481658859377,-0.0391619225723048,-0.0804597307497807,-0.0472397463693979,-0.0500344926163525,-0.0244325838497148,-0.0245296051332959,-0.0247648419179976,-0.0543659246906659,-0.029468016895609,-0.0314673917966114,-0.0185866958522068,-0.0186535917255094,-0.0188034399238205,-0.0425016539683704,-0.0224192180894923,-0.0236830817957542
-0.038827698144286,-0.0386767549470098,-0.0401479384141871,-0.0804597307497807,-0.0472462242944199,-0.0498180589682955,-0.0246421656487356,-0.0246903850039824,-0.024918126916838,-0.0543659246906659,-0.0294773868297084,-0.0313640948348366,-0.0187447885595443,-0.0187750544410608,-0.0189044250815148,-0.0425016539683704,-0.0224266149090456,-0.0236237246107355
-0.0387466042341562,-0.0386884881744319,-0.0400981864797709,-0.0804597307497807,-0.0472462561821861,-0.0497020536250188,-0.0246409230598603,-0.0246942670093851,-0.0249148038584231,-0.0543659246906659,-0.0294774282898582,-0.0312989585322823,-0.0187414022432526,-0.0187759104226179,-0.0189003948753618,-0.0425016539683704,-0.0224266046424312,-0.0235932195447257
-0.0385993988693244,-0.0386380833890528,-0.0396228427196315,-0.0804597307497807,-0.0472480720668974,-0.0497241177168544,-0.0244811453962372,-0.0246469654249139,-0.024812390587454,-0.0543659246906659,-0.0294780156225024,-0.0312849378497499,-0.0186968252809844,-0.0187480527113317,-0.0188577047600167,-0.0425016539683704,-0.022426948289077,-0.0235912879570893
-0.0385994004409042,-0.0386820634235783,-0.0396582148954094,-0.0804597307497807,-0.0472519345226942,-0.049793320350381,-0.0244811474888248,-0.0246566799775274,-0.0248165114394982,-0.0543659246906659,-0.0294826660838665,-0.0313678243469604,-0.0186968239982899,-0.0187552529044279,-0.0188529932931547,-0.0425016539683704,-0.0224288489724492,-0.0236305444423457
-0.0387216799403757,-0.0392751814448443,-0.0392640068852703,-0.0804597307497807,-0.0472526695050939,-0.0498098859225547,-0.024540238696874,-0.0248103254554458,-0.0248885153370155,-0.0543659246906659,-0.0294768530349377,-0.0314327275461202,-0.0186654777760689,-0.0188174059798352,-0.0188768716885315,-0.0425016539683704,-0.0224261670589192,-0.0236682461188668
-0.0387824373235901,-0.0390225494625316,-0.0392437104910399,-0.0804597307497807,-0.0472499042491235,-0.049911887172562,-0.024571190410995,-0.0246834765768705,-0.0248169969748661,-0.0543659246906659,-0.0294745686492502,-0.0314725988858687,-0.0187399470404271,-0.0187961450705125,-0.0188841045571823,-0.0425016539683704,-0.0224245297419055,-0.0236925948766236
-0.0386978560898119,-0.0389016744565101,-0.0393056150305109,-0.0804597307497807,-0.0472503145590444,-0.0496024621388872,-0.0245259163278277,-0.0246452096496887,-0.0248380026007002,-0.0543659246906659,-0.0294721399868296,-0.0312913531282357,-0.01872023149314,-0.0187849061473929,-0.0188984980188593,-0.0425016539683704,-0.0224209519819817,-0.023537108063915
-0.0387800916323324,-0.0389663306248017,-0.039218317977924,-0.0804597307497807,-0.0472512044348478,-0.0495070088589846,-0.0245905923211607,-0.0247017565852684,-0.0246850906774709,-0.0543659246906659,-0.029472832842164,-0.0312119954738679,-0.0187351709971058,-0.0188153254315886,-0.0188438532393091,-0.0425016539683704,-0.0224221009065221,-0.0234859110235346
-0.0388425338774673,-0.0389547395417188,-0.0390735851155977,-0.0804597307497807,-0.0472308184074256,-0.0497389124382587,-0.0245720393879965,-0.0246254285131531,-0.0246552960970327,-0.0543659246906659,-0.0294706963068497,-0.0313206391793451,-0.0187107567612474,-0.0187265997720502,-0.018802050610936,-0.0425016539683704,-0.0224204539502886,-0.0235761780718887
-0.0389499802113411,-0.0393343688782104,-0.0393535986304719,-0.0804597307497807,-0.04724495560724,-0.0497000624511882,-0.0246937319167774,-0.0247510688551659,-0.0247641989400522,-0.0543659246906659,-0.0294805043752656,-0.0312938906210937,-0.0187096959826242,-0.0187747414470374,-0.0188394868064424,-0.0425016539683704,-0.0224231708721444,-0.0235407012296091
-0.038772965404448,-0.0392778786100412,-0.0396126234288268,-0.0804597307497807,-0.0472260460940339,-0.0496457185308628,-0.0246273316658481,-0.0246789139872758,-0.0247923735196594,-0.0543659246906659,-0.0294813773305312,-0.0312603914329858,-0.0187316237079224,-0.0187664876464636,-0.01885655466182,-0.0425016539683704,-0.0224250450219601,-0.0235080947909221
-0.038798700351839,-0.0392104540201305,-0.0395553559098458,-0.0804597307497807,-0.0472203361466076,-0.0496805585019017,-0.0246278606635638,-0.0247047840655658,-0.0247665109966974,-0.0543659246906659,-0.0294682830836998,-0.0313363006470154,-0.0187259375767162,-0.0188117610567132,-0.0188610381451223,-0.0425016539683704,-0.0224666240555618,-0.0236079771991016
-0.0383124174372676,-0.0385913644808734,-0.039240093091801,-0.0804597307497807,-0.0472215039190013,-0.0496849934785009,-0.0244770679442675,-0.0246249158581231,-0.0247270975582894,-0.0543659246906659,-0.0294723331558642,-0.0313472865116189,-0.0186534104962921,-0.0187653595577748,-0.0188264499066924,-0.0425016539683704,-0.0224683948630565,-0.023632223668573
-0.0383118939455989,-0.0385917389073174,-0.039254826132118,-0.0804597307497807,-0.0472214932867294,-0.0497713704992198,-0.0244766392345525,-0.0246249739747189,-0.0247372304322243,-0.0543659246906659,-0.0294722880090355,-0.0313732770328804,-0.0186536908701554,-0.0187654492315251,-0.0188277297043115,-0.0425016539683704,-0.0224683898319931,-0.0236359683298622
-0.038603563510821,-0.038814466069813,-0.039213702793932,-0.0804597307497807,-0.0472183938322061,-0.0496556557798725,-0.0245737099007139,-0.024678284831974,-0.0247323560543958,-0.0543659246906659,-0.0294843376616878,-0.0312685189184576,-0.0187244890671371,-0.0188029575742392,-0.0188381677187836,-0.0425016539683704,-0.0224809220934153,-0.0235517399736021
-0.0385390698102148,-0.0386919797938853,-0.0389374576702749,-0.0804597307497807,-0.0472174720164815,-0.0496483955911274,-0.02451704754272,-0.0245899283032743,-0.0246472919520127,-0.0543659246906659,-0.0294856876078145,-0.0312520681576532,-0.018692432475709,-0.0187537248689449,-0.018798548647146,-0.0425016539683704,-0.0224815643890655,-0.0235325170104987
-0.0386579321127867,-0.0388790022493724,-0.0393567087252566,-0.0804597307497807,-0.047214915582253,-0.0496527650551193,-0.0244909116533687,-0.0246107583665848,-0.0247463573644857,-0.0543659246906659,-0.0294846195721156,-0.0312415355698202,-0.0186688970830983,-0.0187596212751102,-0.018822530211426,-0.0425016539683704,-0.0224807752364913,-0.0235141005207177
-0.0386566784474518,-0.0388174914711585,-0.0393828677115103,-0.0804597307497807,-0.0472123328859701,-0.0497282230305473,-0.0244902087383061,-0.0245932066358991,-0.0247593876479534,-0.0543659246906659,-0.0294868803072368,-0.0312878140850041,-0.0186684517754147,-0.0187461821833043,-0.0188333236726772,-0.0425016539683704,-0.0224821759389631,-0.0235527717599658
-0.0387864155022815,-0.0388953789199855,-0.0393161342112942,-0.0804597307497807,-0.0472102895875816,-0.0497054559727828,-0.0244685430569096,-0.0245779665274154,-0.0247676690285786,-0.0543659246906659,-0.029479333608878,-0.0312688017651161,-0.0187010405167127,-0.0187651091255726,-0.0188330380328033,-0.0425016539683704,-0.0224776764621,-0.0235352763866696
-0.0389382144525964,-0.0392486461854579,-0.0394630007372502,-0.0804597307497807,-0.0472200567809182,-0.0496401382719778,-0.0244729674947659,-0.0246573501413534,-0.0247676032505483,-0.0543659246906659,-0.0294805191689319,-0.0312294248141717,-0.0186730353758859,-0.0187895880297056,-0.0188247755782485,-0.0425016539683704,-0.0224877945196304,-0.0235144945483496
-0.0389381464346527,-0.0392231873906745,-0.0394033611191896,-0.0804597307497807,-0.0472193810839746,-0.0495620299602111,-0.024472956465329,-0.0246499325896756,-0.0247462104935379,-0.0543659246906659,-0.0294775872025257,-0.0312115825773249,-0.0186730249804849,-0.0187822077208897,-0.0188163762011406,-0.0425016539683704,-0.0224855192268881,-0.023526152484104
-0.0389869365752997,-0.0391957442511653,-0.039199376553467,-0.0804597307497807,-0.0472255609882244,-0.0496896616808216,-0.0245091617828815,-0.0246353488368041,-0.0247043773305482,-0.0543659246906659,-0.0294737377938182,-0.0313068112997616,-0.0186988150679575,-0.018790621517494,-0.0188173629594857,-0.0425016539683704,-0.0224831548314625,-0.0235749902374415
-0.0390006471030558,-0.0390576048527621,-0.0394416120971939,-0.0804597307497807,-0.0472223255849797,-0.0497017381405523,-0.0245544390261768,-0.0246478245461316,-0.0248069809720936,-0.0543659246906659,-0.0294725110235908,-0.0312790089831019,-0.0187146261840168,-0.0187738971496345,-0.0188351116081081,-0.0425016539683704,-0.0224813872262673,-0.0235444904707686
-0.0390007145886145,-0.0391224704186543,-0.0394708704333325,-0.0804597307497807,-0.0472225565359063,-0.0494937560711676,-0.0245544697195248,-0.0246250387446018,-0.0248178059455236,-0.0543659246906659,-0.0294717890496661,-0.0311700131363412,-0.0187146522697552,-0.0187723651948084,-0.0188391389616076,-0.0425016539683704,-0.022480624514555,-0.0234779537101188
-0.0389049384158444,-0.0389969325328097,-0.0388847041610373,-0.0804597307497807,-0.0472189790813737,-0.0494061763024399,-0.0244884678387382,-0.0245759991518228,-0.024672747831434,-0.0543659246906659,-0.0294829469550179,-0.0311217153519462,-0.0186737535821922,-0.0187381798029113,-0.018766684455319,-0.0425016539683704,-0.0224848006147177,-0.0234427010884618
-0.0389049397116343,-0.0390096466672603,-0.0389896702473627,-0.0804597307497807,-0.0472246187917947,-0.0493309129060828,-0.0244884682350461,-0.0245774514068343,-0.0247197180827631,-0.0543659246906659,-0.0294808243192913,-0.0310757725173526,-0.0186737534033103,-0.0187396260908026,-0.0187921122239917,-0.0425016539683704,-0.0224845580227804,-0.0234053095157283
-0.0389049058759442,-0.039009660916038,-0.039014496892183,-0.0804597307497807,-0.0472284154414071,-0.0494468669365899,-0.0244884596098746,-0.0245763841730736,-0.0247222080026557,-0.0543659246906659,-0.0294837150244384,-0.0311788761476793,-0.0186737475663615,-0.0187386154691755,-0.0188050730823626,-0.0425016539683704,-0.022486350639302,-0.0234732487400782
-0.0389691253876458,-0.0390971449442019,-0.0392274618214635,-0.0804597307497807,-0.0472287270057746,-0.0493313329262599,-0.0245550724181709,-0.0246041662492452,-0.0247272162094792,-0.0543659246906659,-0.0294834002223795,-0.03111204083487,-0.0187155749850493,-0.0187453574291224,-0.0188141597699886,-0.0425016539683704,-0.0224861654571504,-0.0234381883405075
-0.0389561972332855,-0.0390423620245882,-0.0392521048150032,-0.0804597307497807,-0.0472266412055337,-0.0493907729828424,-0.0245525840119032,-0.0245824917091997,-0.0247642808483666,-0.0543659246906659,-0.029483311560387,-0.0311701200099482,-0.0187148270816126,-0.0187429300492861,-0.0188233424709278,-0.0425016539683704,-0.0224866205661723,-0.0235029381053263
-0.0386255146320073,-0.0390215814599851,-0.0391433654764201,-0.0804597307497807,-0.0472235275343935,-0.0495465519642436,-0.0244569210553745,-0.024656787868171,-0.0247604763167859,-0.0543659246906659,-0.0294836720378547,-0.031286667150439,-0.0186680844183831,-0.0187568764166991,-0.0187924611431635,-0.0425016539683704,-0.0224880518598749,-0.0235742677821528
-0.0385996446189645,-0.0390599894982185,-0.0390631620306269,-0.0804597307497807,-0.0472201493802189,-0.049694617191214,-0.0244574781811657,-0.0246729621270002,-0.0247402834437469,-0.0543659246906659,-0.0294839313934455,-0.0313752893726425,-0.0186682540587521,-0.0187639563265053,-0.0187925598414253,-0.0425016539683704,-0.0224887345427224,-0.0236265878647203
-0.0385728374953284,-0.0389895449674356,-0.0393305760927261,-0.0804597307497807,-0.0472177237919034,-0.0497904406578216,-0.0244407270354214,-0.0246484199898679,-0.0248285019351746,-0.0543659246906659,-0.0294958479551429,-0.0313687959408921,-0.0186939739347719,-0.0188059481032608,-0.0188684681475923,-0.0425016539683704,-0.022513067310509,-0.0236426716075456
-0.0388040604788463,-0.038879156929679,-0.0395717354463868,-0.0804597307497807,-0.0472126184082392,-0.0500159878593648,-0.0245043748972787,-0.024568017340404,-0.0249061135303593,-0.0543659246906659,-0.029493966397289,-0.031477773788883,-0.0187316268746433,-0.0187453455348591,-0.0189318593563524,-0.0425016539683704,-0.0225125369223696,-0.0237373882729719
-0.0385125893372616,-0.0389575067065102,-0.0392614383662006,-0.0804597307497807,-0.0472153602312932,-0.0500794222187092,-0.0244481602320491,-0.0246262224185791,-0.0248184831902055,-0.0543659246906659,-0.029493459351293,-0.0314397996244083,-0.0186756347531463,-0.0187516794335885,-0.0188442759073179,-0.0425016539683704,-0.0225122148499415,-0.0237262114980428
-0.0385206883848066,-0.0389498928205397,-0.0392631810533756,-0.0804597307497807,-0.0472521923493776,-0.0499206933128884,-0.0244433518614854,-0.0246256551600394,-0.0248158882778667,-0.0543659246906659,-0.0295098514748314,-0.0313804502299889,-0.0186680127241737,-0.0187469975903709,-0.0188468713028195,-0.0425016539683704,-0.0225166923725855,-0.0236477338087365
-0.0386507693717312,-0.0390456598694447,-0.0392868224544686,-0.0804597307497807,-0.0472527044169912,-0.0500886668522296,-0.0244927855985876,-0.0246749058348938,-0.0248346672349103,-0.0543659246906659,-0.0295115765777973,-0.0314761479230451,-0.0186924921574506,-0.0187702429943145,-0.0188725833096104,-0.0425016539683704,-0.0225173116667839,-0.0237174757539786
-0.0387170709196116,-0.0388794531569626,-0.0392536263601371,-0.0804597307497807,-0.0472686203730632,-0.0498725587010767,-0.0245157653925805,-0.0246647987757973,-0.0248185512596311,-0.0543659246906659,-0.0295030082596664,-0.0313558715317333,-0.0187028582302751,-0.0187869975498244,-0.0188538943961291,-0.0425016539683704,-0.0225118741102476,-0.0236482008760914
-0.0383956048280376,-0.0388722905823333,-0.0390432622023096,-0.0804597307497807,-0.0472675010872361,-0.0501061904833027,-0.0244801087775617,-0.0245964771546242,-0.0247711877771725,-0.0543659246906659,-0.0294992264349857,-0.031416494981989,-0.0186592500271874,-0.0187180989120035,-0.018833194136899,-0.0425016539683704,-0.022510747779477,-0.0237080909409595
-0.0383955169660714,-0.0387232902647685,-0.0390327181625931,-0.0804597307497807,-0.0472662330696188,-0.0500302417600196,-0.0244801057263252,-0.0245687039382898,-0.0247690726227097,-0.0543659246906659,-0.0294991180245691,-0.0313799928451804,-0.0186592463470335,-0.018698332438466,-0.0188300639773101,-0.0425016539683704,-0.0225105360709466,-0.0236622653274697
-0.0384060758609019,-0.0388312030822518,-0.0390772012848229,-0.0804597307497807,-0.0472647161346337,-0.0499489382513864,-0.0244809825265241,-0.0245971227951998,-0.0247769461406626,-0.0543659246906659,-0.0294990479655907,-0.0313300730529689,-0.0186598428862091,-0.018715397101636,-0.0188313636884372,-0.0425016539683704,-0.0225100897068464,-0.0236367270992416
-0.0384061135905018,-0.0389104627266889,-0.0391816507888809,-0.0804597307497807,-0.0472632131498964,-0.0500387482888563,-0.0244809767386219,-0.0246071208603354,-0.0248020844104567,-0.0543659246906659,-0.0295026914221324,-0.031350763433087,-0.0186598424289124,-0.0187228591171908,-0.0188435282311235,-0.0425016539683704,-0.0225122938396311,-0.023655196491486
-0.0384878802428052,-0.0385602760652433,-0.0387687788574133,-0.0804597307497807,-0.0472477809674044,-0.0498995032031353,-0.0244936785443955,-0.0245560137057574,-0.0246743482481772,-0.0543659246906659,-0.0294944566859256,-0.0312475561714811,-0.0186727266094681,-0.0187252753327756,-0.0187673559818619,-0.0425016539683704,-0.0225031812303098,-0.0235690581799994
-0.0383631113616169,-0.0387040527700063,-0.0387278859805633,-0.0804597307497807,-0.0473559840285287,-0.0495727413230928,-0.0246963269368457,-0.0248444587982203,-0.0249746813999727,-0.0543659246906659,-0.0296632551947651,-0.0312510910798047,-0.0188398172268095,-0.0189174638762825,-0.0189717835568318,-0.0425016539683704,-0.0226627147814705,-0.023600679250678
-0.0384112963845974,-0.0385831742730832,-0.0388310737086247,-0.0804597307497807,-0.0473609337271085,-0.0494316760338653,-0.0247240191384476,-0.0248373146580229,-0.0250476983358215,-0.0543659246906659,-0.0296682650081096,-0.0311613864688272,-0.0188608620050452,-0.018903730033141,-0.018996525394678,-0.0425016539683704,-0.0226662455271561,-0.023552186121531
-0.0381323944144538,-0.0384621517573215,-0.0387481876014524,-0.0804597307497807,-0.0473585510402417,-0.0492044322245635,-0.024696280359926,-0.0249088859158802,-0.0250514224659422,-0.0543659246906659,-0.0296666604251811,-0.0310279984144099,-0.0188473829950279,-0.0189618318049697,-0.0190045006424145,-0.0425016539683704,-0.0226663631702914,-0.0234649150954043
-0.0381323939391105,-0.0384576835000633,-0.0387362141728126,-0.0804597307497807,-0.0473741358802193,-0.0492165007459774,-0.0246962802270587,-0.0249088511761546,-0.0250585750814678,-0.0543659246906659,-0.0296707321165322,-0.0310044902721184,-0.0188473828496082,-0.0189614109038117,-0.0190121089109218,-0.0425016539683704,-0.0226674423939872,-0.0234531505222967
-0.0381081895197883,-0.0385093968286908,-0.0387833511278658,-0.0804597307497807,-0.0473762159329421,-0.049299064672303,-0.0247322244366242,-0.0249484380287691,-0.0250705910308588,-0.0543659246906659,-0.0296718573455958,-0.031040860964252,-0.0188559721559199,-0.0189530926070223,-0.0190175930341439,-0.0425016539683704,-0.0226680911036182,-0.0234760714051249
-0.0381696865944547,-0.0385494943221134,-0.0390341395020458,-0.0804597307497807,-0.0473970945988992,-0.0493625626604593,-0.0247279937828844,-0.0249709586001871,-0.0251169890375035,-0.0543659246906659,-0.0296684306442213,-0.0310319683532905,-0.018852541999315,-0.0189582726073428,-0.019044737113346,-0.0425016539683704,-0.0226691403180778,-0.023465305692851
-0.0385137893198577,-0.0386569275611066,-0.0392794075406721,-0.0804597307497807,-0.0473919124188292,-0.0493792733185528,-0.0247346137006864,-0.0249510967008047,-0.0251609896331196,-0.0543659246906659,-0.0296676941361689,-0.0310415253711539,-0.0188458128155463,-0.018948208572433,-0.0190865859033174,-0.0425016539683704,-0.0226679142625387,-0.0234776870966918
-0.0384182964181588,-0.038538196823075,-0.039111611677237,-0.0804597307497807,-0.0473925096222991,-0.0494809334221157,-0.0247467676446222,-0.0249186943885966,-0.0250811788086015,-0.0543659246906659,-0.0296675842869709,-0.0311254759117219,-0.0188745049896197,-0.0189616420149759,-0.0190357422087153,-0.0425016539683704,-0.0226674652181734,-0.0235358039440879
-0.0384199092510514,-0.0386726948999637,-0.0389767273967927,-0.0804597307497807,-0.0473931834366527,-0.0493101084128123,-0.0246891006757447,-0.0249314097223473,-0.0249862915125395,-0.0543659246906659,-0.029672140797627,-0.0310313749744035,-0.0188643206147965,-0.018975491444907,-0.018973636290947,-0.0425016539683704,-0.0226746293594933,-0.0234765632987922
-0.0385968158997074,-0.0389759713575814,-0.0398103880048667,-0.0804597307497807,-0.0473926150944599,-0.0491674462330903,-0.0247364172487139,-0.0249470125654197,-0.0250728187245743,-0.0543659246906659,-0.0296706361245643,-0.0309228172646365,-0.0189098323864296,-0.0189912298439023,-0.0190517858557465,-0.0425016539683704,-0.0226738844236734,-0.0234124565252094
-0.0385129605559807,-0.0387163988604862,-0.0397067014317402,-0.0804597307497807,-0.0473999318993892,-0.049234830867312,-0.0247789974371429,-0.0248258821224263,-0.0250250011903253,-0.0543659246906659,-0.0296722512889082,-0.0309835815643547,-0.0189063250764056,-0.0189417858687199,-0.0190528007839983,-0.0425016539683704,-0.0226769824983763,-0.0234633797341698
-0.0385643187137305,-0.0387316042427588,-0.0397952087031199,-0.0804597307497807,-0.0473989730024867,-0.0493078114036742,-0.0247800156029626,-0.0248692832619459,-0.0250632717485268,-0.0543659246906659,-0.029665387822711,-0.0310230042920149,-0.0189017598229686,-0.0189527793610842,-0.0190664534559475,-0.0425016539683704,-0.0226781484802061,-0.0235056034523622
-0.0385574428875597,-0.0387383903759001,-0.0396906062767929,-0.0804597307497807,-0.047392764614645,-0.0492616818113169,-0.0247654909691437,-0.0248724729481181,-0.0250126212620609,-0.0543659246906659,-0.029665203105821,-0.0310293003459224,-0.0188949322224823,-0.0189546564268789,-0.0190376749273155,-0.0425016539683704,-0.0226795909445214,-0.0235208372708826
-0.0384876709445422,-0.0390541032348438,-0.0398557416203486,-0.0804597307497807,-0.0473954962687759,-0.0492261122760979,-0.0247020561431655,-0.0248903807833943,-0.025036605023728,-0.0543659246906659,-0.0296621734257646,-0.0310231607323892,-0.0188850194212526,-0.0189975836899085,-0.0190539868010196,-0.0425016539683704,-0.0226767396078206,-0.0235100784553758
-0.0384136154060346,-0.0388021518096689,-0.0397077975082672,-0.0804597307497807,-0.0473901873272514,-0.0491931722200439,-0.0246471366770039,-0.0248463117623242,-0.0249354941620435,-0.0543659246906659,-0.0296561654903982,-0.0310145521342672,-0.0188683749910547,-0.0189580348520544,-0.0190177731297696,-0.0425016539683704,-0.0226723262203172,-0.0235074697370813
-0.0388599386998937,-0.0388933235235792,-0.0399894459445531,-0.0804597307497807,-0.0473903340920485,-0.0492067242675999,-0.0247597911551585,-0.0248484328102113,-0.0249919090475765,-0.0543659246906659,-0.0296569788955481,-0.0310176044215646,-0.0189498728445896,-0.0189595494270853,-0.0190664225011601,-0.0425016539683704,-0.0226729809445315,-0.0235077434072833
-0.0388392809214456,-0.0388975776828269,-0.03982301348103,-0.0804597307497807,-0.0473901261897735,-0.0492345311460143,-0.0247496194214882,-0.0248451825461081,-0.0249332658656166,-0.0543659246906659,-0.0296573971591456,-0.0310279083611413,-0.018944807913319,-0.0189583676758544,-0.0190407892401448,-0.0425016539683704,-0.022671819295303,-0.0235062627124294
-0.038734299132407,-0.039047256335531,-0.0399497140566576,-0.0804597307497807,-0.0473928360365682,-0.049031025713734,-0.0248431004693929,-0.0248455252170054,-0.0249948371353463,-0.0543659246906659,-0.0296616009601463,-0.0308850151031036,-0.0189584795703559,-0.0189842515401738,-0.019074974691506,-0.0425016539683704,-0.0226757083502799,-0.023414844020624
-0.0388561110754258,-0.0391560728628866,-0.0398541334498507,-0.0804597307497807,-0.0473891284898106,-0.0490736200486638,-0.0248512668583028,-0.0248819055490629,-0.0250219723998676,-0.0543659246906659,-0.0296570393870213,-0.0309529568043889,-0.0189740981509167,-0.0189898829088242,-0.0190816407799848,-0.0425016539683704,-0.0226741474210206,-0.0234662586098046
-0.0388872903381978,-0.039329353581233,-0.0399183574813573,-0.0804597307497807,-0.0473899498893493,-0.0490349581089299,-0.0248974904110066,-0.0249483859179978,-0.0250487094679809,-0.0543659246906659,-0.0296584432418575,-0.0309481543274182,-0.019046779837676,-0.0190819242098774,-0.0191264070873625,-0.0425016539683704,-0.0227246860376956,-0.0235104560228474
-0.0387881199142438,-0.0393030640978014,-0.0397697369753812,-0.0804597307497807,-0.0473847811264986,-0.0490034877081903,-0.0247800335678751,-0.0248948533170097,-0.0250201365478566,-0.0543659246906659,-0.0296738504069606,-0.030911749323031,-0.019001658979004,-0.019062448370881,-0.0190984537726361,-0.0425016539683704,-0.0226874457926571,-0.0234344382188712
-0.039164243874649,-0.039514157842418,-0.0397690654740251,-0.0804597307497807,-0.0473842846993267,-0.0489331171467414,-0.0249183685521707,-0.024919261113818,-0.0249868755695758,-0.0543659246906659,-0.0296734542986976,-0.0308669156046651,-0.0190482539912726,-0.0190741644607736,-0.0191036991512224,-0.0425016539683704,-0.0226874618005733,-0.0234094528149582
-0.0388007661855382,-0.0392926389712217,-0.0394698055396156,-0.0804597307497807,-0.047386003526072,-0.0490153926333714,-0.0248602138118946,-0.024853580754528,-0.0248487261118157,-0.0543659246906659,-0.0296785242075154,-0.0309667864442581,-0.0189819804277633,-0.0190205914049895,-0.0190086985809483,-0.0425016539683704,-0.0226889564005751,-0.0234829262066716
-0.0384088653203051,-0.0392360426213918,-0.0397545022348193,-0.0804597307497807,-0.0473838335849941,-0.0490100055569899,-0.0248922264680737,-0.0248905161349229,-0.024959544014258,-0.0543659246906659,-0.0296818229308635,-0.0309593935531974,-0.0190075684941935,-0.0190140862442007,-0.019055048565722,-0.0425016539683704,-0.0226894935822186,-0.0234815719980998
-0.0391197328594555,-0.0393197451694701,-0.0400610213919688,-0.0804597307497807,-0.0473881573501335,-0.0488916318051962,-0.0249729220870182,-0.0248438324549358,-0.0249183023322148,-0.0543659246906659,-0.0296852627540828,-0.0308996987123376,-0.0190394303134558,-0.0190210719799979,-0.0190821352010699,-0.0425016539683704,-0.0226907665939852,-0.0234335125847209
-0.0391812709728743,-0.0393056626539052,-0.0400798746247781,-0.0804597307497807,-0.0474004998940903,-0.0489042233894314,-0.0248327831755522,-0.0248686533730082,-0.024947866991582,-0.0543659246906659,-0.0296946041822134,-0.0308956311705438,-0.0190097676685603,-0.01909331021645,-0.0191842491997817,-0.0425016539683704,-0.0227164591148739,-0.0234489369916662
-0.0388587211118667,-0.0393649640532237,-0.0399122992490981,-0.0804597307497807,-0.0474217732982974,-0.0489512463942116,-0.0247503735857763,-0.0247984607109196,-0.0250166385522955,-0.0543659246906659,-0.0296863032185498,-0.030951078036154,-0.0190336718017225,-0.0190586533598299,-0.0191888997657372,-0.0425016539683704,-0.0227236204392833,-0.0234798517483642
-0.0387923454236713,-0.0390155677007956,-0.0398846597032286,-0.0804597307497807,-0.04742212741956,-0.0489058635242801,-0.0248421388114479,-0.0249355732417405,-0.0250527777811763,-0.0543659246906659,-0.0296878890097012,-0.030921758144276,-0.0190383928223297,-0.019100348884463,-0.019208070439842,-0.0425016539683704,-0.0227228345805894,-0.0234712622115219
-0.0387705223703593,-0.0390172469856905,-0.0399143805803536,-0.0804597307497807,-0.0474228742154026,-0.0491411343806808,-0.024825602010275,-0.0249329354392661,-0.0250492740696982,-0.0543659246906659,-0.0296881583262249,-0.031044277624119,-0.0190373003546508,-0.0191098254704037,-0.0192018248047513,-0.0425016539683704,-0.0227250854537554,-0.0235502630876403
-0.0388059093021367,-0.0392948086217057,-0.0398554662098454,-0.0804597307497807,-0.0474393667396915,-0.0492341030822923,-0.0248310571841219,-0.0249269254190626,-0.0250360139302047,-0.0543659246906659,-0.0296904995838965,-0.0310790415948708,-0.0190343035341913,-0.0190886092604105,-0.0191855861058097,-0.0425016539683704,-0.0227258271969777,-0.0235635906149647
-0.0387958909580292,-0.039283264695295,-0.0397981162355975,-0.0804597307497807,-0.0474383361175032,-0.0490646791656198,-0.0248314723896065,-0.0249225545245257,-0.0250271657257792,-0.0543659246906659,-0.0296903718587551,-0.0309741465066661,-0.0190331970036886,-0.0190847579318772,-0.0191775416528457,-0.0425016539683704,-0.0227259124226562,-0.0234998427837092
-0.0387933782453286,-0.0397743819641226,-0.0398607807094549,-0.0804597307497807,-0.0474385690625202,-0.0489549311003944,-0.024896098311672,-0.0250202274511271,-0.0250475636614936,-0.0543659246906659,-0.029691002263606,-0.0308750731594437,-0.0190458866795886,-0.0191412761011108,-0.0191888908396237,-0.0425016539683704,-0.0227260855498515,-0.023443941083276
-0.0387930354719296,-0.039804595315812,-0.0400464809676877,-0.0804597307497807,-0.0474360992851422,-0.0489003506502129,-0.0248960630437764,-0.0250171362998033,-0.0250837012235409,-0.0543659246906659,-0.029696770862727,-0.0308535837641266,-0.0190458797867667,-0.01916156806109,-0.0192147942205177,-0.0425016539683704,-0.0227272683095695,-0.0234312105184595
-0.0386461824761044,-0.0393837377112513,-0.0400210037226343,-0.0804597307497807,-0.0474376388444744,-0.048915530540786,-0.0248742389068524,-0.0250111631503614,-0.0251371335811876,-0.0543659246906659,-0.0297007862086873,-0.0308812694897564,-0.0190378035000704,-0.0191502063253774,-0.0192333095155428,-0.0425016539683704,-0.0227270279205579,-0.0234332302075906
-0.0390444284539472,-0.0396302422925551,-0.0402248697324032,-0.0804597307497807,-0.0474258139541291,-0.0489868973050378,-0.024978344825511,-0.0251280034991048,-0.0251480569240911,-0.0543659246906659,-0.0297050764752541,-0.0309039176175846,-0.0190696399491704,-0.0191613636921675,-0.0192534556909192,-0.0425016539683704,-0.0227281645617027,-0.0234462958509912
-0.038763191730342,-0.0394021527258343,-0.0401019292641491,-0.0804597307497807,-0.0474213904571734,-0.0490133986750965,-0.0249774274172023,-0.0250781385272279,-0.0251672124164632,-0.0543659246906659,-0.029706753947229,-0.0309338599130321,-0.0190714195553356,-0.0191363478964029,-0.0192349809865607,-0.0425016539683704,-0.0227276583924581,-0.0234698032064738
-0.0386670224983442,-0.0394106521304736,-0.0401485719897045,-0.0804597307497807,-0.0474204541137378,-0.049054483286913,-0.0249379210101427,-0.0250321051856455,-0.0251331203657064,-0.0543659246906659,-0.0297057972812989,-0.0309687103085998,-0.0190644556506104,-0.0191390114382084,-0.0192309770583178,-0.0425016539683704,-0.0227272695693951,-0.0234927184853404
-0.0385672478468817,-0.0391185473300518,-0.0400254263508187,-0.0804597307497807,-0.0474156634959622,-0.0491228027372616,-0.0248675783168006,-0.0248647499901104,-0.0250260321161969,-0.0543659246906659,-0.0297092398052239,-0.0310018488338522,-0.0190285158197768,-0.0190770500797239,-0.0191632596507242,-0.0425016539683704,-0.0227293869427589,-0.0235145388389067
-0.0388600555280631,-0.0394961350578693,-0.0401099920875722,-0.0804597307497807,-0.0474140754783755,-0.0490182759493782,-0.0248710571608622,-0.0249579902821991,-0.0250671261802544,-0.0543659246906659,-0.0297080252742026,-0.0309602412899428,-0.0190106037320647,-0.0191177228032346,-0.019204298373905,-0.0425016539683704,-0.0227293454578209,-0.023488272675262
-0.0389344137067208,-0.0394603212744786,-0.0399152815751217,-0.0804597307497807,-0.0474186269124372,-0.0490248599314242,-0.0248779441550979,-0.0248903240682111,-0.0249988873471633,-0.0543659246906659,-0.0297065513403533,-0.0309557762863525,-0.0190463676284654,-0.0191217459633167,-0.0191914361417923,-0.0425016539683704,-0.0227277678112623,-0.0234872645725916
-0.0389313844151427,-0.0394635134141183,-0.0398851556185531,-0.0804597307497807,-0.0474200678530164,-0.0490621418604969,-0.0248776040692478,-0.024889897982916,-0.0249928964836208,-0.0543659246906659,-0.029707295075568,-0.0309878921467169,-0.0190460679114933,-0.0191230608681273,-0.0191866104415109,-0.0425016539683704,-0.0227276349255729,-0.0235066999240965
-0.0386473164022113,-0.0401157643944264,-0.0401659827092168,-0.0804597307497807,-0.0474226120145692,-0.0489156625341596,-0.0246775378244814,-0.0249324238888949,-0.025007893763423,-0.0543659246906659,-0.029701227018712,-0.030928477613549,-0.0189215250788258,-0.0191289897867878,-0.0191669379238015,-0.0425016539683704,-0.0227284555972147,-0.023457240564885
-0.0392647252971775,-0.0399368547335995,-0.0402718367562436,-0.0804597307497807,-0.0474276410453978,-0.0489126270551654,-0.0248100031013166,-0.0249951613991285,-0.025028848082057,-0.0543659246906659,-0.0297070816095938,-0.0309384544575258,-0.018996395588739,-0.0191265617577111,-0.0191761818134181,-0.0425016539683704,-0.022731169159455,-0.0234706247908873
-0.0390146458233452,-0.0402754882042993,-0.040618188093723,-0.0804597307497807,-0.0474322011211261,-0.0489116949266992,-0.0249321264021733,-0.0250899860809365,-0.0251532443296198,-0.0543659246906659,-0.0297074764898718,-0.0309097741412963,-0.0190381880377498,-0.0192079872530082,-0.0192536648864636,-0.0425016539683704,-0.0227295344988167,-0.0234592387373533
-0.0391662430645613,-0.0395044369004671,-0.0403104578824776,-0.0804597307497807,-0.0474254839772775,-0.0489206198706958,-0.0249265067032453,-0.0249525050795831,-0.0250810609813447,-0.0543659246906659,-0.0297054471585269,-0.0309408737646689,-0.019031641947037,-0.0190863548397442,-0.0191933952693761,-0.0425016539683704,-0.0227311116586864,-0.0234808940178602
-0.0391627342570114,-0.0395568803136324,-0.0403274473536405,-0.0804597307497807,-0.0474313567896104,-0.049011254676122,-0.0249233935191972,-0.0249717539635798,-0.0250970443328784,-0.0543659246906659,-0.0297053649112384,-0.0310228271252835,-0.0190304303771616,-0.0191091877656245,-0.0191931112164642,-0.0425016539683704,-0.0227319754692551,-0.0235417154081588
-0.0391663165801262,-0.039448930952277,-0.0403020870727571,-0.0804597307497807,-0.0474335506061498,-0.0490976612898087,-0.0249265167325202,-0.0249574226834916,-0.0250882649499314,-0.0543659246906659,-0.0297069013466901,-0.0310386508026911,-0.0190316536669022,-0.0190827586207585,-0.0191933473647259,-0.0425016539683704,-0.0227332261065156,-0.0235488997978266
-0.0397668053141101,-0.040167422553272,-0.0404064765619824,-0.0804597307497807,-0.047433197845877,-0.0490089410364083,-0.02504235956612,-0.0250353195221197,-0.0250738670315973,-0.0543659246906659,-0.0297042287028289,-0.0309830256966291,-0.0190744142044405,-0.0191452697989444,-0.0191728149799344,-0.0425016539683704,-0.02273049931969,-0.023504921483805
-0.0393338416281281,-0.0397726058759159,-0.0403892959126443,-0.0804597307497807,-0.0474404734136881,-0.0490516454673363,-0.024948254921591,-0.0250066799901775,-0.0250190625207896,-0.0543659246906659,-0.0297002956410505,-0.0309708392175965,-0.019027406683475,-0.0191216339967976,-0.0191552016661478,-0.0425016539683704,-0.022729680517794,-0.0234999019781144
-0.0393340238894486,-0.0397769105480544,-0.0404062272285096,-0.0804597307497807,-0.047438900077115,-0.0489556986225342,-0.0249483146786396,-0.0250063825271413,-0.0250496507783747,-0.0543659246906659,-0.029700933192679,-0.0309407331766589,-0.0190274430593843,-0.0191216157418053,-0.0191598654116659,-0.0425016539683704,-0.0227302462024543,-0.0234734293712482
-0.0395187421762419,-0.039648877216986,-0.0400229978911574,-0.0804597307497807,-0.0474383440340299,-0.0488839017927455,-0.0250803376866165,-0.0250817421574635,-0.0250709145522951,-0.0543659246906659,-0.029703585256264,-0.0308981617254747,-0.0191141498918972,-0.0191460747970548,-0.019165712412485,-0.0425016539683704,-0.0227324252980632,-0.0234480330292216
-0.0394718996578318,-0.0397078598059418,-0.040656895473924,-0.0804597307497807,-0.0474361535509515,-0.0488698321143308,-0.0251033699052645,-0.0251149152550722,-0.0253035648722124,-0.0543659246906659,-0.029704585623093,-0.0308628732400873,-0.0191607173171294,-0.0191576819489323,-0.019304067408091,-0.0425016539683704,-0.0227327775284453,-0.0234216902491016
-0.0399552569017921,-0.0399287380409252,-0.0408127757470746,-0.0804597307497807,-0.0474371617258526,-0.0489116794465301,-0.0251428765557826,-0.0251774599370811,-0.0253446224487477,-0.0543659246906659,-0.0297047952320152,-0.0308780767949343,-0.0191723847830153,-0.0191965516527152,-0.019328697947302,-0.0425016539683704,-0.0227329928094741,-0.023431892325338
-0.039601671936885,-0.039863690707265,-0.0408267010772141,-0.0804597307497807,-0.0474290552787756,-0.0489370237584773,-0.0250092056171808,-0.0251183185828794,-0.0253416815526062,-0.0543659246906659,-0.0297121830505139,-0.0308944672882809,-0.0191300108124574,-0.0191987808381361,-0.0193438462376352,-0.0425016539683704,-0.0227348875928564,-0.0234400966539848
-0.0395915495426497,-0.0398009309036392,-0.0407755934062718,-0.0804597307497807,-0.0474312141486937,-0.0489524601066638,-0.025008985929111,-0.025133806843769,-0.0253205625842724,-0.0543659246906659,-0.0297129472040584,-0.0309137168598589,-0.0191274983341122,-0.0191897627688604,-0.0193265324426429,-0.0425016539683704,-0.0227347926171737,-0.0234491031019126
-0.0395507259949321,-0.0400404879666067,-0.0407088189765244,-0.0804597307497807,-0.0474254529384095,-0.0488699720158519,-0.0249854637291042,-0.0251587975215506,-0.0252737142154148,-0.0543659246906659,-0.0297161178513691,-0.0308641506606764,-0.0191474143096231,-0.0191949694130936,-0.0193027512830864,-0.0425016539683704,-0.0227349089243496,-0.0234196742156858
-0.04044557439556,-0.0406063798823114,-0.0409791963907055,-0.0804597307497807,-0.0474181499850365,-0.0488049109473658,-0.0251645347593335,-0.0251287575332375,-0.0252668984653818,-0.0543659246906659,-0.0297084630630195,-0.0308032312277439,-0.019201406421405,-0.0192145205786276,-0.019328414416527,-0.0425016539683704,-0.0227342010415275,-0.0233811524114087
-0.0402309424844084,-0.0406123716201894,-0.0410551799359649,-0.0804597307497807,-0.0474192347239282,-0.0487736291481438,-0.0251234072925094,-0.0251184771722563,-0.0252571425596636,-0.0543659246906659,-0.029707275208398,-0.03080399586525,-0.0191862551898302,-0.0192020691658068,-0.019328303692251,-0.0425016539683704,-0.0227349724774634,-0.0233741801488124
-0.0402656003766793,-0.0404510079660368,-0.0409701051853243,-0.0804597307497807,-0.0474188072496069,-0.0487914310364754,-0.0251384092207414,-0.0252303109182584,-0.0252749229442212,-0.0543659246906659,-0.0297104190969041,-0.0308186898618435,-0.0191872976260313,-0.0192217596037455,-0.0193403398225839,-0.0425016539683704,-0.0227357833474354,-0.0233769298889042
-0.0402673932823847,-0.040447481832795,-0.0409800774680393,-0.0804597307497807,-0.0474125178541533,-0.0487708493015851,-0.0251296563346146,-0.0252295500819956,-0.0252887084724267,-0.0543659246906659,-0.0297135381793767,-0.0308141265623266,-0.0191825000051684,-0.0192218438942792,-0.0193513567874065,-0.0425016539683704,-0.0227355293843934,-0.0233785726784071
-0.040267397262683,-0.0404486186877363,-0.0409476415223486,-0.0804597307497807,-0.0474095976995628,-0.0487709154225535,-0.0251296018905701,-0.0252297460295647,-0.0252617303575621,-0.0543659246906659,-0.029714610038842,-0.0307978910801079,-0.0191824616436367,-0.0192218465240463,-0.0193304590881267,-0.0425016539683704,-0.022735704191936,-0.0233676778096706
-0.0402961607190526,-0.0404718174658459,-0.0409728130523075,-0.0804597307497807,-0.0474087518793033,-0.0487387259071782,-0.0251621547985552,-0.0251921100569381,-0.025211530018622,-0.0543659246906659,-0.0297151213225501,-0.0307889984854253,-0.0191894414800297,-0.0191943243281953,-0.0192788726829187,-0.0425016539683704,-0.0227356376174763,-0.0233641484226222
-0.0401354839267894,-0.0405729989104922,-0.0409250789303488,-0.0804597307497807,-0.0474153555653996,-0.0486887902871552,-0.0252185285220171,-0.0252426991760228,-0.0251937239900255,-0.0543659246906659,-0.0297158805544455,-0.03075102126898,-0.0192221137127813,-0.0192382390497195,-0.0192539540598228,-0.0425016539683704,-0.022734964409377,-0.0233375674815095
-0.0403996167606522,-0.0405551966484182,-0.0409699147302551,-0.0804597307497807,-0.0473971957277469,-0.0486141074043871,-0.025261214816915,-0.0252389818657614,-0.0252758859938903,-0.0543659246906659,-0.0297130906026902,-0.0307144469575879,-0.0192753062303783,-0.0192355084635514,-0.0192797064075424,-0.0425016539683704,-0.0227352506260445,-0.0232984315168561
-0.040549355696946,-0.0406854537733115,-0.0409525597401273,-0.0804597307497807,-0.0474171015043719,-0.0486462654757245,-0.0252361425130624,-0.0252540238465452,-0.0252662468819357,-0.0543659246906659,-0.0297156085052311,-0.0307113201319888,-0.0192568732673319,-0.0192312404803045,-0.0192647297683995,-0.0425016539683704,-0.0227374018085589,-0.0232958990114428
-0.0405493665732005,-0.0406943618985404,-0.041006712341588,-0.0804597307497807,-0.0474185640892621,-0.0486265716663054,-0.02523612618484,-0.0252516834945741,-0.0252790638481762,-0.0543659246906659,-0.0297194898646648,-0.0306998166069987,-0.0192568748346844,-0.0192269825463732,-0.0192604750476469,-0.0425016539683704,-0.0227399581781375,-0.0232901379388953
-0.0405094147523659,-0.0406767877798875,-0.0409079355558335,-0.0804597307497807,-0.0474154847205262,-0.0486467370496755,-0.0252230735791555,-0.0252870262915214,-0.0252551358854437,-0.0543659246906659,-0.0297178332339489,-0.0307322436631899,-0.0192526169561794,-0.0192447565434276,-0.0192470520317897,-0.0425016539683704,-0.0227391444783096,-0.023312683994247
-0.040309755035895,-0.0404845862097158,-0.0408593930457067,-0.0804597307497807,-0.0474083560494477,-0.0486082884978918,-0.025219146952928,-0.0252552295440047,-0.0252790258120628,-0.0543659246906659,-0.0297219629193586,-0.0306938382876543,-0.0192368975707185,-0.0192168161450844,-0.0192434561755144,-0.0425016539683704,-0.0227426768222489,-0.0232812131776382
-0.0405595171718254,-0.0405320161378201,-0.0409810064717278,-0.0804597307497807,-0.0474145269574541,-0.0486008657493698,-0.0252245353196113,-0.0252566531918481,-0.0252956140191992,-0.0543659246906659,-0.02972363171952,-0.0306967284300168,-0.0192718377307907,-0.0192304439507442,-0.019271064750245,-0.0425016539683704,-0.0227435069039352,-0.0232852465615829
-0.0405595973909753,-0.0405349573987972,-0.0409947938792314,-0.0804597307497807,-0.0474129414257329,-0.0486308429600244,-0.0252245363759344,-0.0252590372659032,-0.025300736310818,-0.0543659246906659,-0.0297334056214983,-0.0307452124288109,-0.0192718333142478,-0.0192313927819469,-0.019278368347051,-0.0425016539683704,-0.0227469704912215,-0.0233190981215048
-0.0400525817652915,-0.0402847690870815,-0.040649103423564,-0.0804597307497807,-0.0474131636620453,-0.04867281322778,-0.0250721983391448,-0.0252154087057763,-0.0252790407232605,-0.0543659246906659,-0.0297346097961354,-0.0307533159094382,-0.0191839986814401,-0.019222144192295,-0.019262813925054,-0.0425016539683704,-0.0227465372109258,-0.0233253819817314
-0.0402790755891729,-0.0404519170027475,-0.0408760565162535,-0.0804597307497807,-0.0474037002534803,-0.0486269460196318,-0.0251420849830682,-0.0252145081872581,-0.0253156764875689,-0.0543659246906659,-0.0297349546575829,-0.0307474042183323,-0.0192327104560627,-0.0192215173445962,-0.0192951873788858,-0.0425016539683704,-0.0227481069753282,-0.0233160538889614
-0.0402790543424426,-0.0404519168858226,-0.0408427529167346,-0.0804597307497807,-0.0474043151902076,-0.0486418313044386,-0.0251420818949416,-0.0252145081698107,-0.0253240160235158,-0.0543659246906659,-0.0297347609395641,-0.0307483166836723,-0.0192327099505072,-0.0192215173111601,-0.0192981170982973,-0.0425016539683704,-0.0227488683456942,-0.0233229095159706
-0.0403738167339489,-0.0404093874560402,-0.0405962655523393,-0.0804597307497807,-0.0474068592507067,-0.0485885821049185,-0.0252262384735532,-0.0252223164759766,-0.0252959382529533,-0.0543659246906659,-0.0297351493160183,-0.0307051319153755,-0.0192807232139913,-0.0192712382171091,-0.019292802210309,-0.0425016539683704,-0.022749138810878,-0.0232928483074934
-0.040358344081465,-0.0404502380791238,-0.0405706611551985,-0.0804597307497807,-0.0474078941164318,-0.0485599354298701,-0.0251778844303976,-0.0252275298498083,-0.0253150138244195,-0.0543659246906659,-0.0297366572406129,-0.0306789837685461,-0.0192775159320435,-0.0192657674916926,-0.0192890727309019,-0.0425016539683704,-0.0227491334718364,-0.0232687305305614
-0.040428777926356,-0.04051252561606,-0.0404497373384488,-0.0804597307497807,-0.0474031689577649,-0.0485674553974502,-0.0252790716953863,-0.0252845239457312,-0.0252916943138957,-0.0543659246906659,-0.0297398173651521,-0.0306791227227907,-0.0193025489844646,-0.0193005514838416,-0.0192935084743966,-0.0425016539683704,-0.0227521166933752,-0.0232702841731726
-0.0404456348700466,-0.0405231237508889,-0.0404210687226535,-0.0804597307497807,-0.0474244769801507,-0.0487094026177051,-0.0252811088154159,-0.0252886976601957,-0.0252902580757196,-0.0543659246906659,-0.0297366421192544,-0.0307561576978294,-0.0193049098339682,-0.0193030047953018,-0.0193011715802761,-0.0425016539683704,-0.0227523032513021,-0.0233244701561376
-0.0401923874514793,-0.0404908249667289,-0.0405903610962221,-0.0804597307497807,-0.0474245222831444,-0.0486757915516417,-0.0251936611900519,-0.0252824310752883,-0.0253002475254169,-0.0543659246906659,-0.0297362807222122,-0.0307430958097259,-0.0192147589843003,-0.019263323756073,-0.019296560372565,-0.0425016539683704,-0.022751930945396,-0.0233183127552771
-0.0401924951703639,-0.0405832178863022,-0.0405841564949583,-0.0804597307497807,-0.0474217537032244,-0.0486900147244603,-0.0251937039718352,-0.0252985465215567,-0.0253014670168097,-0.0543659246906659,-0.0297351759817468,-0.0307415904967404,-0.0192147589171198,-0.0192737791134541,-0.0192969324018396,-0.0425016539683704,-0.0227519316403141,-0.0233146875416465
-0.0405203450522117,-0.0405172133685709,-0.0406101342420696,-0.0804597307497807,-0.0474212172404842,-0.0486774211037124,-0.0251677066185426,-0.0252407795769088,-0.0252556768138045,-0.0543659246906659,-0.0297345323070281,-0.0307349436103859,-0.0192474801558308,-0.0192642326660818,-0.0192952185847089,-0.0425016539683704,-0.0227521672667932,-0.0233207029170529
-0.0405445891337848,-0.040466747439182,-0.0407603523883613,-0.0804597307497807,-0.0474315552959605,-0.0486873103896956,-0.0252676213439156,-0.02527656495885,-0.0253229726456959,-0.0543659246906659,-0.0297372766449861,-0.030749732992197,-0.0193024380828217,-0.019322128020513,-0.0193249216175968,-0.0425016539683704,-0.0227553721370186,-0.0233297710856159
-0.0407620461209121,-0.0409039517055741,-0.0405950667591986,-0.0804597307497807,-0.0474363899205846,-0.0487037001687035,-0.0252717876629302,-0.025275574818661,-0.0252646208599836,-0.0543659246906659,-0.0297373169390064,-0.0307801117776525,-0.0192983031657759,-0.0193343421667149,-0.0193068082467719,-0.0425016539683704,-0.0227550100155384,-0.0233511442163634
-0.0407786273809422,-0.0406520263260809,-0.0409287492062587,-0.0804597307497807,-0.0474327134482398,-0.0487096345792341,-0.025232744201452,-0.0251964236669959,-0.0252460504621138,-0.0543659246906659,-0.0297377234310634,-0.0307991345674627,-0.0192824435999642,-0.0192855381016966,-0.0192976539983628,-0.0425016539683704,-0.0227544153643933,-0.0233638284239475
-0.0405850407400572,-0.0408585338460497,-0.0408591535460523,-0.0804597307497807,-0.0473984776521875,-0.0486680759333433,-0.0251969826666591,-0.0252568770359498,-0.0252816163377298,-0.0543659246906659,-0.029716576176847,-0.0307618305075416,-0.0192833246565513,-0.019290679104731,-0.019300903007644,-0.0425016539683704,-0.0227451711556417,-0.0233479316380313
-0.0406518106933894,-0.0409544300856517,-0.0409813774280695,-0.0804597307497807,-0.0473997215446633,-0.0486484282802035,-0.0252554113672438,-0.025298012553074,-0.0252928512857511,-0.0543659246906659,-0.0297138342644232,-0.0307774152404349,-0.0192914987886833,-0.0193191157974057,-0.0193082427802396,-0.0425016539683704,-0.0227431859274965,-0.023349887411351
-0.0403924849994763,-0.0405662373865833,-0.0408439450803426,-0.0804597307497807,-0.0474018201526906,-0.0485988489095591,-0.0252313898713712,-0.0252729708603625,-0.0253103890659362,-0.0543659246906659,-0.0297148043319271,-0.0307439734673567,-0.0192703734762392,-0.0193162106114366,-0.019322654507177,-0.0425016539683704,-0.0227434543887181,-0.0233229293054524
-0.0403924785351801,-0.0405505240795458,-0.0410179914053006,-0.0804597307497807,-0.04740440793515,-0.0486156249008754,-0.0252313895532284,-0.0252733311669527,-0.0253244610756268,-0.0543659246906659,-0.02971175327996,-0.0307293851811111,-0.0192703729533655,-0.0193174405126865,-0.0193328827001102,-0.0425016539683704,-0.0227418539922633,-0.0233162179447194
-0.0403922413168102,-0.0405417050154889,-0.0410255803453134,-0.0804597307497807,-0.0474133898959705,-0.0487275959953288,-0.0252314240338579,-0.0252691565168299,-0.0253251554276718,-0.0543659246906659,-0.0297141090600831,-0.0308021863862274,-0.0192703923409713,-0.0193140287593832,-0.0193336386071778,-0.0425016539683704,-0.0227426158994328,-0.0233660342010779
-0.0403924802656099,-0.0405804979496557,-0.0410811093445281,-0.0804597307497807,-0.0474150712859384,-0.0487047417215279,-0.0252313862293734,-0.0252751640374897,-0.0253383805960327,-0.0543659246906659,-0.029714978002433,-0.030760460560972,-0.0192703713828849,-0.0193166475278958,-0.0193393203150314,-0.0425016539683704,-0.0227421151487127,-0.0233343327085917
-0.0403924796769757,-0.0405513570274104,-0.0409839317119994,-0.0804597307497807,-0.0474179170688834,-0.0487233057966601,-0.0252313863807361,-0.0252733511679091,-0.0253159901614223,-0.0543659246906659,-0.0297140617428237,-0.0307791315023006,-0.0192703714417652,-0.0193174914345695,-0.0193292432668352,-0.0425016539683704,-0.0227421889916153,-0.0233518405297365
-0.0403537726811998,-0.0405982110162641,-0.0409361623542985,-0.0804597307497807,-0.0473984945163761,-0.048644379729923,-0.0252376476335506,-0.0252830908946865,-0.0253214706931513,-0.0543659246906659,-0.0297154657168151,-0.0308060111571604,-0.0192737697863272,-0.0193211849696617,-0.0193286842961912,-0.0425016539683704,-0.0227437586228418,-0.0233637304766405
-0.0404154633376501,-0.0405082281489874,-0.0410190458051837,-0.0804597307497807,-0.0473959203533664,-0.0486994279253788,-0.025177295273447,-0.0251707458944313,-0.0253601936747102,-0.0543659246906659,-0.029713921887401,-0.0308467335390987,-0.0192498026386493,-0.0192637237073452,-0.0193535023134705,-0.0425016539683704,-0.0227434001618107,-0.0233847720959478
-0.0404192558520317,-0.0407002553928586,-0.040956274929782,-0.0804597307497807,-0.0474019711035409,-0.048700227877411,-0.025177885953584,-0.0252453474263432,-0.0253409383472868,-0.0543659246906659,-0.0297221031384063,-0.0308124252918252,-0.0192498263335017,-0.0193085476199012,-0.0193462342209839,-0.0425016539683704,-0.0227472662373139,-0.023372094765291
-0.0404799333964687,-0.0408167480388487,-0.0410962084220901,-0.0804597307497807,-0.0474081707706685,-0.0485987131713902,-0.025202964548888,-0.0252621036578958,-0.025304681467388,-0.0543659246906659,-0.0297295671765107,-0.0307384778564147,-0.0192692995411603,-0.0193102151027741,-0.0193479116839271,-0.0425016539683704,-0.0227522492005553,-0.0233177569538521
-0.0403344386514247,-0.040586945260606,-0.0408368727741459,-0.0804597307497807,-0.0474169694993924,-0.0487129468930286,-0.0251828674917931,-0.0252961581286607,-0.0252952446680496,-0.0543659246906659,-0.0297481527650947,-0.0308166652937413,-0.0192622047801261,-0.0193024005949917,-0.0193135747974923,-0.0425016539683704,-0.0227648601165533,-0.0233875810358427
-0.0402486887010284,-0.0405229235383944,-0.0407142233582611,-0.0804597307497807,-0.047415479164509,-0.0486300982143911,-0.0252287983091629,-0.0252744404128656,-0.0252784800214162,-0.0543659246906659,-0.0297505223676853,-0.0308078635601846,-0.0192835459428706,-0.0193007009335526,-0.0193138140258149,-0.0425016539683704,-0.0227660558950525,-0.0233793554804715
-0.0400946255445297,-0.040021578120415,-0.0404205707045856,-0.0804597307497807,-0.0474133980025063,-0.0485539384508053,-0.0252311761640045,-0.0252032458658422,-0.0253286849892888,-0.0543659246906659,-0.0297499390753143,-0.0307429467804428,-0.0193120600230768,-0.0193024930618541,-0.0193490333629072,-0.0425016539683704,-0.0227655825603073,-0.0233375619273044
-0.0400671172123163,-0.0399204170547517,-0.0404268780896833,-0.0804597307497807,-0.0474108480550498,-0.0484347172259224,-0.0252326474650176,-0.0252077333561145,-0.0253386323997037,-0.0543659246906659,-0.0297485053981039,-0.0306367524209565,-0.0193106875852588,-0.0192986422100083,-0.0193545405059821,-0.0425016539683704,-0.0227642150150201,-0.0232723291437997
-0.0401073164447722,-0.039931863145951,-0.0403857601110644,-0.0804597307497807,-0.0474076367012125,-0.0484056087892765,-0.0252352282387792,-0.025206708218756,-0.0253199259672254,-0.0543659246906659,-0.029744188964514,-0.030657636006341,-0.0193066297002051,-0.019298583778436,-0.0193429671132299,-0.0425016539683704,-0.0227636763041156,-0.0232843939082223
-0.0403183282851018,-0.04041000930194,-0.0404119265422976,-0.0804597307497807,-0.0474070173118416,-0.0484250465279188,-0.0252861149961333,-0.0253499568685729,-0.0252971317351888,-0.0543659246906659,-0.0297457447479581,-0.0306553621029523,-0.0193581547172947,-0.0193921530233977,-0.0193598394335487,-0.0425016539683704,-0.0227642526194044,-0.0232859231078549
-0.0401951115017505,-0.0404414631825871,-0.0408089875028442,-0.0804597307497807,-0.0474069139050193,-0.0483901181635974,-0.0252595340991657,-0.0253038535524667,-0.0254369376548177,-0.0543659246906659,-0.0297476374853012,-0.0306182557616789,-0.0193175116507014,-0.0193349855785265,-0.019405171153242,-0.0425016539683704,-0.0227658399291638,-0.0232566332223635
-0.0402654192873329,-0.0405949250172268,-0.0409954277239266,-0.0804597307497807,-0.0474151173432859,-0.0483568596163281,-0.025296641990167,-0.025377395496447,-0.0254912971813615,-0.0543659246906659,-0.0297519382809936,-0.0306029264968655,-0.0193338122232516,-0.0193629410570491,-0.0194411340092538,-0.0425016539683704,-0.0227696334648291,-0.0232497266199259
-0.0402654206554811,-0.0405738828365857,-0.0408836763031709,-0.0804597307497807,-0.0474028174626396,-0.0482586078123141,-0.0252966422798455,-0.0253723146476217,-0.0254740061816369,-0.0543659246906659,-0.0297453594284808,-0.0305228659147271,-0.0193338123270959,-0.0193603915242105,-0.0194396211705105,-0.0425016539683704,-0.0227683897836881,-0.0231917994646733
-0.0402622201644156,-0.0405577969580507,-0.040881844806591,-0.0804597307497807,-0.0474015540148009,-0.0483053822457011,-0.025297911770619,-0.0253692165506675,-0.02549039916217,-0.0543659246906659,-0.0297462078283199,-0.0305520755348878,-0.0193343813106176,-0.0193584325283852,-0.0194376020271244,-0.0425016539683704,-0.0227683822006048,-0.0232170269588596
-0.0403941922690124,-0.0407466527029684,-0.0410854500159803,-0.0804597307497807,-0.0474183817274176,-0.0482337235760902,-0.0252401847641877,-0.0253671546319125,-0.0254530950515324,-0.0543659246906659,-0.0297530287061863,-0.0305379034452038,-0.0193330669515723,-0.0193616861918936,-0.0194694013643847,-0.0425016539683704,-0.0227778399946934,-0.0232131070151721
-0.0405131387803152,-0.0405555872154764,-0.040664682727101,-0.0804597307497807,-0.0474226953025374,-0.0482993938897419,-0.0252287696449511,-0.0251963876590633,-0.0252412587166836,-0.0543659246906659,-0.0298202844694331,-0.0306527000173692,-0.019374663991008,-0.0193399058881777,-0.0194030447951535,-0.0425016539683704,-0.0228604294495599,-0.023344952613851
-0.0399582240849549,-0.0405855082201046,-0.0413490945949732,-0.0804597307497807,-0.0472671639126033,-0.0488191191486925,-0.0255728128083786,-0.0256580091406689,-0.025782023914658,-0.0543659246906659,-0.0302063237911866,-0.0313053271585846,-0.0196072900568265,-0.0196324282026448,-0.0197288257235415,-0.0425016539683704,-0.0231117824380177,-0.0237702912414177
-0.0399581007545135,-0.0405349352247922,-0.0412731211142569,-0.0804597307497807,-0.0472533246475536,-0.0485301108136677,-0.0255727716767448,-0.0256494486729773,-0.0257543528003935,-0.0543659246906659,-0.0302105264956289,-0.0311517251992199,-0.0196072690970261,-0.0196263718292933,-0.0196864734887757,-0.0425016539683704,-0.0231135118020449,-0.0236760779405909
-0.0399581916076776,-0.0405568130774423,-0.0412869957390029,-0.0804597307497807,-0.0472626918992453,-0.0485498888233109,-0.025572927383262,-0.0256718258642286,-0.0257966911188143,-0.0543659246906659,-0.0301977771247567,-0.0311129684332845,-0.0196073627275856,-0.0196399902330654,-0.0197134186198922,-0.0425016539683704,-0.0231063569472227,-0.0236520482058163
-0.0399558868629907,-0.0405642170059541,-0.0412863318496005,-0.0804597307497807,-0.0472261725671136,-0.0485928854027109,-0.0255729960713928,-0.0256656131656345,-0.0257940554093144,-0.0543659246906659,-0.0301762522182004,-0.0310851141341231,-0.0196071199177153,-0.0196360111218425,-0.0197155456560636,-0.0425016539683704,-0.0230915377719177,-0.0236395745285739
-0.0399411918222969,-0.0405884370193403,-0.0412883261472958,-0.0804597307497807,-0.047198733114872,-0.0485819225392517,-0.0255699151149196,-0.025670079822889,-0.0257777034875361,-0.0543659246906659,-0.0301721770398175,-0.0311158347382547,-0.0196053970387606,-0.0196425384785985,-0.0197172796975419,-0.0425016539683704,-0.0230917438037484,-0.0236736201590537
-0.0391375473358724,-0.0408099784043654,-0.0409653369997369,-0.0804597307497807,-0.0471852180836483,-0.0485383831562776,-0.025341220338854,-0.0256350391245264,-0.0256277787914505,-0.0543659246906659,-0.0301695634476163,-0.0310838024145169,-0.0194892861156178,-0.0196439803920277,-0.0196253228980475,-0.0425016539683704,-0.0230912006136838,-0.023644247217832
-0.0391318077985646,-0.0407942096304308,-0.0409694439685805,-0.0804597307497807,-0.0471882882983765,-0.0485025954557467,-0.0253352981907732,-0.025616342738309,-0.0256293667243793,-0.0543659246906659,-0.0301697742285743,-0.0310770966901745,-0.0194855886568166,-0.0196344154877417,-0.0196238324922027,-0.0425016539683704,-0.0230908207315244,-0.0236372687263688
-0.0391325303658277,-0.0408415879468817,-0.0409315895841004,-0.0804597307497807,-0.0471811899531563,-0.0484634895358857,-0.0253367230432341,-0.0256305744752267,-0.0256318578099048,-0.0543659246906659,-0.0301730981047606,-0.0310500661281854,-0.019486725876692,-0.0196423255531318,-0.0196248446959825,-0.0425016539683704,-0.0230923132035681,-0.0236217044535685
-0.0395288559016486,-0.0404467817988019,-0.0409098670024442,-0.0804597307497807,-0.0471682020473438,-0.0485559433545602,-0.0254241989760975,-0.0256688686747897,-0.0257533940362946,-0.0543659246906659,-0.0301659773190711,-0.031070219482461,-0.0195164826382604,-0.0196508480436918,-0.0196921562091343,-0.0425016539683704,-0.0230875031877089,-0.0236460707597283
-0.0394935495463083,-0.0403028145344393,-0.0407002626704477,-0.0804597307497807,-0.0471662388707986,-0.0485768193300466,-0.0255602943597209,-0.0257617152719892,-0.0259731267823107,-0.0543659246906659,-0.0301672782721603,-0.0310582320636346,-0.0195763409294558,-0.0196832938234472,-0.019789467791218,-0.0425016539683704,-0.0230794431951686,-0.0236244588265683
-0.0394935822462088,-0.0403494667962278,-0.0407087714753866,-0.0804597307497807,-0.0471347664660313,-0.048359085231187,-0.0255603038194829,-0.0257793801675416,-0.0259740548447414,-0.0543659246906659,-0.0301684649787528,-0.0309828534481183,-0.0195763460589919,-0.0196884252044137,-0.0197926884481898,-0.0425016539683704,-0.0230758278810759,-0.0235655815685088
-0.0398406737035993,-0.0402702388216391,-0.0406805962989767,-0.0804597307497807,-0.0471333079338202,-0.048284871149568,-0.0256106314934049,-0.0257126339154652,-0.0258319196938009,-0.0543659246906659,-0.0301289446544359,-0.0308842483028977,-0.0195747157148881,-0.0196039714801388,-0.019674172568796,-0.0425016539683704,-0.0229992066512371,-0.023441994542559
-0.0399817178748326,-0.04033458979155,-0.0408752905346417,-0.0804597307497807,-0.0471364896200428,-0.0483071457069762,-0.0255883891877561,-0.0257629174458019,-0.0258995508132786,-0.0543659246906659,-0.0301302993563473,-0.0309092871750327,-0.019589911745627,-0.0196519175674802,-0.0197147797958108,-0.0425016539683704,-0.0229998044705458,-0.0234605719524026
-0.0400978749863946,-0.0405042627357007,-0.0408016172181798,-0.0804597307497807,-0.0471289526540637,-0.0482226303812806,-0.0256475296543696,-0.0257444825571261,-0.0258473231750942,-0.0543659246906659,-0.030127692921025,-0.0308696507481658,-0.0196246483081207,-0.0196624657746338,-0.0197017829136771,-0.0425016539683704,-0.0229994208640254,-0.0234371174412813
-0.0397670941189625,-0.040329771324232,-0.0407853775983628,-0.0804597307497807,-0.0471432913281429,-0.0482009655043911,-0.0254953721711549,-0.0256454985668133,-0.0258539180844249,-0.0543659246906659,-0.0301319189111698,-0.0308491590113225,-0.0195035602422489,-0.019558381282513,-0.0196413409438273,-0.0425016539683704,-0.0229981857711572,-0.0234192984747629
-0.0397670810252918,-0.0403108474937327,-0.0407746405129637,-0.0804597307497807,-0.0471428645692775,-0.048257486679544,-0.025495374455085,-0.02564132061396,-0.0258653805537041,-0.0543659246906659,-0.0301322049647622,-0.0308638453677054,-0.0195035576100975,-0.0195588417005901,-0.0196455672907341,-0.0425016539683704,-0.0229982459771594,-0.0234330387385366
-0.0396267444969095,-0.0401971759872409,-0.0402916888022486,-0.0804597307497807,-0.0471295958422361,-0.0482162499377103,-0.0254658355301659,-0.0255272274268296,-0.0256860827084486,-0.0543659246906659,-0.0301281307214844,-0.030843639221155,-0.0194886753131451,-0.0195443000076039,-0.0195800021570517,-0.0425016539683704,-0.0229985931814141,-0.0234397473995516
-0.0398378645506369,-0.040241374574208,-0.040856319388872,-0.0804597307497807,-0.047116146705009,-0.0482227814411555,-0.025365679196297,-0.0254210246525972,-0.0256506848024662,-0.0543659246906659,-0.0301035655991066,-0.0308612550657406,-0.0194920811712927,-0.0195109684637682,-0.0196307305544906,-0.0425016539683704,-0.022997957557632,-0.0234530037238488
-0.0397170544112801,-0.0404536855060896,-0.0408959925193584,-0.0804597307497807,-0.0471348392531195,-0.0481464293544718,-0.0254166880206972,-0.0255539040675709,-0.0257569674253659,-0.0543659246906659,-0.0301220732201242,-0.0307847690103003,-0.0194751617814347,-0.0195341567465487,-0.0196267825756363,-0.0425016539683704,-0.0230070831254321,-0.0233750220958363
-0.0397396196641376,-0.0404050016623748,-0.0410943939611622,-0.0804597307497807,-0.0471213141677367,-0.0482406322101423,-0.0255337494191183,-0.0256369085804639,-0.0257975005038736,-0.0543659246906659,-0.0301946463461009,-0.0309388141886279,-0.0195776603683084,-0.0196478131587304,-0.0196805155686791,-0.0425016539683704,-0.0230930198111579,-0.0235451500709095
-0.0397395617822295,-0.0403772457326352,-0.0410942402269434,-0.0804597307497807,-0.0471431492411628,-0.0481631206440967,-0.0255337488287681,-0.0256369137304751,-0.0257974927180039,-0.0543659246906659,-0.0301979773987602,-0.0308852845208777,-0.0195776448872885,-0.019650840363202,-0.0196805830675053,-0.0425016539683704,-0.0230922830505556,-0.023498592632015
-0.0397159683015866,-0.0403478979767135,-0.0410064807838887,-0.0804597307497807,-0.0471406468155408,-0.0482108672346913,-0.0255117557118551,-0.0255605540102184,-0.0259490319025503,-0.0543659246906659,-0.0302064114642323,-0.0308998629203582,-0.0195348910878938,-0.019585242754991,-0.0197520439948168,-0.0425016539683704,-0.0230953062456123,-0.0235079959114648
-0.0397190166339987,-0.0403495131439921,-0.0409264950110386,-0.0804597307497807,-0.0471407147395399,-0.0481897202497485,-0.0255107148026336,-0.0255639639301695,-0.0259698443641708,-0.0543659246906659,-0.0302055661007965,-0.0308908435161024,-0.0195343445044262,-0.0195823658420164,-0.0197612319664999,-0.0425016539683704,-0.0230949747500939,-0.0234874709659001
-0.0398138946054909,-0.0403337355219201,-0.0410083275924049,-0.0804597307497807,-0.0471429087405241,-0.0481491175478615,-0.0255187890603377,-0.0256622370793712,-0.025972172271201,-0.0543659246906659,-0.0302116384452862,-0.0308813744443843,-0.0195381740990004,-0.0196201916037163,-0.0197467070526154,-0.0425016539683704,-0.0230995167585459,-0.0234774474945794
-0.0397338492659204,-0.0404577804029726,-0.0410235536010674,-0.0804597307497807,-0.0471171943860094,-0.0481562071266898,-0.0254731599268668,-0.0256006222604991,-0.0259043133536995,-0.0543659246906659,-0.0302103823922044,-0.0308800185264971,-0.0195172072577712,-0.0195926857109477,-0.0197063056490134,-0.0425016539683704,-0.0231004377827192,-0.0234756894596077
-0.0398430156704397,-0.0404372209385936,-0.0409551312810641,-0.0804597307497807,-0.047111407885193,-0.0481972430014519,-0.0254972404625945,-0.0256545660022197,-0.025862154771551,-0.0543659246906659,-0.0302237817907591,-0.0309078550300016,-0.0195617858332157,-0.0196239085335377,-0.0197287972772774,-0.0425016539683704,-0.0231583209139733,-0.0235540203361616
-0.0398430169677462,-0.0404464762147892,-0.0408924414912698,-0.0804597307497807,-0.0471091640182519,-0.0481074076568792,-0.0254972407620856,-0.0256759301948555,-0.025855197197719,-0.0543659246906659,-0.0302273670348281,-0.030853349842227,-0.0195617858711737,-0.0196303522437558,-0.0197248426318585,-0.0425016539683704,-0.0231561162298981,-0.0235176910142809
-0.0397392991921977,-0.0404011062113748,-0.0407660392399008,-0.0804597307497807,-0.0470989647560883,-0.0480586809336959,-0.0255182842281326,-0.0257084834954722,-0.0257887411001515,-0.0543659246906659,-0.0302203627486266,-0.0308139353544667,-0.0195114983124934,-0.0196179522781966,-0.0196771094887571,-0.0425016539683704,-0.02314923004643,-0.0235003115145592
-0.0398276976438874,-0.040300130881366,-0.0407742683532867,-0.0804597307497807,-0.0471221319950456,-0.048077544115118,-0.0253745301579799,-0.0255403609884784,-0.0256933307956676,-0.0543659246906659,-0.0302133634211355,-0.0308246759175745,-0.0195517252923306,-0.0196262461387903,-0.0197134076530291,-0.0425016539683704,-0.023152422384448,-0.0235106697190941
-0.0401013492755495,-0.0403395270906428,-0.0407984655292195,-0.0804597307497807,-0.047134570911109,-0.0479244240456132,-0.0254759924507266,-0.0255352593646861,-0.0257727862601105,-0.0543659246906659,-0.0302374635597238,-0.0307718653124333,-0.0196498086560165,-0.0196468751972727,-0.01978318358053,-0.0425016539683704,-0.0232278245385399,-0.0235100741368824
-0.039834898773812,-0.0400827784785074,-0.0409224177696732,-0.0804597307497807,-0.0471530724565003,-0.0481101353953885,-0.0254361286788636,-0.0255725191598144,-0.0258041646923073,-0.0543659246906659,-0.0302418329450331,-0.0309012493703628,-0.0195750586022625,-0.0196554388926341,-0.0197758082329384,-0.0425016539683704,-0.0232252808802133,-0.0236316924344859
-0.039909975653904,-0.040195147964399,-0.040978247359266,-0.0804597307497807,-0.0471641368070837,-0.0481386293287611,-0.0255906709676683,-0.0256618485318364,-0.0258370960411582,-0.0543659246906659,-0.0302402392566483,-0.0309252406834535,-0.019649656819954,-0.0197011047816482,-0.0197899068476197,-0.0425016539683704,-0.0232230738628778,-0.0236492771457792
-0.0399099823788567,-0.0401892889835601,-0.0409244249178465,-0.0804597307497807,-0.0471411525938328,-0.0481227069310264,-0.0255906730360504,-0.0256712569783072,-0.0258320927174183,-0.0543659246906659,-0.0302309065179602,-0.0309145758080679,-0.0196496587575646,-0.0197080714352305,-0.0197898839436618,-0.0425016539683704,-0.0232163279590816,-0.023646193881527
-0.0397607703585259,-0.04048047001602,-0.0409357344626669,-0.0804597307497807,-0.0471359654095045,-0.048111478224658,-0.0256302345452899,-0.0256814435199178,-0.0258507389638158,-0.0543659246906659,-0.0302371413366921,-0.0309123094666672,-0.019722302274564,-0.0197502928096473,-0.0198247232544719,-0.0425016539683704,-0.0232602792881943,-0.0236781872847801
-0.0397063059186539,-0.0404074338939849,-0.0409563481430489,-0.0804597307497807,-0.0471560776367368,-0.0481650686350479,-0.0255687069097449,-0.0257189686835742,-0.0258636385939339,-0.0543659246906659,-0.03023773985308,-0.0309165996537182,-0.0196914588638612,-0.0197447635887087,-0.0198361366916893,-0.0425016539683704,-0.023263513929587,-0.0236753360312399
-0.0396989389425174,-0.039972312024046,-0.0408164713006343,-0.0804597307497807,-0.0471432207314819,-0.0483293140809733,-0.0256442261700536,-0.0256330638353302,-0.0258504782101968,-0.0543659246906659,-0.0302285712975347,-0.0310188412676064,-0.0197354473696049,-0.0197136974208402,-0.0198139531501625,-0.0425016539683704,-0.0232564193668555,-0.0237615946293788
-0.0396989382202145,-0.0399795174080393,-0.0407221133314186,-0.0804597307497807,-0.0472111417698198,-0.0482837582490182,-0.0256442262445896,-0.0256269972162918,-0.025838471058364,-0.0543659246906659,-0.0302395208203507,-0.0309553626016357,-0.0197354474323063,-0.0197153783154983,-0.0198172947110284,-0.0425016539683704,-0.0232647464173133,-0.0237166248683851
-0.0396989405720957,-0.0400116313711202,-0.0407095215312197,-0.0804597307497807,-0.0472071839853158,-0.0481839091090179,-0.0256442263438505,-0.0256226746182759,-0.0258373382804681,-0.0543659246906659,-0.0302370021639623,-0.0308647174101964,-0.0197354473749621,-0.01972058494114,-0.01981839709798,-0.0425016539683704,-0.0232627022397822,-0.0236381740711975
-0.0396532458950656,-0.0400675545874393,-0.0404349889817598,-0.0804597307497807,-0.0471979277241792,-0.0482307136137256,-0.0254723031456545,-0.0256299989825695,-0.025827253280078,-0.0543659246906659,-0.0302367211634344,-0.0308924885225234,-0.0196643245508989,-0.0197220646979794,-0.0198470692349679,-0.0425016539683704,-0.0232631374387839,-0.0236633869824257
-0.0395967465845262,-0.0399122494624759,-0.0406010508246757,-0.0804597307497807,-0.0472006077141766,-0.04820634391993,-0.0254509350624676,-0.0255600676913382,-0.0258299057498859,-0.0543659246906659,-0.0302378170489928,-0.0308713382860504,-0.0196406994905257,-0.0196906960668114,-0.019833778677282,-0.0425016539683704,-0.0232633522596332,-0.0236364165498004
-0.0397871022975257,-0.0402154242050315,-0.0408995730499095,-0.0804597307497807,-0.047186508169115,-0.0482710775502836,-0.0255325946672909,-0.0256136044325071,-0.0257134390077598,-0.0543659246906659,-0.0302324970740923,-0.0309187439271803,-0.0196589168720443,-0.0197185167962403,-0.0197906815989483,-0.0425016539683704,-0.023262067130169,-0.0236741460361211
-0.0397960797098983,-0.0402331130347025,-0.0409841431583102,-0.0804597307497807,-0.0471978563897271,-0.048326907445183,-0.0255334473274883,-0.0256164716858054,-0.0257243491549095,-0.0543659246906659,-0.0302367859322136,-0.0309688743928239,-0.0196606695437664,-0.0197203627088063,-0.0198084367977845,-0.0425016539683704,-0.0232648519927566,-0.0237096607028367
-0.0397695213443766,-0.0398959293248821,-0.0408713380474201,-0.0804597307497807,-0.0471952505620118,-0.04833670157887,-0.0255067544416859,-0.0255284896756273,-0.0257523910872771,-0.0543659246906659,-0.0302355512205911,-0.030977116921431,-0.0196242096733887,-0.0196461752867105,-0.0197593067143625,-0.0425016539683704,-0.0232647448556809,-0.0237121746662912
-0.0397489391946785,-0.0398986521687131,-0.0409081671286107,-0.0804597307497807,-0.0471850624289155,-0.04832308125867,-0.0255050488291786,-0.0255256652509529,-0.0257446607876272,-0.0543659246906659,-0.0302299575502704,-0.0309797995600356,-0.0196197557678942,-0.0196451669105792,-0.0197711792339627,-0.0425016539683704,-0.0232621341707265,-0.023716601717892
-0.0398317270835455,-0.0400014342640342,-0.0409545505816378,-0.0804597307497807,-0.047178665081777,-0.0483325060347191,-0.0255107506842846,-0.0255494181927163,-0.0257072365168351,-0.0543659246906659,-0.0302283150975156,-0.0309772080643066,-0.0196368669215442,-0.0196766145389931,-0.0197838450773949,-0.0425016539683704,-0.0232619981029688,-0.0237119640573962
-0.0398317270680827,-0.0400344314997984,-0.040999751115429,-0.0804597307497807,-0.0471856286427774,-0.0482863183970481,-0.0255107506781191,-0.0255466746412448,-0.0257066835639312,-0.0543659246906659,-0.0302208501902521,-0.0309094352578162,-0.0196368669165033,-0.0196791951382509,-0.0197853531170203,-0.0425016539683704,-0.0232596098732864,-0.0236609206052575
-0.0397620806986736,-0.0399357022386173,-0.041111035768423,-0.0804597307497807,-0.0471827581177336,-0.0482105363682288,-0.0255153333801565,-0.0255607195868766,-0.0257998279212225,-0.0543659246906659,-0.0302200430315939,-0.0308648782132791,-0.0196508719045423,-0.0196776839083487,-0.0198220890504614,-0.0425016539683704,-0.023259773848347,-0.0236265022155522
-0.0397991608388355,-0.0400613020123504,-0.0409364409910264,-0.0804597307497807,-0.0471827913287205,-0.0482103775921939,-0.0255622927175401,-0.0256609276344525,-0.0257782132704111,-0.0543659246906659,-0.0302212817688512,-0.0308528618526877,-0.0196764596883681,-0.0197350891083677,-0.0198103534386817,-0.0425016539683704,-0.0232598417377697,-0.0236205778539291
-0.0398705425540287,-0.040255157235244,-0.040887340097075,-0.0804597307497807,-0.0471822676725522,-0.0482512793651679,-0.0254721223035552,-0.0256129885037768,-0.02580439467543,-0.0543659246906659,-0.0302191780187839,-0.030873411400978,-0.0196529498554636,-0.0197160541506986,-0.0198109973716891,-0.0425016539683704,-0.0232595423458322,-0.0236431763178689
-0.0398059172146016,-0.0403655798998762,-0.0408900765516682,-0.0804597307497807,-0.0471765602091541,-0.0483012335067079,-0.0254638039216483,-0.0257056996060406,-0.0257812633565638,-0.0543659246906659,-0.0302193767166415,-0.0308929834591651,-0.01966241399732,-0.0197600254511504,-0.0198045594791882,-0.0425016539683704,-0.0232598060186162,-0.023653183278222
-0.0398059057356036,-0.0403485888345401,-0.0408753979676078,-0.0804597307497807,-0.0471634663859126,-0.0482747884297925,-0.0254638043891359,-0.0256797571377665,-0.0257893350082696,-0.0543659246906659,-0.0302139308914523,-0.0308750886453119,-0.0196624138966591,-0.0197541818390785,-0.0198057055507539,-0.0425016539683704,-0.0232538035017227,-0.0236384187422451
-0.0399675951848381,-0.0403058469696544,-0.0406739625528255,-0.0804597307497807,-0.04717269872752,-0.048297432607186,-0.0255907772575721,-0.025640094957111,-0.0257372220812569,-0.0543659246906659,-0.0302160626915028,-0.0308871045020165,-0.0197158203621165,-0.0197175381757678,-0.0197759961089151,-0.0425016539683704,-0.0232555228931026,-0.0236533803415679
-0.0401270799329281,-0.0405351352167764,-0.0407776657535375,-0.0804597307497807,-0.0471912341945745,-0.0482456041147559,-0.0257345033996237,-0.0257905317074408,-0.0257844631275325,-0.0543659246906659,-0.0302132718949238,-0.0308378297151315,-0.0197461797631889,-0.0197868475486445,-0.0198026791830392,-0.0425016539683704,-0.0232267711116227,-0.0235809958834354
-0.0398451826620564,-0.0403727251245426,-0.0407910893910273,-0.0804597307497807,-0.0471851713549582,-0.048251483124176,-0.0256894801184262,-0.0257856320353587,-0.0258308577765833,-0.0543659246906659,-0.030209295232819,-0.0308438942229166,-0.0197172446632514,-0.0197880311631396,-0.0198050209037084,-0.0425016539683704,-0.0232271890024906,-0.0235874890342348
-0.0398385074739531,-0.0402074729229908,-0.0408017426945188,-0.0804597307497807,-0.0471818789641889,-0.0481112187361435,-0.0258120905815496,-0.0257742138535515,-0.0258776031999361,-0.0543659246906659,-0.0302083202635413,-0.0307554713415279,-0.019757215823107,-0.0197754297292583,-0.0198124538776178,-0.0425016539683704,-0.0232265779751986,-0.0235118287240203
-0.0397722266519874,-0.0402226109114398,-0.0404832976692317,-0.0804597307497807,-0.0471751494426738,-0.0481289102375108,-0.025698128113464,-0.0258102422241208,-0.02581808210567,-0.0543659246906659,-0.0302042230158911,-0.0307673515158101,-0.0197058225122463,-0.0197919431497339,-0.0197556915282101,-0.0425016539683704,-0.0232245912009748,-0.0235202058429871
-0.0397601564854862,-0.0402353171596942,-0.0405653514529079,-0.0804597307497807,-0.0471866908245673,-0.048126334932252,-0.0256210114280447,-0.0256919994140088,-0.0258101125872254,-0.0543659246906659,-0.0302094975429818,-0.0307631695517476,-0.0196549086442377,-0.0197329407320103,-0.0197614614008159,-0.0425016539683704,-0.0232273497677194,-0.0235191522905201
-0.03956944788764,-0.0401693005523112,-0.0405398855140083,-0.0804597307497807,-0.0471944023090896,-0.04838569522658,-0.0255977565154016,-0.0257058287546698,-0.0257848506823582,-0.0543659246906659,-0.0301876938373836,-0.0308045408049215,-0.0196527076597392,-0.0197403344081581,-0.0197602829446227,-0.0425016539683704,-0.023221739043595,-0.0235611338989669
-0.0393466282788266,-0.0402549214936748,-0.0407271117706163,-0.0804597307497807,-0.0471985198068033,-0.0485698091336517,-0.0255995466071178,-0.025742496017707,-0.0258750715829583,-0.0543659246906659,-0.0301878579975731,-0.0309026915332958,-0.0196681363667272,-0.019756752943899,-0.0197960741599051,-0.0425016539683704,-0.0232219178015632,-0.0236352127048636
-0.0393466253443805,-0.0402465150236048,-0.0407658337875135,-0.0804597307497807,-0.047163225763567,-0.0484305327912179,-0.0255995448873053,-0.025770670853511,-0.02586343524405,-0.0543659246906659,-0.0301664041345565,-0.0308419783240771,-0.0196681357418629,-0.0197682134406584,-0.0197939952108667,-0.0425016539683704,-0.0232072261287066,-0.0235908839449939
-0.0393466248093895,-0.0402687417833208,-0.0407794207234272,-0.0804597307497807,-0.0471650707500592,-0.0484947182961922,-0.0255995446509641,-0.0257703606146124,-0.0258744409297466,-0.0543659246906659,-0.0301690310311155,-0.0308651480218309,-0.0196681356502922,-0.0197666494177788,-0.0198169558788256,-0.0425016539683704,-0.0232084072303182,-0.0236059439176107
-0.0396754650459422,-0.0402640180528549,-0.0405438212954489,-0.0804597307497807,-0.0471653147797438,-0.0484165253891264,-0.025601859898478,-0.0256963539082194,-0.0257910099630656,-0.0543659246906659,-0.0301686408211501,-0.0308357672975912,-0.0196799169260046,-0.0197327199575027,-0.0198042657929634,-0.0425016539683704,-0.0232086910468124,-0.0235793043318328
-0.040398534016715,-0.0406158236337634,-0.0416065428572994,-0.0804597307497807,-0.0471751203048965,-0.0483593954586625,-0.0258920830111565,-0.0259098529798353,-0.0260477414592259,-0.0543659246906659,-0.0301630691014213,-0.0308198740882779,-0.019872308947585,-0.0199187037582572,-0.02000753020169,-0.0425016539683704,-0.0231949568789315,-0.0235722920745925
-0.0403636310272181,-0.0403913224159687,-0.0413892727058697,-0.0804597307497807,-0.0471717115354273,-0.0483215746176828,-0.0258365298896041,-0.0258305808685851,-0.0259799925776851,-0.0543659246906659,-0.0301613031565447,-0.0307907967941987,-0.0198984539035281,-0.0199180594432532,-0.0199818183778676,-0.0425016539683704,-0.0231940245368365,-0.0235488128968896
-0.0402989972019357,-0.0405836010726875,-0.0412122411751282,-0.0804597307497807,-0.0471760694262801,-0.0482100954580902,-0.0258331943720443,-0.0258868788422381,-0.0259440344227679,-0.0543659246906659,-0.0301577816817968,-0.0307201812649552,-0.0198994338266392,-0.0199409594791504,-0.0199784740618705,-0.0425016539683704,-0.0231943876315818,-0.0234991557761704
-0.0403001980059149,-0.0405532849228986,-0.0412838494935867,-0.0804597307497807,-0.0471760293539264,-0.0482409743367805,-0.0258332694374825,-0.025888741063994,-0.0259981368840843,-0.0543659246906659,-0.0301530432873445,-0.0307343806333917,-0.0198995084028021,-0.0199400054065818,-0.0199916135282608,-0.0425016539683704,-0.0231919107899084,-0.0235099230473742
-0.0399479095231629,-0.0405616757400364,-0.0409666435076701,-0.0804597307497807,-0.0471803716642483,-0.0482900530708449,-0.0257723368136705,-0.0258787572818538,-0.0259012194126021,-0.0543659246906659,-0.0301527496575903,-0.030754773330699,-0.0198725422256028,-0.0199431354020681,-0.019993357355999,-0.0425016539683704,-0.0231924353688643,-0.0235260419700135
-0.039947934784387,-0.0405561141621874,-0.0410006804921849,-0.0804597307497807,-0.0471660110250649,-0.0483044776306996,-0.0257723385990179,-0.025877248437747,-0.0259194108035838,-0.0543659246906659,-0.0301513609569354,-0.0307525092984739,-0.0198725455235797,-0.0199423361754121,-0.0200028410884831,-0.0425016539683704,-0.0231921265434091,-0.0235327544767652
-0.0399835864095043,-0.0405657010889687,-0.0409409936020061,-0.0804597307497807,-0.0471675237335755,-0.0482493875479707,-0.0257722314383126,-0.0258750931782326,-0.0258894811424794,-0.0543659246906659,-0.0301556519592055,-0.0307284347150122,-0.019877389142983,-0.0199417569172852,-0.0199703679156381,-0.0425016539683704,-0.0231879188849717,-0.023500810765259
-0.0398289573597826,-0.0403840250921491,-0.0409559429507551,-0.0804597307497807,-0.0471648207043293,-0.0483232755311519,-0.0257185427301253,-0.0258092830733932,-0.0258377292406631,-0.0543659246906659,-0.0301563065371084,-0.030779992081471,-0.0198480016215779,-0.0199155698814799,-0.0199542545846572,-0.0425016539683704,-0.0231890954656568,-0.0235397432210546
-0.0401447954294643,-0.0403552901492102,-0.0412269125519458,-0.0804597307497807,-0.0471588482382304,-0.0483212606188775,-0.0257398726575503,-0.0257798259846056,-0.0259760592799932,-0.0543659246906659,-0.0301519569134473,-0.0307833987809006,-0.0199210526238331,-0.0199408302980328,-0.020011886438733,-0.0425016539683704,-0.0231873216363238,-0.0235408993019002
-0.0400670456387881,-0.0405443439363113,-0.0409644976806327,-0.0804597307497807,-0.0471597611781999,-0.0483062449970367,-0.0257521193238641,-0.025781702155568,-0.0259143316086813,-0.0543659246906659,-0.0301517319620112,-0.0307569200459315,-0.0199241929000732,-0.0199371607982512,-0.0199961331629685,-0.0425016539683704,-0.0231858901446571,-0.0235286721586635
-0.0402130407054416,-0.040421204073428,-0.0412228139550838,-0.0804597307497807,-0.0471584061858373,-0.0482835300685098,-0.025730854444776,-0.0257949263671428,-0.0259386248809521,-0.0543659246906659,-0.0301516812307866,-0.0307519446015771,-0.0199063857212322,-0.0199315213625663,-0.0200063736690445,-0.0425016539683704,-0.0231858140286597,-0.0235188938771536
-0.0399987672311331,-0.0404264302792287,-0.0411762617479493,-0.0804597307497807,-0.0471592865015032,-0.0483475555140589,-0.0256317762530327,-0.0256988764120543,-0.0259345420685557,-0.0543659246906659,-0.0301498741931021,-0.0307945770890906,-0.01987444402708,-0.0198982333586047,-0.0199974437904242,-0.0425016539683704,-0.0231851849378907,-0.023543234875959
-0.0398915540400797,-0.0401803215285084,-0.0409296731961262,-0.0804597307497807,-0.0471609167311952,-0.0483911324949942,-0.0256991008689197,-0.0257202682079418,-0.0258735113384014,-0.0543659246906659,-0.0301453422105526,-0.0308037866720561,-0.0198828409843854,-0.0199386895904006,-0.0199742371887837,-0.0425016539683704,-0.0231832994473813,-0.0235542642104082
-0.0400020361465967,-0.0402265810044552,-0.0409968245733738,-0.0804597307497807,-0.0471785439834995,-0.048423346208309,-0.0257235253548097,-0.0257730193994212,-0.02587426710745,-0.0543659246906659,-0.0301457795688792,-0.0308134908001929,-0.0199057149551068,-0.0199411276138833,-0.0199790738859524,-0.0425016539683704,-0.0232040969006719,-0.0235865665341178
-0.0404648805774738,-0.0407093537558113,-0.0412244965064432,-0.0804597307497807,-0.0471821787086821,-0.0485406900127788,-0.0257053755498101,-0.0257673905416605,-0.0259123538190434,-0.0543659246906659,-0.030143495908774,-0.0308877049841513,-0.0199249664839061,-0.019953934958386,-0.0199996327757091,-0.0425016539683704,-0.0232055691935587,-0.0236296137819708
-0.0402560734426886,-0.0407468423549038,-0.041285267334512,-0.0804597307497807,-0.0471773907880459,-0.0483928931470184,-0.0256996686063695,-0.0258266794570601,-0.0259300694166521,-0.0543659246906659,-0.0301398210076922,-0.0308001828981301,-0.0199137784203338,-0.0199557857277184,-0.0200155496769886,-0.0425016539683704,-0.0232031489108858,-0.0235674960509122
-0.0404913801493503,-0.0407961268884638,-0.041433552339988,-0.0804597307497807,-0.0471830170778042,-0.0483474646209493,-0.0258639453057257,-0.0259414583822261,-0.0260349381116475,-0.0543659246906659,-0.030139262175162,-0.0307900440973796,-0.0199455051103382,-0.0199935546001315,-0.0200248090437127,-0.0425016539683704,-0.0232038612803759,-0.0235563082819582
-0.0405813176923541,-0.0408035109756274,-0.0412786880028918,-0.0804597307497807,-0.0471989065839701,-0.048368347584229,-0.0258633186035445,-0.0259247283863527,-0.0259936962462075,-0.0543659246906659,-0.0301471758276842,-0.0308027515945244,-0.0199633325662948,-0.0200045993214837,-0.0200303283923885,-0.0425016539683704,-0.0232081928295925,-0.0235677272238725
-0.0406000928302363,-0.040994472831375,-0.0412386716083481,-0.0804597307497807,-0.0471995473926456,-0.048406557910106,-0.0258633974681133,-0.0259396691658117,-0.0259861187586656,-0.0543659246906659,-0.0301458639253194,-0.0308179329443092,-0.0199595513458518,-0.0200199219881532,-0.0200210662469233,-0.0425016539683704,-0.023207047136482,-0.0235756647701826
-0.040805236343251,-0.040966585732624,-0.0413853560434659,-0.0804597307497807,-0.0472147684834868,-0.048353924698472,-0.0258876799244769,-0.0259183517582125,-0.026052691182283,-0.0543659246906659,-0.0301587198910468,-0.0307813572018359,-0.0199714599500063,-0.020009972891761,-0.0200771767221679,-0.0425016539683704,-0.0231967347163843,-0.0235440283028854
-0.0404970535625727,-0.0408704357406403,-0.041342849986995,-0.0804597307497807,-0.0472101294628753,-0.0482945394650796,-0.0258009965837932,-0.025803206278904,-0.0259753841668255,-0.0543659246906659,-0.0301483506704682,-0.0307593630918808,-0.0199109576638116,-0.0199545673216875,-0.0200347352925022,-0.0425016539683704,-0.0231943833025763,-0.0235280560563341
-0.0405137796842792,-0.0410270539729447,-0.0414916641189228,-0.0804597307497807,-0.0472280386493523,-0.0482328349304452,-0.025780093860759,-0.0258883311617877,-0.0259254625545781,-0.0543659246906659,-0.0301367592305961,-0.0307287007322388,-0.0198950994735715,-0.0200013032667186,-0.020015925570785,-0.0425016539683704,-0.0231524422133793,-0.0234639216993496
-0.0408152102054777,-0.0412227001789163,-0.041430399988066,-0.0804597307497807,-0.0472368285479422,-0.0482329893901323,-0.0258661435675824,-0.0259592885128408,-0.0259268209326684,-0.0543659246906659,-0.0301392101432576,-0.0307280582547427,-0.0199627415494071,-0.0200258920740359,-0.0200105658027721,-0.0425016539683704,-0.0231550115558677,-0.0234678006580974
-0.0406571485501472,-0.0411983012373192,-0.0413722194164315,-0.0804597307497807,-0.0472365031871556,-0.0481966178264587,-0.0258548404940363,-0.0258993393182899,-0.0259195350746419,-0.0543659246906659,-0.0301380976286244,-0.0307034713550542,-0.0199408961207744,-0.0200034668067461,-0.0200119537173317,-0.0425016539683704,-0.0231538274134325,-0.023455273916212
-0.0406642866284239,-0.0409065386660587,-0.0413103566949691,-0.0804597307497807,-0.0472350708629703,-0.0481850531997854,-0.0259129500857157,-0.0258647109452057,-0.0259265608359462,-0.0543659246906659,-0.0301376197911478,-0.0306911818639087,-0.0199736755897114,-0.0199757992029479,-0.0200375500516569,-0.0425016539683704,-0.0231543753449107,-0.0234461113893776
-0.0398985837223959,-0.0401892164665999,-0.0412856523479211,-0.0804597307497807,-0.0472321145500522,-0.0482924382368302,-0.0257577715959156,-0.0258524351837963,-0.0260242834100889,-0.0543659246906659,-0.0301421724914218,-0.0307562811551016,-0.0198949607763133,-0.0199310360472924,-0.0200615180764365,-0.0425016539683704,-0.0231548703652445,-0.0234841552403626
-0.0398863906606607,-0.0402832932427907,-0.0410324325912574,-0.0804597307497807,-0.0472406764244589,-0.0481307120331305,-0.0257758449423259,-0.0258965260931788,-0.026016372854396,-0.0543659246906659,-0.0301485353906895,-0.0306589900795414,-0.0199022790567511,-0.0199898748564919,-0.0200827443594582,-0.0425016539683704,-0.0231108715220896,-0.0233748995070944
-0.0399256629433852,-0.0406856968521365,-0.041082860347885,-0.0804597307497807,-0.0472407473929406,-0.048181515416334,-0.0257740758265445,-0.0260653896414189,-0.0260404426383787,-0.0543659246906659,-0.0301488243165039,-0.0306880878899286,-0.0199249951231415,-0.0200951530656287,-0.0200979822288739,-0.0425016539683704,-0.0231137599173373,-0.0233947647512173
-0.0402525155558753,-0.040493435532894,-0.040849130653047,-0.0804597307497807,-0.0473432329171471,-0.0480234910768905,-0.0256625284044904,-0.0258581442184297,-0.0258304721083143,-0.0543659246906659,-0.0299033404166737,-0.030287874215414,-0.0197900069822309,-0.0199351721833665,-0.0199671920839792,-0.0425016539683704,-0.0229234512525934,-0.0231071424909282
-0.0401075769466802,-0.0401985652869212,-0.0407736015546191,-0.0804597307497807,-0.0473593047710994,-0.0480572500808021,-0.0256870390464081,-0.0256988364647214,-0.0258079685327613,-0.0543659246906659,-0.0299057913498159,-0.030303371268646,-0.0198655205007493,-0.0198911643355949,-0.0200021264719561,-0.0425016539683704,-0.0229213139897269,-0.0231172881965165
-0.0401100832558277,-0.0401517418291194,-0.0406669599138163,-0.0804597307497807,-0.0473781807202126,-0.0481822687297002,-0.0256904168731244,-0.0256946827699432,-0.0257877942354613,-0.0543659246906659,-0.0299122709666814,-0.0303782214640178,-0.0198674884974585,-0.0198847334029502,-0.0199744231185806,-0.0425016539683704,-0.0229208498554406,-0.023158733842463
-0.0400943430848968,-0.0402306127987017,-0.0407667533463477,-0.0804597307497807,-0.0473848917804594,-0.0481438784812851,-0.0256741585289869,-0.0257276016599576,-0.0258128076961112,-0.0543659246906659,-0.0299079588179488,-0.030332968296887,-0.019859756322121,-0.0199054132960166,-0.0199986178024628,-0.0425016539683704,-0.0229207432383453,-0.0231341611637495
-0.040087535098951,-0.0402439848047053,-0.04082115941772,-0.0804597307497807,-0.0474266425259981,-0.0480931095957814,-0.0256654324380759,-0.0257303706253771,-0.025843154782062,-0.0543659246906659,-0.0299159849313545,-0.0302831783431018,-0.0198549070033417,-0.0199080741973767,-0.0200207107926039,-0.0425016539683704,-0.0229234045605257,-0.0230941598348581
-0.039514966124094,-0.039992740007254,-0.0404186175830624,-0.0804597307497807,-0.0473593011160217,-0.0482357045136456,-0.0254865102136506,-0.0256429885330209,-0.0257215421810847,-0.0543659246906659,-0.0298987436002433,-0.0303622301032757,-0.0197001782238592,-0.0198022393764078,-0.0198636094972042,-0.0425016539683704,-0.0228612339157201,-0.0231218204854307
-0.0395234437137214,-0.0400295065689341,-0.0403551947328751,-0.0804597307497807,-0.0473766524670311,-0.0482614951873933,-0.0254877308247253,-0.0256416782949794,-0.0257195438738271,-0.0543659246906659,-0.0298828816183219,-0.0303456784771111,-0.019700625231587,-0.019801976749123,-0.0198448361189434,-0.0425016539683704,-0.0228577949448717,-0.0231203012255509
-0.0397050028065739,-0.0397998290814232,-0.0404061297047045,-0.0804597307497807,-0.047392964624388,-0.0481892302787657,-0.0254526529432084,-0.0255243495822619,-0.0256672601478049,-0.0543659246906659,-0.0298986461928234,-0.0303319906664035,-0.0196601569746327,-0.0197397550959467,-0.0198546211251496,-0.0425016539683704,-0.022865455539242,-0.023098835439789
-0.0396984642025183,-0.0399391000919221,-0.0402766505696392,-0.0804597307497807,-0.0474089312056705,-0.048304766050639,-0.0254483564474184,-0.0255537193238036,-0.025679219093437,-0.0543659246906659,-0.0299036704938584,-0.0303880367638023,-0.0196595156116208,-0.0197664547504667,-0.0198203732487866,-0.0425016539683704,-0.0228681182536643,-0.0231381556020501
-0.0396984098526203,-0.0399303970799274,-0.0403519402725227,-0.0804597307497807,-0.0474089928448771,-0.0483456942057433,-0.0254483128904845,-0.0255528771132003,-0.0256610291928712,-0.0543659246906659,-0.0299029784961205,-0.0304105391472961,-0.019659499110731,-0.0197657999828755,-0.0198182829088134,-0.0425016539683704,-0.0228675421392946,-0.0231553964115099
-0.039534162303737,-0.0398842473931594,-0.0400872096690684,-0.0804597307497807,-0.0473516221206444,-0.0481218113180289,-0.0253913005717736,-0.0255086422068088,-0.0256329549954355,-0.0543659246906659,-0.0298482101635975,-0.030276823175578,-0.0195914029094786,-0.0196769890927568,-0.0197624797963718,-0.0425016539683704,-0.0227796933554596,-0.022999326327782
-0.0395336494851854,-0.0399615386683449,-0.0400922384755045,-0.0804597307497807,-0.0473714618779245,-0.048039411705619,-0.0253945074833606,-0.0255051816883878,-0.0256341368945933,-0.0543659246906659,-0.0298566018455647,-0.0302478773442305,-0.0195934105589949,-0.0196749720320146,-0.0197740297622169,-0.0425016539683704,-0.0227825928878585,-0.0229787283957514
-0.0395826175893729,-0.0400854089833514,-0.0405927948277364,-0.0804597307497807,-0.0473755501464685,-0.0480410713110985,-0.0254517461583633,-0.0255961191456928,-0.0257573548918062,-0.0543659246906659,-0.0298616341640328,-0.0302617348924959,-0.0196469331157889,-0.0197784565458451,-0.019886729884656,-0.0425016539683704,-0.022786543012786,-0.0229830049036951
-0.0396407413318573,-0.0400085997844387,-0.0406320562245123,-0.0804597307497807,-0.0473489806601974,-0.0479995552234026,-0.0253978887509023,-0.0255095916485823,-0.0257039700609108,-0.0543659246906659,-0.0298558691544975,-0.0302658995482191,-0.0196458422877126,-0.01973611146661,-0.0198356816422539,-0.0425016539683704,-0.0227797448621792,-0.0229704781115146
-0.0399281954681273,-0.0400967800612764,-0.0406927131852217,-0.0804597307497807,-0.0472423105358011,-0.0477662160302909,-0.0255334341673265,-0.0255488748380132,-0.0256798644563039,-0.0543659246906659,-0.0298388929398686,-0.030194057257339,-0.0197102651017295,-0.0197479038337858,-0.0198292898715277,-0.0425016539683704,-0.0227692094171956,-0.0229179903302024
-0.0399289178486938,-0.0400563190238386,-0.0407399058270764,-0.0804597307497807,-0.0472346732214422,-0.0478172083161586,-0.025532240155659,-0.0255483968170117,-0.0256794615372053,-0.0543659246906659,-0.0298394087631026,-0.030234821976485,-0.0197116533109353,-0.0197524131990515,-0.0198267121494701,-0.0425016539683704,-0.0227709413631578,-0.0229484518512884
-0.0398133348247088,-0.0400415774775276,-0.040323716798125,-0.0804597307497807,-0.0472224243624804,-0.0477205072158122,-0.0254885328671937,-0.0256069212343216,-0.0256700161187491,-0.0543659246906659,-0.0298358645634166,-0.0301671521711062,-0.0196585842997843,-0.0197859375582257,-0.019841135348013,-0.0425016539683704,-0.0227733555114699,-0.02290766436588
-0.0397796626270709,-0.0399418087853344,-0.0403188162445119,-0.0804597307497807,-0.0472347053142012,-0.0476405832989661,-0.0255552820158613,-0.0255968138066299,-0.0257056931551634,-0.0543659246906659,-0.0298264155417422,-0.0300856699367289,-0.0196681286136378,-0.0197280256227303,-0.0198589681921218,-0.0425016539683704,-0.0227704069795896,-0.0228680006016279
-0.0394086379644491,-0.0398643701169765,-0.0400823369508759,-0.0804597307497807,-0.0472224801543835,-0.0476246039626852,-0.0254391055550252,-0.0256202560890294,-0.0256896908996306,-0.0543659246906659,-0.0298175830917147,-0.0300770856024297,-0.0196396411662623,-0.0198076016558275,-0.0198842728185822,-0.0425016539683704,-0.0227780060788609,-0.0228754744487202
-0.0394608861016945,-0.039480076233442,-0.0400132175777489,-0.0804597307497807,-0.0471985946187678,-0.0474819182569806,-0.0254625376921358,-0.0254695433322538,-0.0256871486863593,-0.0543659246906659,-0.0298187540304265,-0.0300022477792467,-0.0196265381194759,-0.0196786830267908,-0.0198493618864558,-0.0425016539683704,-0.0227777904297492,-0.0228439074334601
-0.0393688915782159,-0.0394878660199258,-0.0399197492459022,-0.0804597307497807,-0.0471906445272952,-0.0475088383917169,-0.0254227782457318,-0.0254850980523521,-0.0255915922216132,-0.0543659246906659,-0.0298115342872524,-0.0300162306763258,-0.0196129488168847,-0.019693501449634,-0.0197817622421393,-0.0425016539683704,-0.0227769903278723,-0.0228531177435195
-0.0394295067882897,-0.0394676662005038,-0.0399601878022154,-0.0804597307497807,-0.0472051798776952,-0.0477173010458243,-0.0254268511038977,-0.0254178215814054,-0.025715119323393,-0.0543659246906659,-0.0298241173771428,-0.0301443088273474,-0.0196069310975654,-0.0196403809791443,-0.0198504994385896,-0.0425016539683704,-0.0227793754736161,-0.0229110375670617
-0.0395810770428979,-0.0398054897973802,-0.0402088003135745,-0.0804597307497807,-0.047280337392784,-0.0477680187996189,-0.0256513036091174,-0.0257619578453294,-0.0259387277467812,-0.0543659246906659,-0.0301694634366889,-0.0304590895241119,-0.019784070621079,-0.0198922133717548,-0.0200294720082672,-0.0425016539683704,-0.0230244763787087,-0.0231428578565549
-0.039661819793256,-0.0398049286897606,-0.0399611452038047,-0.0804597307497807,-0.0472823362956455,-0.0476384533524377,-0.025622310930155,-0.0257609502941101,-0.0260144094565092,-0.0543659246906659,-0.0301809772723282,-0.0303898146977996,-0.0197823683132133,-0.0198995699290222,-0.0200454500734588,-0.0425016539683704,-0.0230262777473666,-0.0231099122967412
-0.0396616674183152,-0.0398162596428189,-0.0399488369858204,-0.0804597307497807,-0.0472698967433172,-0.0475119841987429,-0.0256223231128396,-0.0257727874869681,-0.0260008922658988,-0.0543659246906659,-0.0301787948292841,-0.0303139525094813,-0.0197824622391512,-0.0199048833310005,-0.0200409046316048,-0.0425016539683704,-0.02302436472495,-0.0230745516331307
-0.0396621077355921,-0.0395885632477555,-0.0398044978543196,-0.0804597307497807,-0.0472653448712649,-0.0474817057997326,-0.0256552185270907,-0.0258277021891869,-0.0260661047127012,-0.0543659246906659,-0.0301825641830979,-0.0303096139059259,-0.0197951411265466,-0.019954146485439,-0.0200780293609202,-0.0425016539683704,-0.0230059027206446,-0.0230575622341943
-0.0396621071771679,-0.0396086899957031,-0.0399381850704574,-0.0804597307497807,-0.0472703165971706,-0.0474529100901568,-0.0256552186905616,-0.025795694616091,-0.0260399057900659,-0.0543659246906659,-0.03017818778182,-0.0302863450781152,-0.0197951413364094,-0.0199186763085386,-0.0200677695834164,-0.0425016539683704,-0.0230021677764688,-0.0230447694353213
-0.0395640582822345,-0.0395604899847075,-0.0399361386830378,-0.0804597307497807,-0.0472650680100321,-0.0474685768199719,-0.0257063510164324,-0.0258312335177717,-0.0261367620134634,-0.0543659246906659,-0.0301769213585213,-0.0302953963169232,-0.0198537023376396,-0.0199580302598621,-0.0201246845265974,-0.0425016539683704,-0.0230011297707176,-0.0230488476307902
-0.0398059776603363,-0.0397371351310401,-0.0401274682008056,-0.0804597307497807,-0.0472653085186929,-0.0476271667593013,-0.0258638771961801,-0.0259682514582304,-0.0261438056364419,-0.0543659246906659,-0.030290515776778,-0.03048059529875,-0.020030599878015,-0.0201546678930476,-0.0202409824248311,-0.0425016539683704,-0.0231233590131623,-0.0232088282595792
-0.039805982300307,-0.0396884496183539,-0.0400699358773071,-0.0804597307497807,-0.0472925616210906,-0.047722672025181,-0.0258638894809562,-0.0259649258840653,-0.0261606768468315,-0.0543659246906659,-0.0302908270857994,-0.0305201006502304,-0.0200306093525342,-0.0201553438947165,-0.0202382181750496,-0.0425016539683704,-0.023125753577407,-0.0232292430496559
-0.0398071271944531,-0.0397186997226314,-0.040095617284204,-0.0804597307497807,-0.0472887902792507,-0.0477440143664943,-0.025863891092157,-0.0259707945124211,-0.0261521629423348,-0.0543659246906659,-0.0302891777611374,-0.030536726313966,-0.0200311003978001,-0.0201615963893697,-0.0202318351657992,-0.0425016539683704,-0.0231253553249788,-0.0232341622550661
-0.0398071741969661,-0.0397611681118491,-0.0400916516876526,-0.0804597307497807,-0.0472709660417611,-0.0476855221189747,-0.0258638620955282,-0.0259494219009198,-0.0261509566855528,-0.0543659246906659,-0.0302817865806524,-0.0305085478940435,-0.0200310911314978,-0.0201421168871656,-0.020232758376377,-0.0425016539683704,-0.0231207880988624,-0.0232234548909007
-0.0397695922961459,-0.0398963927353418,-0.0400421783336644,-0.0804597307497807,-0.0472770530573332,-0.0476253291441468,-0.0257521053377462,-0.025893943117559,-0.0262630227843729,-0.0543659246906659,-0.0302836333692244,-0.0304770686885753,-0.0199833710608452,-0.0201174774658674,-0.020284020933723,-0.0425016539683704,-0.0231216600778206,-0.0232077976099826
-0.039769261092238,-0.0399257070927652,-0.0400323355015187,-0.0804597307497807,-0.047281468104909,-0.0476240424925459,-0.0257519126444655,-0.025889781214058,-0.0262116782820203,-0.0543659246906659,-0.0302795362552671,-0.0304659364763817,-0.0199831711757332,-0.0201145006102288,-0.0202563378163229,-0.0425016539683704,-0.0231207227179218,-0.0232059808264273
-0.0398490968087179,-0.0400717310391499,-0.0400299525775627,-0.0804597307497807,-0.0472785469879498,-0.0475812600093043,-0.025751109862454,-0.0258764879532071,-0.0261264716911869,-0.0543659246906659,-0.030277925418593,-0.0304442591046854,-0.0199634497055064,-0.0201358960948807,-0.0202262369046534,-0.0425016539683704,-0.0231230535106671,-0.023199149638203
-0.0398420626319046,-0.0400682396926847,-0.0399437341747165,-0.0804597307497807,-0.0472972581870988,-0.0476791727342367,-0.0257284063523014,-0.0258387251257891,-0.0260434614657747,-0.0543659246906659,-0.030277126227688,-0.0304816873745617,-0.0200098226169358,-0.0201035968003735,-0.0202062155085407,-0.0425016539683704,-0.023114613834266,-0.0232103619499145
-0.0398435061114914,-0.0400619344427873,-0.039988588077834,-0.0804597307497807,-0.0472975663291155,-0.0476892987816252,-0.0257294610900031,-0.0258373585123148,-0.026029012774607,-0.0543659246906659,-0.0302771049414003,-0.0304810213498061,-0.0200107298240538,-0.020102884802994,-0.0202019616502875,-0.0425016539683704,-0.0231146234994549,-0.023210132501763
-0.0398417346651413,-0.0400061848466521,-0.0405076432443043,-0.0804597307497807,-0.0472974382366248,-0.0476886493947408,-0.0257707668441214,-0.0257955972551532,-0.0260976809061105,-0.0543659246906659,-0.0302792048130606,-0.0304813967950483,-0.0199471227911639,-0.0200015677849271,-0.0202461274352235,-0.0425016539683704,-0.0231150117189107,-0.023210003812799
-0.0397032486885216,-0.0400582051692095,-0.0404765755600734,-0.0804597307497807,-0.0472911661680758,-0.0476582870562245,-0.0257325272679552,-0.0258362874559673,-0.0260080687485162,-0.0543659246906659,-0.0302674971119045,-0.0304612381364725,-0.0199010886529052,-0.020013965348996,-0.0201790326523199,-0.0425016539683704,-0.0231165860901327,-0.0232019191737983
-0.0397158778369145,-0.039894034203045,-0.0403106236510736,-0.0804597307497807,-0.0472882654378547,-0.0475896544110428,-0.0256827685980945,-0.0257738947492563,-0.0259486418889497,-0.0543659246906659,-0.0302604148266408,-0.030424516687674,-0.0198832779086805,-0.0199140059732732,-0.0200738324272264,-0.0425016539683704,-0.0231151452941422,-0.0231829404310774
-0.0399668819531061,-0.0400712172061504,-0.0401302794019098,-0.0804597307497807,-0.0472890781628023,-0.0476889245027512,-0.0255982322338758,-0.0256743212106716,-0.0258760976147038,-0.0543659246906659,-0.03025928637892,-0.0304776034928529,-0.0197616968725652,-0.0198486301672562,-0.0199791805332674,-0.0425016539683704,-0.0231154148650509,-0.0232116635825919
-0.0401281692944235,-0.0399972656407471,-0.0404934868467322,-0.0804597307497807,-0.0472861754651907,-0.0477114758028479,-0.0256361791914877,-0.0256473959894786,-0.025869323428739,-0.0543659246906659,-0.0302475541086854,-0.0304871252849662,-0.0198083690388877,-0.0198190158839347,-0.019961702504098,-0.0425016539683704,-0.023109281931148,-0.0232164117422082
-0.04008351752819,-0.0399833076587821,-0.0404100898498237,-0.0804597307497807,-0.0472853008746222,-0.0476809031199852,-0.0256442739949711,-0.0256012505592714,-0.025794913560112,-0.0543659246906659,-0.0302471655632197,-0.0304752907253633,-0.0198038505402074,-0.0197943889870339,-0.0199150796169839,-0.0425016539683704,-0.0231083510862234,-0.0232079446788356
-0.0399941014751778,-0.0401283544059347,-0.040230063512554,-0.0804597307497807,-0.0472923572541526,-0.0476693945916034,-0.025689871881516,-0.0256594806599735,-0.0258392459541919,-0.0543659246906659,-0.0302528606507978,-0.0304712677967605,-0.0198500824646115,-0.01984082075319,-0.0199434844954951,-0.0425016539683704,-0.0231109187685254,-0.0232049492041847
-0.0399941993710867,-0.0401297153878113,-0.0402274581904402,-0.0804597307497807,-0.0472957003822908,-0.0475853497777928,-0.0256898948768246,-0.0256585994334016,-0.0258431223661255,-0.0543659246906659,-0.0302523611190243,-0.0304267357444644,-0.0198501040294637,-0.019840498403268,-0.0199469268483545,-0.0425016539683704,-0.0231127997476082,-0.0231864618666897
-0.0398980773228147,-0.0400918951333705,-0.0403171057811833,-0.0804597307497807,-0.0472929773780483,-0.0476108246719446,-0.0257452827384352,-0.0257319216155845,-0.0258700755929977,-0.0543659246906659,-0.030257341201397,-0.0304462821420474,-0.0198463550355576,-0.0198676563051012,-0.0199537473589435,-0.0425016539683704,-0.0231149491541947,-0.0231948933968953
-0.0399242593004067,-0.0400736700018865,-0.0406191464741049,-0.0804597307497807,-0.0473474563666252,-0.0476778296209538,-0.0255693368094603,-0.0255916845316317,-0.0257546056664987,-0.0543659246906659,-0.0302340147673015,-0.0304599431335878,-0.0197561953652325,-0.0198259054455195,-0.0198815736836511,-0.0425016539683704,-0.0231163214204989,-0.0232069175344255
-0.0400477808763369,-0.0402863927321958,-0.0406127681242643,-0.0804597307497807,-0.0473558203606931,-0.0477746281666577,-0.0255789646349316,-0.0256752826369071,-0.0257327333816367,-0.0543659246906659,-0.0302384692174227,-0.0305237128764584,-0.0197644470290279,-0.0198507057429399,-0.0198708360632318,-0.0425016539683704,-0.0231197366001246,-0.0232397262146429
-0.0398726838476466,-0.0403525109870435,-0.0406870655590544,-0.0804597307497807,-0.047357951316604,-0.0477449273727767,-0.0255602867436486,-0.0256731238203625,-0.0257681116281402,-0.0543659246906659,-0.0302405238907474,-0.030507037500729,-0.0197471579065586,-0.0198550292029626,-0.0198754631180211,-0.0425016539683704,-0.0231204334568381,-0.0232283735984808
-0.0398682043302968,-0.0403618757994158,-0.0406865575875609,-0.0804597307497807,-0.0473599099693487,-0.0476840011202706,-0.0255595256723167,-0.0256793598867904,-0.025768951736639,-0.0543659246906659,-0.0302396959088704,-0.0304649888770835,-0.0197467926379548,-0.0198562053864042,-0.0198765654934822,-0.0425016539683704,-0.0231206934874589,-0.023208525775734
-0.0401687471508834,-0.0402287268078864,-0.0406658651498912,-0.0804597307497807,-0.0473665370842039,-0.0476764097734991,-0.0255344046749855,-0.0255647765549959,-0.0258847937401855,-0.0543659246906659,-0.0302484983362148,-0.0304634159145651,-0.0198202203744301,-0.0198400482133197,-0.0199931588195954,-0.0425016539683704,-0.023126585854867,-0.0232070101903594
-0.040139205423281,-0.04002052837018,-0.0405627883892571,-0.0804597307497807,-0.0473594095388437,-0.0477568639285452,-0.0255784843020711,-0.0255783689384397,-0.0258665946894572,-0.0543659246906659,-0.0302447105042102,-0.0305112818620721,-0.0198451594850844,-0.0198373267864703,-0.0200021986191474,-0.0425016539683704,-0.0231256968951119,-0.0232335402486346
-0.0404505336845111,-0.0402427545664834,-0.0404727926844384,-0.0804597307497807,-0.0473585902171757,-0.0477278159887507,-0.0256117621168249,-0.0256245168198147,-0.0258786989198747,-0.0543659246906659,-0.0302443648000391,-0.0304933108783788,-0.019818441312605,-0.0198509216815719,-0.0199829806347805,-0.0425016539683704,-0.023125721457505,-0.0232263261883867
-0.0402555604296985,-0.0402187696136508,-0.040660348598561,-0.0804597307497807,-0.0473610552763142,-0.0477124615172766,-0.0255197153687757,-0.0256071699946472,-0.0258993278737031,-0.0543659246906659,-0.0302560177433544,-0.0304943071923209,-0.0197964717158289,-0.0198483326914196,-0.0199811351326904,-0.0425016539683704,-0.0231351354126354,-0.0232320543662034
-0.0402551016411648,-0.0402327347645182,-0.0406471249091779,-0.0804597307497807,-0.0473623406814148,-0.0478023467629798,-0.0255198032308357,-0.0256025504036047,-0.0258534509475325,-0.0543659246906659,-0.0302515699330315,-0.0305402258951114,-0.019796609336606,-0.0198463925743717,-0.0199657949574032,-0.0425016539683704,-0.0231326108148036,-0.0232522625175684
-0.0402550932946155,-0.0402370302659738,-0.0406991392665179,-0.0804597307497807,-0.0473865952884432,-0.0478497704158291,-0.0255198017381647,-0.025605383794782,-0.0258619682650527,-0.0543659246906659,-0.0302369285066777,-0.0305293507965019,-0.0197966088143963,-0.0198488658761464,-0.0199466198199469,-0.0425016539683704,-0.0231232093028993,-0.0232466959598925
-0.0400505650259768,-0.0399941012113287,-0.0404606880418455,-0.0804597307497807,-0.0473858110504463,-0.0479661212012618,-0.0255022001892314,-0.0254684295157089,-0.0257404015523183,-0.0543659246906659,-0.0302347709626065,-0.0305963089343437,-0.0197847665834738,-0.0198016709997382,-0.0199541563410156,-0.0425016539683704,-0.0231241703713904,-0.0232839952122933
-0.0401123056783369,-0.040118372126746,-0.0403729121675675,-0.0804597307497807,-0.0473793150185883,-0.0479746814694523,-0.0254732141944183,-0.0255038672801967,-0.0257374699395661,-0.0543659246906659,-0.0302330107015377,-0.0306094873669295,-0.0197548324341592,-0.0197954824014654,-0.0199668717817285,-0.0425016539683704,-0.0231257738878769,-0.0232958822014851
-0.0401928098440083,-0.0403187762885936,-0.0404976371663511,-0.0804597307497807,-0.0473899255527577,-0.0479900968465314,-0.0255176298076903,-0.0255469743296605,-0.0256816304606247,-0.0543659246906659,-0.0302269491014114,-0.0306026342062946,-0.0197793198627389,-0.0198070299999232,-0.0199179561441447,-0.0425016539683704,-0.0231242338740391,-0.0232953332359343
-0.0401079786464959,-0.0403298927797363,-0.0407090275086189,-0.0804597307497807,-0.0474003560713357,-0.0480760571532671,-0.0255062616605206,-0.0255447764199001,-0.0257692178701149,-0.0543659246906659,-0.0302233241750767,-0.030652669931112,-0.0197919203435897,-0.0198455181219268,-0.0199761563250955,-0.0425016539683704,-0.0231247697359258,-0.023328400235914
-0.0401254069088733,-0.0403654495346975,-0.0407098039018889,-0.0804597307497807,-0.0474021143946578,-0.0480275524126556,-0.0254808423813668,-0.0254805732306845,-0.025722379432151,-0.0543659246906659,-0.0302234397371433,-0.0306218977345058,-0.0197827628060192,-0.0198118885407574,-0.0199165037913694,-0.0425016539683704,-0.023125903654383,-0.023308157796609
-0.040062467347795,-0.0404738908413928,-0.0410861663661301,-0.0804597307497807,-0.0474041932883317,-0.0480254059264041,-0.0255693235069488,-0.0256164679663013,-0.0258531708632964,-0.0543659246906659,-0.0302359160839156,-0.0306220120886843,-0.019846561126669,-0.0198613322324036,-0.0199840029486123,-0.0425016539683704,-0.0231343826419495,-0.0233089623440547
-0.0400624796026053,-0.0404296612741649,-0.0410459081988747,-0.0804597307497807,-0.0473987935445087,-0.0480538026992891,-0.0255693242151215,-0.0256091072753872,-0.0258340376999176,-0.0543659246906659,-0.0302331126778495,-0.0306317858598832,-0.0198465609694457,-0.0198687911118309,-0.0199733405422541,-0.0425016539683704,-0.0231329028761319,-0.0233156319110623
-0.0400320040952614,-0.0404452500985152,-0.0410191109201251,-0.0804597307497807,-0.0474011579027664,-0.0481064562351858,-0.0255699056570994,-0.0256142584694632,-0.0258543870813746,-0.0543659246906659,-0.0302395956961209,-0.0306686994826158,-0.0198505042993751,-0.0198699693077145,-0.0199839316879704,-0.0425016539683704,-0.0231394646773186,-0.0233405428936434
-0.0402191809284278,-0.040395107669442,-0.041076956116315,-0.0804597307497807,-0.0474096929865761,-0.0482346571819376,-0.025535622561723,-0.0255584245317907,-0.0257828317599802,-0.0543659246906659,-0.0302308654738389,-0.0307010339276801,-0.0197376818640579,-0.0197960755152762,-0.0199170068886639,-0.0425016539683704,-0.0231347783182753,-0.0233658121460374
-0.040107029170938,-0.0404013756590394,-0.0411903512151249,-0.0804597307497807,-0.0474116409874312,-0.0481140986189258,-0.0255485537852706,-0.025686756714829,-0.0258077572044286,-0.0543659246906659,-0.0302338707654083,-0.0306529381404352,-0.0197926527242136,-0.0198862982077046,-0.0199576180357963,-0.0425016539683704,-0.0231371582183411,-0.0233310317279053
-0.0401026588537665,-0.0405059457744974,-0.0411554309087402,-0.0804597307497807,-0.0474244435105808,-0.0480492305885651,-0.025642227550365,-0.0256004508887129,-0.025745088164004,-0.0543659246906659,-0.0302342430448927,-0.0306283530646745,-0.0198563952828037,-0.0198585481661235,-0.019956265246562,-0.0425016539683704,-0.0231344402958026,-0.0233140047388991
-0.0399867616895727,-0.0404036326683397,-0.0408465974668346,-0.0804597307497807,-0.0474440942897805,-0.0480529751837122,-0.0256202275601605,-0.0256409652997758,-0.0257325268031209,-0.0543659246906659,-0.0302383294223886,-0.0306337025713485,-0.0198118646595433,-0.0199270575490194,-0.0199427678870542,-0.0425016539683704,-0.0231374856705322,-0.0233162094547631
-0.0399867610463454,-0.0404005989237918,-0.040895694748659,-0.0804597307497807,-0.0474601443205709,-0.0480790350863122,-0.0256202271985975,-0.0256397056185763,-0.0257534288910985,-0.0543659246906659,-0.030244211081873,-0.0306458053575101,-0.0198118644954189,-0.019928524699048,-0.0199628272108713,-0.0425016539683704,-0.0231378675597255,-0.0233178740546665
-0.0399730533739866,-0.040455826348486,-0.0411187643990831,-0.0804597307497807,-0.0474584902944372,-0.0480955143856858,-0.0256266306615028,-0.0256645671796254,-0.0256563223493443,-0.0543659246906659,-0.0302512751974568,-0.0306521737399733,-0.0197570269070044,-0.0199165150765982,-0.0199070612744722,-0.0425016539683704,-0.0231399711095616,-0.0233186364909199
-0.0399948358540243,-0.0404224990529495,-0.0412762923097756,-0.0804597307497807,-0.0474555663438807,-0.0481817035024683,-0.0256083305375233,-0.025678593783186,-0.0258348205158029,-0.0543659246906659,-0.030246888844772,-0.0306826188242886,-0.019816172346169,-0.0199401777942866,-0.0200216748750973,-0.0425016539683704,-0.0231408746022625,-0.0233398437369747
-0.0403536712275973,-0.0403878866445968,-0.0411213031474625,-0.0804597307497807,-0.0474505628497121,-0.0481562469070597,-0.0257082546195275,-0.025671734174842,-0.0257878707621164,-0.0543659246906659,-0.0302473717901077,-0.0306697816869003,-0.0198530960247049,-0.0198452221185862,-0.0199400166138471,-0.0425016539683704,-0.0231410906437296,-0.0233324834664302
-0.0405855078032597,-0.0404162888739774,-0.0412196465694273,-0.0804597307497807,-0.0474828212712693,-0.0482591091892259,-0.0257877147574511,-0.0256555896989384,-0.0258281526188787,-0.0543659246906659,-0.0302745299092451,-0.030709956727861,-0.0199137262638277,-0.0198835759796119,-0.019999469425358,-0.0425016539683704,-0.0232279712485257,-0.0234299665991403
-0.0407667202429706,-0.0405989536693191,-0.0412841038855433,-0.0804597307497807,-0.0474909161767351,-0.0482315301482319,-0.0258372296449747,-0.0256435331474569,-0.0258388884001416,-0.0543659246906659,-0.0302785444836695,-0.0306964311200373,-0.0199183475452343,-0.0199152030702348,-0.020019931061236,-0.0425016539683704,-0.0232308172198349,-0.0234144080211953
-0.040778853991767,-0.0406621794677617,-0.041279486165554,-0.0804597307497807,-0.0474904382380387,-0.0482421859317075,-0.0258393803992206,-0.0257107227454396,-0.025843496875842,-0.0543659246906659,-0.0302789609253962,-0.0307116968071055,-0.0199201607821713,-0.0199272353759368,-0.0200158791224669,-0.0425016539683704,-0.0232305723310483,-0.0234161482052253
-0.0407583929640745,-0.0406830708608398,-0.0412928424750871,-0.0804597307497807,-0.0474962034220971,-0.0480741152268046,-0.0258530005312588,-0.0257365091556805,-0.0258414899411462,-0.0543659246906659,-0.0302787708660639,-0.0306374379709853,-0.0199382870156636,-0.019959785783059,-0.0200145791874848,-0.0425016539683704,-0.0232308955850681,-0.0233744620638911
-0.0406630601787493,-0.0406504276547218,-0.0412488125935446,-0.0804597307497807,-0.047492787654983,-0.0481264681513532,-0.0258162112919869,-0.025718435635232,-0.0258465212857027,-0.0543659246906659,-0.0302777024199127,-0.0306600725288157,-0.0199432844591771,-0.0199573835016522,-0.0200292578661789,-0.0425016539683704,-0.023229653106447,-0.0233878780194779
-0.0409739137606309,-0.0408177356410939,-0.0413150152095404,-0.0804597307497807,-0.0474889603215418,-0.0480519244621337,-0.0259159907119704,-0.0258266230848667,-0.0259635609755401,-0.0543659246906659,-0.0302732717944393,-0.0306163293042182,-0.0199424511031227,-0.0199470650820553,-0.020048454199647,-0.0425016539683704,-0.0232285511333394,-0.0233659363241623
-0.0409761893750245,-0.0408128414824671,-0.0413234564494881,-0.0804597307497807,-0.0474951946173772,-0.0480975580625626,-0.0259193316049786,-0.0258237933241212,-0.0259731486550526,-0.0543659246906659,-0.0302759766581222,-0.0306329005459686,-0.0199437595968017,-0.0199419394433716,-0.0200514774198279,-0.0425016539683704,-0.0232310261393015,-0.023376983090816
-0.0410275523382865,-0.0410692705129169,-0.0411660359906526,-0.0804597307497807,-0.0474943274675698,-0.0480758852468913,-0.0258072252244814,-0.0258097613700265,-0.0258195864738833,-0.0543659246906659,-0.0302773893509688,-0.0306225677882876,-0.019937871149271,-0.0199274000101942,-0.0200042802568329,-0.0425016539683704,-0.0232292938826658,-0.023370660437414
-0.0407275579842376,-0.0410645288907457,-0.0411521420094146,-0.0804597307497807,-0.047498698598809,-0.0480649409279529,-0.0258369324639143,-0.0258361076385533,-0.0259252866728097,-0.0543659246906659,-0.030279181076999,-0.0306176499908328,-0.0199193083519901,-0.0199270527421653,-0.0200279962630305,-0.0425016539683704,-0.0232284950813867,-0.0233655600394833
-0.0408607078642252,-0.0409142515240048,-0.0412725931571419,-0.0804597307497807,-0.0475045430895664,-0.0481197837533167,-0.0259101544181937,-0.0258977039808068,-0.0259591127083012,-0.0543659246906659,-0.030269318271387,-0.0306369359651612,-0.0198789161456643,-0.0198936990378714,-0.0199391589393651,-0.0425016539683704,-0.023225699465334,-0.0233749894372442
-0.0407733936888287,-0.0408249577552928,-0.0412025137746894,-0.0804597307497807,-0.0475012413871509,-0.0480342670343371,-0.025842908174126,-0.0258775531418551,-0.0259209468423765,-0.0543659246906659,-0.0302750183419148,-0.0306027192223025,-0.0198354896798135,-0.0198553307308078,-0.0199087877547817,-0.0425016539683704,-0.0232278951263439,-0.0233549296571236
-0.0410520335760094,-0.0408669693336039,-0.0413087300876296,-0.0804597307497807,-0.0475095448540231,-0.0480740450966337,-0.0259035247329613,-0.0258582233140026,-0.0258625000753558,-0.0543659246906659,-0.0302722559783107,-0.0306262632989327,-0.0198566313467547,-0.019847760051302,-0.0199054409891945,-0.0425016539683704,-0.0232274662006149,-0.0233693590236943
-0.0403678733729168,-0.0406611448832002,-0.0412095210163021,-0.0804597307497807,-0.0475088766349638,-0.0479546487741599,-0.025854765457678,-0.0259414240549033,-0.0258886189632299,-0.0543659246906659,-0.03027235347512,-0.030551102914503,-0.0198695273098102,-0.0199158655155014,-0.01990817352735,-0.0425016539683704,-0.0232266053260548,-0.0233280334099526
-0.0404412865851774,-0.0405884769179726,-0.0413028351592498,-0.0804597307497807,-0.0475170212779603,-0.0480203726288233,-0.0258507195327732,-0.0258916586615248,-0.0259661281350438,-0.0543659246906659,-0.0302715787859378,-0.0305881315565926,-0.0198433399012472,-0.019891705785484,-0.0199493265232105,-0.0425016539683704,-0.023224340652392,-0.0233457983550121
-0.0405560456435147,-0.0407079360637341,-0.0409114405157944,-0.0804597307497807,-0.0475118738493164,-0.0480551817256595,-0.0258972218972487,-0.0258476457967463,-0.0258775326801778,-0.0543659246906659,-0.0302732843785743,-0.0306078459486529,-0.0198372574887155,-0.019854756133787,-0.0198707706107939,-0.0425016539683704,-0.0232259459064921,-0.0233568886467654
-0.0406395624113818,-0.0408465536303905,-0.0412469489830667,-0.0804597307497807,-0.0475229828631735,-0.0480564496937979,-0.0258478713835736,-0.02582304456584,-0.0258483744978816,-0.0543659246906659,-0.0302769483910508,-0.0306003069623167,-0.01981015648005,-0.0197899733046248,-0.0198401519529893,-0.0425016539683704,-0.0232282822678697,-0.0233523042479355
-0.0408681907930184,-0.0408430465525933,-0.0411990707326454,-0.0804597307497807,-0.0475117212397457,-0.0481360188082909,-0.0258486855249641,-0.0257999381142604,-0.0258848410006594,-0.0543659246906659,-0.0302731371692176,-0.0306384708903513,-0.0197883096426565,-0.0197764312979583,-0.0198193932123778,-0.0425016539683704,-0.0232263639901499,-0.0233718343161351
-0.0406385299223871,-0.0407906386292411,-0.0411268395036914,-0.0804597307497807,-0.047510506139146,-0.0482034765680736,-0.0258389197860655,-0.0257319308373606,-0.0258803835065639,-0.0543659246906659,-0.0302726031801344,-0.0306690664806093,-0.0197996173542798,-0.019745301306582,-0.0198158289207631,-0.0425016539683704,-0.0232262456677605,-0.0233908653483676
-0.0405955863796412,-0.0407720361149635,-0.0411790594370605,-0.0804597307497807,-0.0474940451018844,-0.0481424345314901,-0.0257951877348869,-0.0257474564012713,-0.0258727613574067,-0.0543659246906659,-0.0302648752961454,-0.0306409651350688,-0.0197915812092713,-0.0197269057839915,-0.0198128582638829,-0.0425016539683704,-0.0232233127778121,-0.0233739649860909
-0.0407983815724943,-0.040983955951498,-0.0411817336371764,-0.0804597307497807,-0.0474917698078579,-0.0480007945887188,-0.0257779530187471,-0.0258657259778902,-0.0258525897171534,-0.0543659246906659,-0.0302677897730785,-0.0305674994344608,-0.0197682506683063,-0.0197832140579073,-0.0197962217390583,-0.0425016539683704,-0.0232236442847411,-0.0233343406578078
-0.04076558161536,-0.0408423902944472,-0.0412242124937939,-0.0804597307497807,-0.0475032495305567,-0.0479949258567348,-0.0258193371541251,-0.0258792854701142,-0.0259230336543929,-0.0543659246906659,-0.0302669016405535,-0.0305649102781863,-0.0197979614944616,-0.0198248504262797,-0.0198721609654422,-0.0425016539683704,-0.0232239390236802,-0.0233329215463068
-0.0407593775961426,-0.0408300436442141,-0.0411802586332529,-0.0804597307497807,-0.0475412318638063,-0.0481730226786047,-0.0258152491849015,-0.0258680732212177,-0.0259188382016934,-0.0543659246906659,-0.0302902756851087,-0.0306424210800234,-0.0197975103528159,-0.0198141791577794,-0.0198614403561076,-0.0425016539683704,-0.0232291514020877,-0.0233749203032319
-0.040746709939319,-0.0409728841683996,-0.041302735100906,-0.0804597307497807,-0.0475429128051714,-0.0482182909041728,-0.0257826778680062,-0.0258685975120148,-0.0258711620152332,-0.0543659246906659,-0.0302841543297931,-0.0306527788559919,-0.01977451292501,-0.0198389243902895,-0.019855906640058,-0.0425016539683704,-0.0232265727335219,-0.0233811105295183
-0.0407510020363107,-0.0410657438873537,-0.0413160300676956,-0.0804597307497807,-0.0475475539661539,-0.048116110131662,-0.0258082837938153,-0.0258850297842762,-0.0259125750894044,-0.0543659246906659,-0.0302861181133309,-0.0306105499412149,-0.0198089605567967,-0.0198712822844923,-0.0198863167517031,-0.0425016539683704,-0.0232254707335598,-0.0233570622877811
-0.0407460766674022,-0.0410752511873324,-0.0412480164601669,-0.0804597307497807,-0.0475672671772916,-0.0481682456398227,-0.0258085748122389,-0.0258893620492969,-0.0259457934335165,-0.0543659246906659,-0.0303021035047342,-0.0306422905171544,-0.0198093377855104,-0.0198763637793073,-0.0198854682123267,-0.0425016539683704,-0.0232341165113708,-0.0233728667281095
-0.0407086398173726,-0.0409506896771711,-0.0411726954981468,-0.0804597307497807,-0.0475581861580347,-0.0482101481360419,-0.0257947050820197,-0.0259247943972987,-0.0258880334543258,-0.0543659246906659,-0.0303062236996339,-0.0306731413579902,-0.0197932736361519,-0.0198968195311621,-0.0198496862049622,-0.0425016539683704,-0.0232339815913605,-0.0233859496878882
-0.0407094052621053,-0.0409276915222261,-0.041147311383571,-0.0804597307497807,-0.0475481585751752,-0.048129709472426,-0.0257933196418337,-0.0259027739267407,-0.0258996386098092,-0.0543659246906659,-0.0302946494747681,-0.0306397908554307,-0.0197924916347614,-0.019895888557928,-0.01985516449528,-0.0425016539683704,-0.0232284107643272,-0.0233716404992618
-0.0409128714706801,-0.0409625023730457,-0.0414607709554079,-0.0804597307497807,-0.0475494150311568,-0.0481176805616624,-0.0258515724883266,-0.0258460460896155,-0.0258914479254006,-0.0543659246906659,-0.0302975777626985,-0.0306290081780026,-0.0198243521348196,-0.0198426922124437,-0.0199021984096549,-0.0425016539683704,-0.0232307584649449,-0.0233668178028264
-0.040913948089451,-0.0409733968575945,-0.0413195294712645,-0.0804597307497807,-0.0475472110245751,-0.048181664496992,-0.0258500963211492,-0.0258505964363614,-0.0258948798853386,-0.0543659246906659,-0.0303024278933502,-0.0306774848103036,-0.0198237446331157,-0.0198446765925301,-0.0198830461758447,-0.0425016539683704,-0.0232322867872975,-0.0233862310893638
-0.0408480617749923,-0.0409234811301849,-0.0410785391832909,-0.0804597307497807,-0.047544845632563,-0.0481283833441043,-0.025861161334415,-0.02586016841792,-0.0259497089379152,-0.0543659246906659,-0.0303031286974027,-0.0306426665049337,-0.0198186341024232,-0.0198379362611894,-0.0198874845732317,-0.0425016539683704,-0.0232314379360209,-0.0233711029061368
-0.0408746151271614,-0.0409234342102129,-0.0413144242312976,-0.0804597307497807,-0.0475565489056353,-0.048094504615957,-0.0259092917698169,-0.0259153796380834,-0.0260708733990313,-0.0543659246906659,-0.0303065177187122,-0.0306215061832076,-0.0198686256937717,-0.0198811359620332,-0.0199771817987217,-0.0425016539683704,-0.0232334398283404,-0.0233603008706542
-0.0408623429696728,-0.0412996677479077,-0.0416781482275592,-0.0804597307497807,-0.0475612335865898,-0.0480221745388186,-0.0258647804759733,-0.025954333929859,-0.0259683291460007,-0.0543659246906659,-0.0303110847871481,-0.0305798285336136,-0.0198512059081804,-0.0198909715813645,-0.0199366285510335,-0.0425016539683704,-0.023232940050101,-0.0233377429519089
-0.0407908317051818,-0.0414224692249583,-0.0417224197126311,-0.0804597307497807,-0.0475850750709499,-0.0479799201225275,-0.0258218454494169,-0.0259177889980804,-0.0259547571254582,-0.0543659246906659,-0.0303139294421588,-0.0305525484045122,-0.0198582904000735,-0.0198895896103145,-0.0199277362938428,-0.0425016539683704,-0.0232368251693183,-0.0233245524423159
-0.0411470915745365,-0.0411987124005206,-0.0414424117724332,-0.0804597307497807,-0.0475915420855901,-0.048062081228836,-0.0259192799796281,-0.025884593466498,-0.0259950542032446,-0.0543659246906659,-0.030317833295331,-0.0305985866796755,-0.0198850339317437,-0.0198886650146549,-0.019921628993335,-0.0425016539683704,-0.0232385890219414,-0.0233462672801751
-0.04079800930236,-0.0410078264415324,-0.041436706232405,-0.0804597307497807,-0.0475913370430984,-0.0480755963327389,-0.0258672073851672,-0.0260046434952344,-0.0259825655377839,-0.0543659246906659,-0.0303183213437276,-0.0306098928873203,-0.0198827532034158,-0.0199755490280553,-0.0199387441606501,-0.0425016539683704,-0.0232379304875533,-0.0233499540260972
-0.0408200717084466,-0.0410035455528068,-0.0414351119527162,-0.0804597307497807,-0.0475900196802088,-0.0480133220605056,-0.0258582109145628,-0.0259800025906845,-0.0259961183176608,-0.0543659246906659,-0.0303200608431488,-0.0305809274825463,-0.0198797961599547,-0.0199638750681525,-0.0199462933685292,-0.0425016539683704,-0.023238368788582,-0.0233352226497715
-0.0407932789395867,-0.0410163089669396,-0.0413733991301488,-0.0804597307497807,-0.0475856664300686,-0.0478340677591694,-0.025888200793738,-0.0259064350405772,-0.026063752095581,-0.0543659246906659,-0.0303179247352771,-0.0304708430965407,-0.0198361688253673,-0.0198524121936205,-0.019988167999285,-0.0425016539683704,-0.0232381894320154,-0.023283561601714
-0.0411231850580838,-0.0415498081360204,-0.0416384024039775,-0.0804597307497807,-0.0475823527188379,-0.0478759204287057,-0.0258927908331236,-0.0259640435677891,-0.0260307678116769,-0.0543659246906659,-0.0303195695993373,-0.0305032377805504,-0.0198770883557462,-0.0199298165280812,-0.019969563149276,-0.0425016539683704,-0.0232392562517857,-0.0232988995525726
-0.041137296779384,-0.041401267397409,-0.0415196516501024,-0.0804597307497807,-0.0475855055805169,-0.0479428155594986,-0.0259057853603646,-0.0259847755336219,-0.0260307135865324,-0.0543659246906659,-0.030314180880314,-0.0305396745926119,-0.0198802821494897,-0.0199352994919199,-0.0199524870637356,-0.0425016539683704,-0.0232369826772155,-0.0233149363917764
-0.0413398404918279,-0.0415471387204607,-0.041603940600438,-0.0804597307497807,-0.0476135127220105,-0.0480158274752075,-0.0260112218437668,-0.026015055027161,-0.026056504078737,-0.0543659246906659,-0.0303241977793503,-0.0305889089454797,-0.0199185178880526,-0.0199183092707379,-0.0199490781351992,-0.0425016539683704,-0.0232410922543798,-0.0233364040033447
-0.0413364663526529,-0.0415523460726539,-0.0415941930035232,-0.0804597307497807,-0.0476176110516071,-0.0479929978786819,-0.0260093048856796,-0.0260143562182134,-0.0260565852585026,-0.0543659246906659,-0.030336907845376,-0.0306035656327872,-0.0199176709861643,-0.0199180130244529,-0.0199492817506045,-0.0425016539683704,-0.0232436451179709,-0.0233399665846783
-0.0412039993212416,-0.0417197801257556,-0.0416128941237257,-0.0804597307497807,-0.0476180201447254,-0.0479735193969068,-0.0260235618561098,-0.0260456917029337,-0.0260691475918279,-0.0543659246906659,-0.0303439545752172,-0.0306003857790526,-0.0199258419462048,-0.0199122745535329,-0.0199342282693615,-0.0425016539683704,-0.0232455109071909,-0.0233383564185028
-0.0413027305853209,-0.0417072200175071,-0.0416316326565111,-0.0804597307497807,-0.0476343154139654,-0.0479690522858338,-0.0260102446341274,-0.026061253164303,-0.0260158566255918,-0.0543659246906659,-0.0303553214415124,-0.0305936474279214,-0.0199082480793513,-0.0199043587954158,-0.0198990825167568,-0.0425016539683704,-0.0232488214985942,-0.0233335438890725
-0.0413005789812079,-0.0417095777068503,-0.0416553998958638,-0.0804597307497807,-0.047638048751385,-0.0479101603131114,-0.0260132372057472,-0.0260611609913616,-0.0260189102120669,-0.0543659246906659,-0.0303552379795963,-0.0305510183416635,-0.0199078589272775,-0.0199094212166474,-0.019912354411275,-0.0425016539683704,-0.0232478399819117,-0.0233135983928713
-0.0413070984801162,-0.0414237903877614,-0.0417812460344081,-0.0804597307497807,-0.0476358828329861,-0.047982120802471,-0.0259347326757282,-0.0260871032413519,-0.0261075289268214,-0.0543659246906659,-0.0303566416972867,-0.0306033888205543,-0.0198453496711986,-0.0199295331709806,-0.0199517946724964,-0.0425016539683704,-0.0232458933929536,-0.0233371030193663
-0.0414704914874611,-0.0412890592162566,-0.0416867459060097,-0.0804597307497807,-0.0476419785891347,-0.0479896267882119,-0.0259830821015639,-0.0259867106804635,-0.0260181060770252,-0.0543659246906659,-0.0303497140522113,-0.0306043292399959,-0.0198388618915777,-0.0198210015902912,-0.0198926200633528,-0.0425016539683704,-0.0232423778172542,-0.0233377702975401
-0.0412518490568742,-0.0414340304398251,-0.0417497304633934,-0.0804597307497807,-0.0476478209608101,-0.0479373189810854,-0.0259494185350321,-0.0260762812858418,-0.0260963835057815,-0.0543659246906659,-0.0303434456809885,-0.0305596284805941,-0.0198033865083556,-0.0198448756922767,-0.0198613776544854,-0.0425016539683704,-0.0232473141187986,-0.0233257763045642
-0.0415617982539551,-0.0415614707818809,-0.0421284298371587,-0.0804597307497807,-0.0476401321141563,-0.0478929039123964,-0.0261536639834803,-0.0260715310943513,-0.0261910834913438,-0.0543659246906659,-0.030344667265735,-0.0305395745836586,-0.0198885820791267,-0.0198872196736065,-0.0199020511747011,-0.0425016539683704,-0.023248379242504,-0.0233162444071466
-0.0415459916983245,-0.0414596163360505,-0.0418482637921104,-0.0804597307497807,-0.0476401297870929,-0.0479637757002992,-0.0260130701531768,-0.0259788743775094,-0.0261169789051899,-0.0543659246906659,-0.0303443819317883,-0.0305949226492357,-0.0198681107938,-0.0198122436594214,-0.0198634839449902,-0.0425016539683704,-0.0232477003964335,-0.0233442287173504
-0.0416496035332457,-0.0416874943591436,-0.0423276649428897,-0.0804597307497807,-0.0476465381926147,-0.0479074100133201,-0.0260913136103783,-0.0260774400592775,-0.0262147291977465,-0.0543659246906659,-0.0303392471384895,-0.0305533211911161,-0.0199033996358832,-0.0198295410620248,-0.0199568852849672,-0.0425016539683704,-0.0232468767937494,-0.0233225741730037
-0.0417313181633084,-0.0417715705049635,-0.0422532804232032,-0.0804597307497807,-0.047651382223712,-0.0479187110230288,-0.0260668987509386,-0.0260612050358535,-0.0261593196115078,-0.0543659246906659,-0.0303364467717535,-0.0305519956627559,-0.0198951207292216,-0.0198327690235638,-0.0199275028876649,-0.0425016539683704,-0.0232399346984538,-0.023319829113054
-0.0419060798926128,-0.0417635932687522,-0.0422751247733839,-0.0804597307497807,-0.0476393041140568,-0.0478583888151928,-0.0260631312123341,-0.0260783893403552,-0.0261345237905366,-0.0543659246906659,-0.0303395038224589,-0.030522225938785,-0.0198781010021273,-0.0198486161065706,-0.0199183417295926,-0.0425016539683704,-0.0232396080475002,-0.0233017144256473
-0.0416970906312347,-0.0419496957685562,-0.0425321798114662,-0.0804597307497807,-0.0476375276747071,-0.0478390877125603,-0.0261144916141151,-0.0261768675548091,-0.0262081860098983,-0.0543659246906659,-0.0303372704764316,-0.0305028378170078,-0.0199001596581571,-0.0199169606055934,-0.0199667385369332,-0.0425016539683704,-0.0232421401520387,-0.0232941654277341
-0.0418337131569824,-0.0420796036963866,-0.0423556675659188,-0.0804597307497807,-0.0476401683104694,-0.0478683626932003,-0.0261500112428044,-0.0261856153842157,-0.0261944671421011,-0.0543659246906659,-0.0303357442156237,-0.0305196505500612,-0.0199116456438733,-0.0199358248068513,-0.0199568772917907,-0.0425016539683704,-0.0232410279575067,-0.0233000459290671
-0.0417710949430906,-0.0419484089764194,-0.042292454926351,-0.0804597307497807,-0.0476443898271749,-0.0477952989042438,-0.0260897977844115,-0.0261374392057552,-0.0262414379710455,-0.0543659246906659,-0.0303422417834755,-0.0304627189990487,-0.0198928947030185,-0.0199092972100171,-0.0199707288705156,-0.0425016539683704,-0.023240289663572,-0.0232736784149795
-0.0417728888109205,-0.0419347511873896,-0.0423004610384402,-0.0804597307497807,-0.047659629769316,-0.0478304056103885,-0.0260847290176623,-0.0261268056115827,-0.0262369367453796,-0.0543659246906659,-0.030332393607704,-0.0304672631759939,-0.0198901854916049,-0.0199051492790778,-0.0199669151164596,-0.0425016539683704,-0.0232358567719287,-0.0232734866041475
-0.041827758935887,-0.041950038996709,-0.0421831847187993,-0.0804597307497807,-0.0476577432718143,-0.0478190876249585,-0.0261305882605681,-0.0261464470625646,-0.0262206110977217,-0.0543659246906659,-0.0303325745176596,-0.0304596193995895,-0.0198963044911349,-0.0199044972242665,-0.0199620165387339,-0.0425016539683704,-0.0232341458741967,-0.0232685835072756
-0.0418046375693367,-0.0419903190566407,-0.0423925042258815,-0.0804597307497807,-0.047620443498808,-0.0478016311263764,-0.026146743445662,-0.0261501355404748,-0.0262179090264092,-0.0543659246906659,-0.0303386311107753,-0.030478842232739,-0.0198971910029762,-0.0199089457896965,-0.0199631806344057,-0.0425016539683704,-0.0232901124966601,-0.0233314073744987
-0.0418824938757661,-0.0423105788331412,-0.0423789981617284,-0.0804597307497807,-0.0476195225395962,-0.047733153250281,-0.0262344194679141,-0.0262830804817902,-0.0262368190408517,-0.0543659246906659,-0.0303383489518732,-0.0304281331685276,-0.0199658563216831,-0.0199764746275875,-0.019971536065266,-0.0425016539683704,-0.0232904027950116,-0.0233152484826563
-0.041966312733907,-0.0421136823982773,-0.0422556980643906,-0.0804597307497807,-0.0476239633412834,-0.0477460539206313,-0.0262991909886547,-0.0262308332000907,-0.0262984999550835,-0.0543659246906659,-0.030332956724159,-0.0304309501891722,-0.0200182212999486,-0.0199810205483061,-0.0200286694489413,-0.0425016539683704,-0.0232881138574113,-0.0233143392691183
-0.0419029384635469,-0.0419811154523543,-0.0422259883484142,-0.0804597307497807,-0.0475990540051133,-0.0477029064711733,-0.0262529923482298,-0.0262399794006282,-0.0262286968921273,-0.0543659246906659,-0.0303232882354413,-0.0304002689023883,-0.0199930390898886,-0.0200117609357977,-0.0200148553007034,-0.0425016539683704,-0.0232381123758365,-0.0232593212477996
-0.0416779429672306,-0.041728604884056,-0.0421900496519439,-0.0804597307497807,-0.047604325578111,-0.0476891540487107,-0.0261010643751321,-0.0261119840605108,-0.0262217058341798,-0.0543659246906659,-0.0303271066570247,-0.0303898931349667,-0.0200278816448878,-0.0199933560745521,-0.0200390278699728,-0.0425016539683704,-0.0232367107475607,-0.0232540833758044
-0.0417391631571912,-0.0419458520145789,-0.0423103531139749,-0.0804597307497807,-0.0476075936512334,-0.0477134150949712,-0.0262700841369455,-0.0263083989079871,-0.0264336883057877,-0.0543659246906659,-0.0303306752188968,-0.0304079168816711,-0.0201084228121893,-0.0201190223910442,-0.020173378211049,-0.0425016539683704,-0.0232378231232563,-0.0232597988452949
-0.0419028360495196,-0.0420806659108063,-0.042365887122487,-0.0804597307497807,-0.0476174800973673,-0.0477055419069545,-0.026219152420644,-0.0262265225138666,-0.0264215449858929,-0.0543659246906659,-0.0303345943692019,-0.0304003265877856,-0.0200975212004895,-0.0200915097806145,-0.0201843695237857,-0.0425016539683704,-0.0232364059198136,-0.0232545329202466
-0.0419027739961443,-0.0420714856643111,-0.0423744271684639,-0.0804597307497807,-0.047618391948295,-0.0476234575175225,-0.0262191646980897,-0.0262139731105971,-0.0264009018873898,-0.0543659246906659,-0.0303384615222384,-0.0303422741376237,-0.0200975204919127,-0.0200893240566645,-0.0201723292012325,-0.0425016539683704,-0.0232391156976148,-0.0232401775114244
