V1,V2,V3,V4,V5,V6,V7,V8,V9,V10,V11,V12,V13,V14,V15,V16,V17,V18
-0.001477287,-0.001424117,-0.001413971,-0.025991367,-0.000914668,-0.005462151,-0.00088327,-0.00085618,-0.000847103,-0.018178612,-0.000570505,-0.003871372,-0.000695843,-0.00067775,-0.000669117,-0.015053175,-0.000443912,-0.003199938
-0.001098089,-0.00102302,-0.001011182,-0.024144392,-0.000748554,-0.001289028,-0.000745463,-0.000693799,-0.000685999,-0.01824557,-0.000498202,-0.000975608,-0.000597499,-0.000557286,-0.000550233,-0.015118246,-0.000393511,-0.000809376
-0.001097519,-0.001078566,-0.001070889,-0.024154244,-0.000843139,-0.000945754,-0.000809319,-0.000788602,-0.000782372,-0.018339536,-0.000523177,-0.000631194,-0.000679042,-0.00066095,-0.000655684,-0.01535222,-0.00040841,-0.000502626
-0.001563964,-0.001455359,-0.001359616,-0.026537591,-0.00079426,-0.007901928,-0.001009506,-0.00093704,-0.000868548,-0.018768569,-0.000498555,-0.005120902,-0.000794469,-0.000739148,-0.000689155,-0.015417103,-0.000395055,-0.00411621
-0.001012785,-0.000991152,-0.00096617,-0.02306508,-0.000836802,-0.001331419,-0.000760163,-0.000737362,-0.000717772,-0.017192935,-0.000529922,-0.000986076,-0.000630762,-0.000612229,-0.000595607,-0.014496137,-0.000410517,-0.00079944
-0.001754655,-0.0016633,-0.001584445,-0.024158824,-0.000876295,-0.00179328,-0.001035257,-0.000990368,-0.000960588,-0.018046847,-0.00054928,-0.001263787,-0.000811655,-0.000772016,-0.000751613,-0.014917477,-0.000426749,-0.001020846
-0.001381173,-0.001290114,-0.001254194,-0.024849119,-0.000924054,-0.005772262,-0.000907011,-0.000848962,-0.00081378,-0.017629228,-0.000528387,-0.004101995,-0.000725431,-0.000682597,-0.000656301,-0.014937591,-0.000412388,-0.00336125
-0.002111337,-0.001970072,-0.001976708,-0.022935165,-0.000906117,-0.000947749,-0.001335337,-0.001243676,-0.001234886,-0.017263114,-0.00054709,-0.000581361,-0.001060001,-0.000988776,-0.000981664,-0.014504805,-0.000422542,-0.000454224
-0.001724286,-0.001670528,-0.001591411,-0.022832176,-0.000980321,-0.001442327,-0.00117945,-0.001141449,-0.001075229,-0.01697678,-0.00059792,-0.000912976,-0.000917529,-0.000889274,-0.000839164,-0.014427995,-0.000447436,-0.000752465
-0.002580922,-0.002015738,-0.001729764,-0.024352346,-0.000773507,-0.003650834,-0.001656252,-0.001309959,-0.001112486,-0.016943553,-0.000542426,-0.002726179,-0.001293715,-0.001019228,-0.000875205,-0.014216657,-0.000425662,-0.002265963
-0.00226786,-0.002038114,-0.001775946,-0.026349038,-0.000747411,-0.004258366,-0.001381676,-0.001258142,-0.00111526,-0.018285621,-0.000478785,-0.003132434,-0.001104107,-0.000999784,-0.00088116,-0.015249955,-0.00038029,-0.002651382
-0.001916689,-0.001756425,-0.001761243,-0.026268534,-0.00079629,-0.006526176,-0.001129885,-0.001062183,-0.001066788,-0.018149506,-0.000504551,-0.005005671,-0.000863109,-0.000813432,-0.000817452,-0.015224721,-0.000399454,-0.004176635
-0.00177776,-0.00162521,-0.001497207,-0.02477965,-0.000945897,-0.001161968,-0.001224116,-0.001125698,-0.001041496,-0.018715261,-0.000581052,-0.00084467,-0.000988181,-0.00091194,-0.000840499,-0.015283556,-0.000436053,-0.000684741
-0.001684005,-0.001472583,-0.0013555,-0.023834045,-0.000741414,-0.008204963,-0.001199893,-0.00105565,-0.000973552,-0.017882006,-0.000512058,-0.005262261,-0.00097324,-0.000856819,-0.000790387,-0.015067532,-0.000404888,-0.004324358
-0.001816333,-0.001729006,-0.001607987,-0.023357703,-0.001082346,-0.006515371,-0.001256468,-0.001215581,-0.001125763,-0.017509118,-0.000630937,-0.004740627,-0.000986536,-0.00094983,-0.000880084,-0.014875763,-0.000475926,-0.003977912
-0.004762413,-0.003341661,-0.002916996,-0.023071307,-0.000880886,-0.003139504,-0.002545917,-0.001803156,-0.00160246,-0.01725153,-0.000527837,-0.002030485,-0.001903266,-0.001357605,-0.001211974,-0.014499201,-0.000411705,-0.001609809
-0.002012464,-0.001765688,-0.001664049,-0.023872361,-0.000689268,-0.00077436,-0.001452291,-0.001260622,-0.00118708,-0.017164059,-0.000471055,-0.000527846,-0.001191268,-0.001036877,-0.000972546,-0.014424497,-0.000383632,-0.000432176
-0.002965757,-0.002408614,-0.002113439,-0.02490342,-0.000654257,-0.00086847,-0.001707222,-0.001391808,-0.001217586,-0.017238059,-0.000463908,-0.000621822,-0.001347264,-0.001104695,-0.000967955,-0.014443292,-0.000376282,-0.000516719
-0.001745298,-0.001627312,-0.00155214,-0.023688111,-0.000754392,-0.000796744,-0.001130014,-0.001048292,-0.001002235,-0.016611832,-0.00050895,-0.00054942,-0.000900195,-0.000838966,-0.000801118,-0.013871872,-0.000403181,-0.000447114
-0.001811345,-0.001624515,-0.001603511,-0.026041029,-0.001317923,-0.001649489,-0.001134517,-0.001017354,-0.000992623,-0.017399803,-0.000624552,-0.000856536,-0.000858986,-0.00076782,-0.000749858,-0.014367884,-0.000459241,-0.000656591
-0.002315961,-0.001968342,-0.001832968,-0.022867759,-0.001218932,-0.004772156,-0.001460789,-0.001190677,-0.001094764,-0.016180665,-0.000596876,-0.003186243,-0.001149086,-0.000940605,-0.00086371,-0.013477812,-0.00045173,-0.002618922
-0.001216859,-0.001213924,-0.00119942,-0.023101058,-0.000895967,-0.004842267,-0.000837634,-0.000835811,-0.000824179,-0.016366559,-0.000604052,-0.002897669,-0.000699923,-0.000699862,-0.000693156,-0.013699241,-0.000471118,-0.002361555
-0.001862046,-0.001689734,-0.001539633,-0.022562606,-0.000841768,-0.004670724,-0.001348404,-0.001226575,-0.001121633,-0.016623414,-0.000557488,-0.003283702,-0.001086863,-0.000992418,-0.000903113,-0.014086789,-0.000448226,-0.002708316
-0.00272652,-0.002357989,-0.002153588,-0.023335843,-0.000727556,-0.00380032,-0.001765931,-0.001522995,-0.001367289,-0.016235284,-0.000511953,-0.00291668,-0.001393323,-0.001198526,-0.001081358,-0.013653554,-0.000407102,-0.002452266
-0.0035437,-0.002706299,-0.002173938,-0.023645873,-0.000872866,-0.004251772,-0.002177039,-0.001686438,-0.001355926,-0.016262752,-0.000557638,-0.003083849,-0.001710266,-0.001327931,-0.00106726,-0.013678102,-0.000431752,-0.002515906
-0.001299341,-0.001235887,-0.00119371,-0.024812725,-0.000864801,-0.006752563,-0.000924418,-0.00087962,-0.000837051,-0.018127646,-0.00060671,-0.004825481,-0.000730738,-0.000701444,-0.00067278,-0.01520599,-0.000476459,-0.003991232
-0.001363969,-0.001360631,-0.00136415,-0.025007342,-0.001108358,-0.004190129,-0.00091922,-0.000909043,-0.000901836,-0.017618846,-0.000578929,-0.00284954,-0.000730283,-0.000720668,-0.000717167,-0.01441138,-0.000437032,-0.002367286
-0.001695877,-0.001483111,-0.00144009,-0.025246939,-0.00102794,-0.005042291,-0.001072239,-0.000943345,-0.000912597,-0.018535739,-0.000597502,-0.00356285,-0.000854656,-0.000750611,-0.000724706,-0.015380423,-0.000459522,-0.002993134
-0.001806104,-0.001675028,-0.001593731,-0.024439207,-0.001152065,-0.005003745,-0.001124539,-0.001042133,-0.000986178,-0.01842912,-0.000672969,-0.003694859,-0.000888595,-0.000825003,-0.000778146,-0.015331909,-0.000497238,-0.003043017
-0.001592479,-0.001495083,-0.001408818,-0.022874319,-0.000905272,-0.003320081,-0.000988223,-0.000934227,-0.000892412,-0.017114548,-0.000541079,-0.002405995,-0.000797712,-0.000760841,-0.000727204,-0.01408251,-0.000417948,-0.001986447
-0.001651437,-0.001499664,-0.001434278,-0.023701463,-0.000837341,-0.00212852,-0.001071877,-0.000982166,-0.000938408,-0.018052838,-0.0005467,-0.001434959,-0.000851151,-0.000782047,-0.00074919,-0.014996535,-0.000426914,-0.001143025
-0.001161674,-0.001133621,-0.001077539,-0.023291601,-0.000879105,-0.001649453,-0.000749986,-0.000724388,-0.00068284,-0.01765614,-0.000541131,-0.001150217,-0.000590963,-0.000570823,-0.000538268,-0.014673821,-0.000423053,-0.000949653
-0.001026978,-0.000972834,-0.000963771,-0.023452919,-0.00078744,-0.001663655,-0.000747729,-0.000712866,-0.000710372,-0.017317902,-0.000543049,-0.001128446,-0.000595055,-0.000571822,-0.000568438,-0.014323797,-0.000428189,-0.000941702
-0.001269427,-0.001227936,-0.001179841,-0.022868705,-0.00099923,-0.001992957,-0.000796715,-0.000769033,-0.000725769,-0.017152357,-0.000574929,-0.001458121,-0.000618727,-0.000598234,-0.000567,-0.014081641,-0.000451812,-0.001211954
-0.001290965,-0.001248091,-0.001188882,-0.0223355,-0.000946225,-0.002654063,-0.000896842,-0.000858975,-0.000805207,-0.016816736,-0.000548552,-0.001837322,-0.000719213,-0.000690347,-0.000650317,-0.013789476,-0.000427118,-0.001491443
-0.001264338,-0.001196456,-0.001162975,-0.023119419,-0.000972079,-0.001511854,-0.000811093,-0.000779793,-0.000764693,-0.017134066,-0.000590818,-0.001115902,-0.000641653,-0.000615829,-0.000605408,-0.014068864,-0.000455046,-0.000928727
-0.003219685,-0.00230338,-0.001965528,-0.026706858,-0.001019872,-0.002121939,-0.002052432,-0.001477605,-0.00126859,-0.017489884,-0.000647709,-0.001468364,-0.001595438,-0.001149984,-0.000989395,-0.014281831,-0.000483695,-0.001173361
-0.001155609,-0.001101664,-0.001045566,-0.022843435,-0.000933655,-0.003350219,-0.000782678,-0.000754287,-0.000712064,-0.016739272,-0.000569441,-0.002345357,-0.000632482,-0.000613296,-0.000585996,-0.013884079,-0.000434361,-0.001926249
-0.001216734,-0.001172847,-0.001105396,-0.023619333,-0.000841452,-0.001146166,-0.000827806,-0.000804225,-0.000767711,-0.017008037,-0.000529799,-0.000803937,-0.000668548,-0.000651005,-0.000620558,-0.01409624,-0.000420416,-0.000672539
-0.001372589,-0.001329349,-0.001297719,-0.021946904,-0.000877497,-0.00102183,-0.000909632,-0.000879227,-0.000851903,-0.0160358,-0.000531925,-0.000628102,-0.00073043,-0.000710147,-0.000689248,-0.013503047,-0.000410256,-0.000489813
-0.001194683,-0.001172369,-0.001164276,-0.022021318,-0.000921398,-0.001088268,-0.000775223,-0.000771476,-0.000770443,-0.016734153,-0.000570039,-0.000801518,-0.000609939,-0.00060754,-0.000608156,-0.013998064,-0.000445586,-0.000654082
-0.001421976,-0.001378339,-0.001324773,-0.022435974,-0.00077901,-0.001859831,-0.000889933,-0.00086744,-0.000843379,-0.01666332,-0.000512965,-0.001390497,-0.000719911,-0.000701704,-0.000680863,-0.013858814,-0.000407783,-0.00112893
-0.001420767,-0.001365636,-0.001262874,-0.021683541,-0.000793001,-0.000901432,-0.000905951,-0.000873088,-0.000817976,-0.016213304,-0.000517139,-0.0006082,-0.000715214,-0.000689888,-0.000648355,-0.013624472,-0.000411785,-0.00048949
-0.003905695,-0.002397903,-0.001807995,-0.022105327,-0.000663328,-0.000792905,-0.002283733,-0.001383309,-0.001055178,-0.015857341,-0.000423446,-0.000530516,-0.001820953,-0.001110614,-0.00084306,-0.013450224,-0.000347749,-0.000438022
-0.000857657,-0.000862426,-0.000863858,-0.021040861,-0.000787071,-0.000820279,-0.000571969,-0.000572642,-0.000575714,-0.015572804,-0.000473287,-0.000489502,-0.000455701,-0.000456934,-0.000459411,-0.013093577,-0.00036703,-0.000380388
-0.00110234,-0.00105963,-0.001041181,-0.022284526,-0.000624446,-0.002439261,-0.000689544,-0.000666672,-0.000650651,-0.016454796,-0.000412641,-0.001784495,-0.00054018,-0.000524098,-0.000511364,-0.013952973,-0.000333566,-0.001493318
-0.001103766,-0.001077931,-0.001064798,-0.021777206,-0.000642344,-0.000754623,-0.000665884,-0.000649528,-0.000639815,-0.016511897,-0.000402244,-0.000511014,-0.000523007,-0.000508409,-0.000500586,-0.013990935,-0.000313006,-0.000405181
-0.001223275,-0.001098809,-0.001064806,-0.021195783,-0.000496492,-0.00059407,-0.000743932,-0.000670411,-0.000638986,-0.016443987,-0.000323061,-0.000385163,-0.000564684,-0.000513536,-0.000488813,-0.013942831,-0.000260727,-0.000306649
-0.000774385,-0.000756664,-0.000732286,-0.022005547,-0.000499095,-0.000982793,-0.00046676,-0.000455853,-0.000440063,-0.016547487,-0.000301,-0.000634548,-0.000361233,-0.000353398,-0.00034088,-0.013943048,-0.000242889,-0.000509547
-0.000365578,-0.000366288,-0.000365134,-0.02263558,-0.000371955,-0.000494565,-0.000257503,-0.000258108,-0.000256953,-0.016261661,-0.000256096,-0.00033865,-0.000207973,-0.000209074,-0.000208028,-0.013621221,-0.000209201,-0.000279157
-0.000439543,-0.000434584,-0.000432025,-0.022642109,-0.000392018,-0.000677298,-0.000264643,-0.00026193,-0.000259729,-0.017160118,-0.000243786,-0.000413391,-0.000207078,-0.000204727,-0.000202837,-0.014487445,-0.000195481,-0.000334627
-0.000411349,-0.000409456,-0.000407365,-0.021848609,-0.000404281,-0.000865635,-0.000260346,-0.000259405,-0.000258653,-0.016276643,-0.000239288,-0.000552611,-0.00020777,-0.000207322,-0.000207104,-0.013728312,-0.000186571,-0.000440582
-0.000355024,-0.000349985,-0.00034852,-0.023589979,-0.000345626,-0.000908082,-0.000226269,-0.000224017,-0.000223295,-0.017820118,-0.000220646,-0.000622751,-0.000180221,-0.000178828,-0.000178541,-0.014795695,-0.000173913,-0.000486976
-0.00036324,-0.000359441,-0.000352904,-0.022293026,-0.000304443,-0.00172713,-0.000243948,-0.000240814,-0.000236795,-0.016507648,-0.000192919,-0.001038284,-0.000194312,-0.000191726,-0.00018944,-0.013756904,-0.000152538,-0.000796985
-0.000415571,-0.000398959,-0.000380285,-0.023460873,-0.000309356,-0.001149201,-0.000269685,-0.000260012,-0.00024709,-0.016736471,-0.0002,-0.000695861,-0.000218585,-0.000211412,-0.000200431,-0.014135085,-0.000157207,-0.000539068
-0.00040993,-0.000401365,-0.000390161,-0.023828808,-0.00035188,-0.00158533,-0.000264485,-0.000254538,-0.000250283,-0.017046737,-0.000208119,-0.000971506,-0.000211006,-0.000202643,-0.000199059,-0.014427079,-0.000158937,-0.00077765
-0.000383305,-0.000383871,-0.000376067,-0.023237146,-0.00036153,-0.00132777,-0.000226283,-0.000226384,-0.000222279,-0.017726511,-0.000210084,-0.000904279,-0.000175194,-0.000175458,-0.000172492,-0.014682663,-0.00016215,-0.000761438
-0.000448872,-0.000438896,-0.000428762,-0.024267424,-0.000318721,-0.001849389,-0.000292959,-0.000288532,-0.000282757,-0.017136385,-0.0002046,-0.001162288,-0.000229781,-0.000226676,-0.000222754,-0.01413769,-0.000155885,-0.000917133
-0.000364689,-0.00035484,-0.000350293,-0.02286555,-0.000252903,-0.001309096,-0.000254334,-0.000245311,-0.000242721,-0.016589639,-0.000174221,-0.000951051,-0.000208554,-0.000200998,-0.000199108,-0.014024576,-0.000139795,-0.000783486
-0.000458413,-0.000436658,-0.00043768,-0.02285286,-0.000253009,-0.001174253,-0.000295283,-0.00028392,-0.000284299,-0.016935175,-0.00017663,-0.000870753,-0.000231752,-0.000223117,-0.000223612,-0.014168872,-0.000140997,-0.000722133
-0.000278746,-0.000275529,-0.000269442,-0.026230768,-0.000242605,-0.000528224,-0.000204958,-0.000204077,-0.000200465,-0.018651998,-0.00016776,-0.0004014,-0.000168296,-0.00016753,-0.000164312,-0.015802037,-0.000136483,-0.000332794
-0.00052858,-0.000526425,-0.000515045,-0.025963371,-0.000394884,-0.002279409,-0.000310169,-0.00030706,-0.000301934,-0.018810684,-0.000210275,-0.0015126,-0.000234215,-0.00023144,-0.000228127,-0.01585303,-0.000158898,-0.001248084
-0.000459145,-0.000437913,-0.000414197,-0.025753844,-0.00036082,-0.00190619,-0.000290116,-0.000281878,-0.000266899,-0.018362983,-0.000206096,-0.001299211,-0.000227729,-0.000221419,-0.000208757,-0.015405454,-0.000158992,-0.001082269
-0.000325866,-0.000315637,-0.000298961,-0.027657328,-0.000273429,-0.000888386,-0.000244474,-0.000237605,-0.000228823,-0.019046437,-0.000179085,-0.000608401,-0.000207158,-0.000201765,-0.000194082,-0.015628547,-0.000140708,-0.000508504
-0.000426714,-0.000417076,-0.000398354,-0.02659679,-0.000371803,-0.002372945,-0.000304366,-0.000292037,-0.00027318,-0.018751938,-0.000209956,-0.001531126,-0.000252787,-0.000243412,-0.000224177,-0.015535321,-0.000159273,-0.001242214
-0.000333576,-0.000334307,-0.000327653,-0.025786393,-0.000266678,-0.000304777,-0.00023476,-0.000233913,-0.000228154,-0.0192204,-0.000175734,-0.000220153,-0.000189512,-0.000187931,-0.000184365,-0.015883373,-0.00013879,-0.000180795
-0.000466021,-0.000449575,-0.00042397,-0.026064519,-0.000291797,-0.001142258,-0.000323199,-0.000309031,-0.000291586,-0.019050011,-0.000185678,-0.000820081,-0.000256208,-0.000244928,-0.000233125,-0.015790626,-0.000144976,-0.000675189
-0.000368214,-0.000364481,-0.000363677,-0.025968813,-0.000307485,-0.001692849,-0.000241458,-0.000238904,-0.000238769,-0.01887927,-0.000185333,-0.001107093,-0.000193081,-0.000191318,-0.000191845,-0.015679735,-0.000143678,-0.000884214
-0.000519304,-0.000503635,-0.000468206,-0.024041372,-0.000278108,-0.001952189,-0.000351735,-0.000343044,-0.000320158,-0.017700298,-0.000184755,-0.001389577,-0.000281906,-0.000275672,-0.000257688,-0.014850669,-0.000145355,-0.00106309
-0.000458155,-0.000463935,-0.000462813,-0.02618541,-0.000264525,-0.000343033,-0.000305248,-0.000308521,-0.000308264,-0.019046226,-0.000182998,-0.00025272,-0.000246966,-0.000248761,-0.000248853,-0.015905039,-0.00014781,-0.000206992
-0.000287995,-0.000275342,-0.000270451,-0.025261603,-0.000262936,-0.003621918,-0.000198744,-0.00019308,-0.000190982,-0.019014049,-0.0001737,-0.002446783,-0.000163534,-0.000159605,-0.000158256,-0.015745996,-0.000139,-0.001987953
-0.000380698,-0.000374759,-0.0003631,-0.025746336,-0.000365465,-0.002430897,-0.000259685,-0.000255779,-0.000248582,-0.018828944,-0.000200054,-0.001842509,-0.000213854,-0.000210696,-0.000202946,-0.015742728,-0.0001519,-0.00154484
-0.000473731,-0.00045188,-0.000439606,-0.026994691,-0.000265505,-0.001106125,-0.000282918,-0.000274232,-0.000269514,-0.02013559,-0.000185696,-0.000744055,-0.000220736,-0.000215283,-0.000212383,-0.016637081,-0.000148132,-0.000585413
-0.000355571,-0.000350478,-0.000346209,-0.028393976,-0.000305939,-0.005158411,-0.000235875,-0.000231953,-0.000229635,-0.02098897,-0.000208988,-0.00348935,-0.00019036,-0.000187767,-0.000185599,-0.017549381,-0.000163876,-0.002867463
-0.000340382,-0.000338273,-0.000333806,-0.029137409,-0.000296111,-0.002384573,-0.000224547,-0.000222258,-0.000219968,-0.020722665,-0.000193677,-0.001690886,-0.000177565,-0.000175735,-0.0001739,-0.017127019,-0.000149347,-0.001345845
-0.000539832,-0.000531951,-0.0005285,-0.029890085,-0.000304059,-0.006327644,-0.000336659,-0.000332387,-0.00033104,-0.021071886,-0.00019735,-0.004621008,-0.000262668,-0.000259373,-0.00025758,-0.017471081,-0.000154457,-0.003855049
-0.000458778,-0.000428294,-0.000426053,-0.030725258,-0.000311449,-0.003390668,-0.000306449,-0.000286006,-0.000284865,-0.020476948,-0.000186544,-0.002505193,-0.000243393,-0.000228671,-0.000228052,-0.016711423,-0.000146068,-0.002015049
-0.000498917,-0.0004885,-0.000468789,-0.031330429,-0.000261784,-0.003898544,-0.000323088,-0.000317298,-0.000303882,-0.021773901,-0.000193691,-0.002822032,-0.000258139,-0.000253414,-0.000243105,-0.018028184,-0.000157016,-0.002387514
-0.000456377,-0.000428348,-0.000412059,-0.028385434,-0.000283725,-0.001137234,-0.000289803,-0.000275131,-0.000266132,-0.020229451,-0.000188802,-0.0007481,-0.000228904,-0.000217088,-0.000210599,-0.016919982,-0.000148302,-0.000586354
-0.000467763,-0.000428701,-0.000415663,-0.029672353,-0.000370147,-0.003257516,-0.000318887,-0.000293467,-0.000283112,-0.020889523,-0.000213003,-0.002057008,-0.000254945,-0.000236,-0.000228221,-0.017029868,-0.000161123,-0.00161864
-0.000331892,-0.00032764,-0.000326739,-0.029437172,-0.000370663,-0.003022127,-0.000217492,-0.000213366,-0.000212985,-0.020431656,-0.000213163,-0.002040028,-0.000172492,-0.000169369,-0.000169337,-0.016711281,-0.000161198,-0.001641188
-0.000323828,-0.000323403,-0.000321984,-0.027978934,-0.00033301,-0.003174901,-0.000213852,-0.00021423,-0.000213039,-0.020207794,-0.000206488,-0.002237295,-0.000169733,-0.000170056,-0.000169053,-0.016649282,-0.000155418,-0.001775027
-0.000313132,-0.000304398,-0.000288339,-0.029219373,-0.00028281,-0.00140215,-0.000212807,-0.000205976,-0.000197937,-0.020904311,-0.000184191,-0.000948983,-0.000170966,-0.000166016,-0.000159579,-0.017224968,-0.000143704,-0.000746241
-0.000290542,-0.000282529,-0.000280191,-0.028128288,-0.000291348,-0.002564037,-0.000208939,-0.000202373,-0.00019872,-0.02079257,-0.000177466,-0.001834309,-0.000175459,-0.000170216,-0.000167084,-0.017062463,-0.0001383,-0.001518839
-0.00028036,-0.000278851,-0.000277233,-0.02838601,-0.000324531,-0.002491028,-0.000202233,-0.000200497,-0.000197715,-0.020775335,-0.000213018,-0.001624333,-0.000164457,-0.000162128,-0.000160117,-0.017079788,-0.000163339,-0.00126043
-0.000291605,-0.000290447,-0.000285169,-0.03171079,-0.000321327,-0.004489083,-0.000192038,-0.000192489,-0.000191865,-0.022027445,-0.00019021,-0.003483291,-0.000153846,-0.000154274,-0.000154254,-0.018309174,-0.000149038,-0.002910357
-0.000313289,-0.000311898,-0.00031193,-0.029829426,-0.000322911,-0.002115512,-0.000192065,-0.000189675,-0.000187276,-0.022982763,-0.000187142,-0.001461825,-0.000149159,-0.000147635,-0.000146183,-0.019264251,-0.000145536,-0.001195222
-0.000330234,-0.000328217,-0.00032197,-0.030145217,-0.000324823,-0.003299712,-0.000221463,-0.000219522,-0.000214191,-0.022299788,-0.000213207,-0.002192693,-0.000176062,-0.000175,-0.000170982,-0.018425008,-0.000163417,-0.001703949
-0.000283728,-0.000278464,-0.000275846,-0.028479982,-0.000328044,-0.005006846,-0.000191379,-0.00018611,-0.000183902,-0.021153608,-0.000202898,-0.003316857,-0.000151369,-0.000147099,-0.000145456,-0.017962782,-0.000153519,-0.002691721
-0.000298969,-0.000290255,-0.000281051,-0.027470613,-0.000308125,-0.003006268,-0.000189512,-0.00018518,-0.000181547,-0.020889638,-0.00017548,-0.002143858,-0.000147844,-0.000144841,-0.000142383,-0.017551771,-0.000139134,-0.001739314
-0.000299318,-0.000300443,-0.000306263,-0.030704418,-0.000307502,-0.00332169,-0.000197132,-0.000194732,-0.000195702,-0.022184056,-0.000190894,-0.002221343,-0.00015661,-0.000154755,-0.000155929,-0.018559245,-0.000149857,-0.001713728
-0.000293148,-0.000290997,-0.000286954,-0.034772292,-0.000323377,-0.001104989,-0.000217147,-0.000214133,-0.000210169,-0.023408373,-0.000205999,-0.000714617,-0.000176018,-0.00017427,-0.000171316,-0.019373067,-0.00015886,-0.000589187
-0.00036448,-0.000353931,-0.000350647,-0.036492184,-0.000278868,-0.001693501,-0.000224595,-0.00021894,-0.000217807,-0.02417571,-0.000187867,-0.001058747,-0.000174655,-0.000170675,-0.000170516,-0.019711585,-0.000146999,-0.000831862
-0.000420532,-0.000391786,-0.00037339,-0.039001146,-0.000268838,-0.002896455,-0.000275693,-0.000259942,-0.000248097,-0.02468854,-0.000174777,-0.001911977,-0.000216173,-0.000204635,-0.000195816,-0.020302147,-0.000140515,-0.001535126
-0.000271558,-0.000266293,-0.000263432,-0.037837858,-0.000317039,-0.003648291,-0.000193487,-0.000192946,-0.000190622,-0.025204819,-0.000206566,-0.002877548,-0.000155928,-0.000156155,-0.00015543,-0.020741126,-0.000161075,-0.002420996
-0.000249592,-0.000248966,-0.000249196,-0.038341642,-0.000300541,-0.004693739,-0.000168453,-0.000167579,-0.000168355,-0.025403581,-0.000194725,-0.003428528,-0.000135641,-0.000135252,-0.000135731,-0.021202204,-0.000153717,-0.002869277
-0.000237013,-0.000235807,-0.000235808,-0.030804453,-0.000280201,-0.001425391,-0.000170833,-0.000169351,-0.000169168,-0.02307645,-0.000182691,-0.000968173,-0.000140445,-0.000139166,-0.000139118,-0.019545642,-0.000143463,-0.000767942
-0.000285182,-0.000286012,-0.000287159,-0.030774888,-0.000360311,-0.001955701,-0.000180011,-0.000178707,-0.000176618,-0.023037581,-0.000201842,-0.001422803,-0.000140123,-0.000138961,-0.000138018,-0.019374735,-0.000155583,-0.001147217
-0.000213736,-0.000214145,-0.000213049,-0.031054188,-0.000250692,-0.001169557,-0.00014991,-0.00015019,-0.000150088,-0.023232835,-0.000167192,-0.00081481,-0.000121997,-0.000122673,-0.000123141,-0.019320055,-0.000134626,-0.000662446
-0.000239746,-0.000238358,-0.000239282,-0.032753636,-0.000274753,-0.002658414,-0.000161125,-0.00016072,-0.00015977,-0.024036648,-0.000187324,-0.001652538,-0.000131439,-0.000130862,-0.000130213,-0.019815968,-0.000147482,-0.001308765
-0.000277967,-0.000275465,-0.000279606,-0.033137633,-0.000402808,-0.002988101,-0.000180427,-0.000180193,-0.000182867,-0.023617922,-0.000220399,-0.001764788,-0.000145749,-0.000145441,-0.000146714,-0.019734318,-0.00016819,-0.001375139
-0.000321801,-0.000321862,-0.000311368,-0.031988468,-0.000350142,-0.002339565,-0.000195064,-0.000195074,-0.000190249,-0.02309071,-0.00019363,-0.00154564,-0.000150964,-0.00015079,-0.000146011,-0.019016439,-0.000150519,-0.001233353
-0.000216567,-0.000216436,-0.000219809,-0.033908267,-0.000315061,-0.003605481,-0.000163878,-0.000163346,-0.000163126,-0.023059547,-0.000193347,-0.002377929,-0.000135525,-0.000134998,-0.000135464,-0.019215992,-0.000154449,-0.00189136
-0.000308282,-0.000305408,-0.000302645,-0.031457193,-0.000325658,-0.005048738,-0.000192769,-0.000191697,-0.000190437,-0.022260844,-0.000202934,-0.00301468,-0.000153643,-0.000152986,-0.000152167,-0.018473142,-0.000156486,-0.002363217
-0.000274905,-0.00027242,-0.000267193,-0.026447748,-0.000273119,-0.000775588,-0.000182057,-0.000179926,-0.000177331,-0.020794833,-0.000176735,-0.000520639,-0.000143231,-0.000141832,-0.000140463,-0.017636661,-0.000137139,-0.000422894
-0.000322284,-0.000321618,-0.000320644,-0.03046582,-0.000336264,-0.002848767,-0.000204617,-0.000201801,-0.000200972,-0.021831408,-0.000202668,-0.001933784,-0.00016402,-0.000162373,-0.000161578,-0.017979194,-0.000157089,-0.001555376
-0.000310567,-0.000308242,-0.000306291,-0.028748554,-0.000285113,-0.003775154,-0.000210299,-0.000208417,-0.000207244,-0.020711774,-0.000194163,-0.002463834,-0.000169351,-0.000168102,-0.000167537,-0.01746329,-0.000153454,-0.001927564
-0.001115388,-0.001095216,-0.001083341,-0.031073004,-0.000930038,-0.003439728,-0.000633076,-0.000625684,-0.000631782,-0.021544885,-0.000555512,-0.002410791,-0.000498639,-0.0004932,-0.000497208,-0.017781654,-0.000435457,-0.001942604
-0.001166425,-0.001147531,-0.001127559,-0.029343098,-0.001103917,-0.002272319,-0.000727089,-0.000726402,-0.000712129,-0.021605833,-0.000619017,-0.001615004,-0.000560889,-0.000562163,-0.000551393,-0.018166461,-0.000463133,-0.001316829
-0.001055976,-0.001050621,-0.001042255,-0.028184565,-0.000945839,-0.004458026,-0.000691673,-0.000682896,-0.000677957,-0.020908579,-0.000554397,-0.002897368,-0.000543491,-0.000536044,-0.000533307,-0.017516568,-0.000430194,-0.002307217
-0.000850001,-0.000856749,-0.000857865,-0.030267443,-0.000766695,-0.000838007,-0.00057336,-0.000577772,-0.000576316,-0.022110211,-0.000493884,-0.000541041,-0.00046276,-0.000466552,-0.000464659,-0.018394997,-0.000401073,-0.000438415
-0.0011165,-0.001071612,-0.001086386,-0.02985673,-0.000956773,-0.00239439,-0.000659185,-0.000627914,-0.000637104,-0.020974791,-0.00054166,-0.00173614,-0.000521223,-0.000498273,-0.000505226,-0.017235078,-0.000418622,-0.001421804
-0.000847822,-0.000841431,-0.000836544,-0.027125997,-0.000757495,-0.002023071,-0.00057688,-0.000567778,-0.000569814,-0.02049504,-0.000470004,-0.001217764,-0.000459394,-0.000451686,-0.00045433,-0.017015615,-0.000375483,-0.000968695
-0.000785613,-0.000773911,-0.00076852,-0.026535258,-0.000754527,-0.001497212,-0.000520771,-0.000515427,-0.000516273,-0.020033368,-0.000501545,-0.000910096,-0.000417388,-0.000412716,-0.000413233,-0.016883332,-0.00039464,-0.00071705
-0.000837165,-0.000826615,-0.000822882,-0.026088149,-0.000777144,-0.001922383,-0.000555131,-0.000549697,-0.00055152,-0.020434641,-0.000492897,-0.001197344,-0.000444149,-0.000439916,-0.000440223,-0.016989627,-0.000388082,-0.000953939
-0.000841037,-0.000817946,-0.00081062,-0.025185918,-0.000762992,-0.001779445,-0.000507174,-0.000491209,-0.000487869,-0.019775529,-0.000463387,-0.001144379,-0.000399008,-0.000386008,-0.00038238,-0.016759853,-0.00035925,-0.000920998
-0.000679558,-0.000677277,-0.000679762,-0.024998493,-0.000628433,-0.001253445,-0.000436861,-0.000435702,-0.000435148,-0.019300031,-0.000410394,-0.00091257,-0.000351736,-0.000350902,-0.000349547,-0.016373419,-0.000331048,-0.000751041
-0.00054656,-0.000548017,-0.000542857,-0.02490281,-0.000550003,-0.000885444,-0.000352972,-0.000354249,-0.000349766,-0.019102851,-0.000348494,-0.000599895,-0.000281052,-0.000281942,-0.000279221,-0.016382881,-0.000283229,-0.000491758
-0.00051109,-0.000513917,-0.000506243,-0.024649787,-0.000486592,-0.001252039,-0.000339508,-0.000338271,-0.00033303,-0.019544891,-0.000312795,-0.000825802,-0.000272091,-0.000271488,-0.000268659,-0.016447987,-0.000249692,-0.000644339
-0.000463872,-0.000455657,-0.000455998,-0.024170052,-0.000411959,-0.000690687,-0.000305965,-0.000301324,-0.000300367,-0.018676954,-0.000278925,-0.000486187,-0.000247465,-0.000242726,-0.000242178,-0.015787584,-0.000223351,-0.000398408
-0.000434494,-0.000430237,-0.000434994,-0.023692583,-0.0004038,-0.000444597,-0.000300546,-0.000298492,-0.000299383,-0.018947169,-0.000257061,-0.000305847,-0.000240394,-0.000238014,-0.000238736,-0.016067273,-0.00020497,-0.000250061
-0.000383069,-0.000382951,-0.000376065,-0.023445706,-0.000334198,-0.001023385,-0.000270957,-0.000270151,-0.000264382,-0.018387692,-0.000228797,-0.000640903,-0.000221118,-0.000220165,-0.000215484,-0.015738223,-0.000184329,-0.000527463
-0.00048176,-0.000467984,-0.00045532,-0.024849547,-0.000346896,-0.000538413,-0.000317478,-0.000309183,-0.000303389,-0.018965764,-0.000220527,-0.000379736,-0.000259157,-0.000251683,-0.000246155,-0.016022605,-0.000175072,-0.00031802
-0.000519608,-0.000513556,-0.000510437,-0.026096504,-0.000384459,-0.00111351,-0.000331473,-0.000325743,-0.000323387,-0.019598113,-0.000238423,-0.000801496,-0.000258511,-0.000254603,-0.00025257,-0.016604781,-0.000184856,-0.000661657
-0.000320102,-0.00031999,-0.000316612,-0.027867735,-0.000318351,-0.000663628,-0.000229144,-0.000230224,-0.000229912,-0.020878014,-0.00020699,-0.000460663,-0.000186569,-0.000187029,-0.000186622,-0.01726972,-0.0001605,-0.000373086
-0.000352401,-0.000355597,-0.000353913,-0.024947937,-0.000300346,-0.004501425,-0.000221812,-0.000224035,-0.000223597,-0.019935149,-0.000188471,-0.002658395,-0.000178054,-0.000180787,-0.000180481,-0.016850086,-0.00014984,-0.002086438
-0.000275848,-0.000278221,-0.00027795,-0.026493943,-0.000361195,-0.002630722,-0.000174756,-0.000175287,-0.000175334,-0.021031192,-0.000224596,-0.001754839,-0.000133405,-0.000133891,-0.000134188,-0.017856531,-0.000170394,-0.001417516
-0.000260646,-0.000259526,-0.000259715,-0.02602042,-0.000314416,-0.003378783,-0.00016739,-0.000166293,-0.000166104,-0.020047521,-0.000201294,-0.002376317,-0.000132101,-0.000131531,-0.000131663,-0.016816455,-0.000156687,-0.001967919
-0.000228833,-0.000229878,-0.000230771,-0.030424704,-0.000273136,-0.000593578,-0.000154003,-0.000155074,-0.000154859,-0.021495419,-0.000186157,-0.000398492,-0.000123648,-0.000124686,-0.000124421,-0.017923178,-0.000148006,-0.00033098
-0.000249131,-0.000250473,-0.000248836,-0.032355589,-0.000323785,-0.003341452,-0.000149108,-0.000148782,-0.000147989,-0.021921998,-0.000196077,-0.002312583,-0.0001181,-0.000117926,-0.000117163,-0.018066265,-0.000151144,-0.001903264
-0.000612075,-0.00060981,-0.000606701,-0.03398939,-0.000780638,-0.004168424,-0.000399365,-0.000395093,-0.000394239,-0.023262606,-0.000504393,-0.002934081,-0.000323052,-0.000320652,-0.00032014,-0.019704315,-0.00040734,-0.002374463
-0.000500439,-0.000506334,-0.000508132,-0.035892032,-0.000809754,-0.000817747,-0.00036985,-0.000366695,-0.000367384,-0.025534342,-0.000528182,-0.000531686,-0.00030685,-0.000305082,-0.000305524,-0.020596694,-0.000415808,-0.000418372
-0.000582319,-0.000584361,-0.000579539,-0.033662029,-0.000786738,-0.003256179,-0.000382837,-0.000383683,-0.000382635,-0.024791795,-0.000476756,-0.002045113,-0.000302013,-0.000303151,-0.000302283,-0.020916193,-0.000374348,-0.001628195
-0.000506579,-0.000507014,-0.000512284,-0.032930409,-0.00070693,-0.001811108,-0.00033086,-0.000332572,-0.000335324,-0.023780734,-0.000463426,-0.001294852,-0.000269952,-0.000271531,-0.000273875,-0.020043753,-0.000364154,-0.001077916
-0.000575676,-0.000574979,-0.000570095,-0.036871402,-0.000756159,-0.002706466,-0.000368177,-0.000368096,-0.000366934,-0.026799147,-0.000512546,-0.001922555,-0.000293092,-0.00029331,-0.000293157,-0.022087378,-0.000413138,-0.001561321
-0.000437363,-0.000437584,-0.000438965,-0.036801395,-0.000651698,-0.004055739,-0.000313392,-0.000314242,-0.000314955,-0.024797819,-0.000444219,-0.00281952,-0.000247397,-0.000247382,-0.000248412,-0.020736133,-0.000355345,-0.002339086
-0.000432836,-0.000434135,-0.000435372,-0.033242627,-0.000640447,-0.005604273,-0.000284877,-0.000285551,-0.000288995,-0.024658495,-0.000406839,-0.003702305,-0.000229324,-0.000229828,-0.000232865,-0.020475546,-0.000321846,-0.003083873
-0.003797312,-0.003741951,-0.00375427,-0.034319955,-0.00561071,-0.006476939,-0.002764621,-0.002722908,-0.002676401,-0.025028839,-0.003960539,-0.004300263,-0.002293227,-0.002261696,-0.002243594,-0.020550673,-0.003165664,-0.003562849
-0.003848678,-0.003766585,-0.003703419,-0.033077302,-0.004777078,-0.007089,-0.002636689,-0.002611101,-0.002591203,-0.024452043,-0.00323653,-0.004421467,-0.002143585,-0.002129676,-0.002119897,-0.020369493,-0.002630486,-0.003509283
-0.00359922,-0.003605434,-0.003537979,-0.031657508,-0.00411795,-0.006958902,-0.00241154,-0.002404276,-0.002383595,-0.023856641,-0.002837346,-0.004780569,-0.00191666,-0.00190612,-0.001889444,-0.019635999,-0.002276335,-0.003865075
-0.003001272,-0.002995432,-0.003067893,-0.036161485,-0.003997475,-0.005539131,-0.002000152,-0.002000993,-0.002021264,-0.02522735,-0.002506558,-0.003705315,-0.00163615,-0.001637774,-0.001652444,-0.020615834,-0.002008933,-0.003064837
-0.002936784,-0.002900223,-0.002871544,-0.033693563,-0.003403511,-0.003385311,-0.001750427,-0.001735928,-0.001712756,-0.023913094,-0.001977311,-0.001976593,-0.00138728,-0.001378287,-0.001360542,-0.019938634,-0.001577042,-0.00158269
-0.00278352,-0.002784671,-0.002792544,-0.028681586,-0.003330041,-0.003379927,-0.001705299,-0.001700938,-0.001699776,-0.02216678,-0.001919276,-0.001930767,-0.001309817,-0.001306378,-0.001301715,-0.018816207,-0.001475035,-0.00147891
-0.002028358,-0.00204243,-0.002047101,-0.03403678,-0.002578318,-0.003235387,-0.00132385,-0.001324193,-0.001335804,-0.022486212,-0.001495607,-0.002284513,-0.001043064,-0.001043775,-0.001051259,-0.019080716,-0.001153687,-0.001885367
-0.00221107,-0.002214067,-0.002237709,-0.028800513,-0.002441633,-0.002444774,-0.00131013,-0.001298786,-0.001281758,-0.022092006,-0.001385079,-0.001639239,-0.001004664,-0.000998853,-0.000995227,-0.018815484,-0.001056514,-0.001341058
-0.001670707,-0.00167132,-0.001661868,-0.029186368,-0.002005034,-0.003663576,-0.001081972,-0.001087052,-0.001085303,-0.02211244,-0.001228148,-0.0025216,-0.000853087,-0.000854376,-0.000850474,-0.018660925,-0.000929614,-0.002037997
-0.001344227,-0.001339734,-0.001332993,-0.031495538,-0.001371401,-0.001660531,-0.000936713,-0.00093082,-0.000913523,-0.022395117,-0.000945897,-0.001323801,-0.000750485,-0.000746381,-0.000727006,-0.018783934,-0.000742341,-0.001087761
-0.001282168,-0.001277432,-0.001278118,-0.031302331,-0.001402265,-0.00421711,-0.000762679,-0.000763068,-0.000765099,-0.022570478,-0.000830196,-0.002918368,-0.000585225,-0.000586535,-0.000589173,-0.019010929,-0.000646949,-0.002428204
-0.001120696,-0.001125644,-0.001121851,-0.033086571,-0.001345221,-0.002829751,-0.000729228,-0.000731813,-0.000728251,-0.022513382,-0.00082817,-0.002001392,-0.000585234,-0.000586263,-0.000586274,-0.018663757,-0.000650799,-0.001640627
-0.001063963,-0.001070879,-0.001082411,-0.033111433,-0.001349362,-0.003130759,-0.000635298,-0.000642001,-0.000648921,-0.024033241,-0.000788257,-0.002060037,-0.000494885,-0.000498715,-0.000501355,-0.019771119,-0.000580625,-0.001660453
-0.000821058,-0.000813317,-0.000817825,-0.032606339,-0.000945989,-0.002278336,-0.000524462,-0.000524748,-0.000527016,-0.023684522,-0.000615196,-0.001494091,-0.000413263,-0.000413287,-0.000415123,-0.019867665,-0.000488109,-0.001177014
-0.000788726,-0.000789464,-0.000798098,-0.032291362,-0.001046467,-0.001376101,-0.000535404,-0.000536563,-0.000537716,-0.023492707,-0.000649391,-0.000858229,-0.000426708,-0.000428356,-0.000429032,-0.01965335,-0.000493278,-0.000669074
-0.000878401,-0.000878953,-0.000874406,-0.031971974,-0.000998342,-0.001153027,-0.000503536,-0.000504602,-0.000507606,-0.02288157,-0.000577826,-0.000699678,-0.000397374,-0.00039704,-0.000398276,-0.01917477,-0.000451392,-0.000557677
-0.000779899,-0.000779946,-0.000775874,-0.027426098,-0.00085762,-0.001596317,-0.000536663,-0.000538985,-0.000538102,-0.021196899,-0.000583002,-0.001112447,-0.000424646,-0.000426875,-0.000425921,-0.017973953,-0.000459639,-0.000925276
-0.000932838,-0.000934882,-0.000947181,-0.027892611,-0.00107878,-0.003006952,-0.00058407,-0.000580634,-0.00058465,-0.021248041,-0.000657097,-0.001981411,-0.000453947,-0.000451558,-0.000454949,-0.018054886,-0.000496608,-0.001557378
-0.000908263,-0.000905044,-0.000905383,-0.029414399,-0.000998769,-0.001084078,-0.000501676,-0.000498646,-0.000499253,-0.021469418,-0.000583508,-0.0007422,-0.000389394,-0.000386668,-0.000388909,-0.018045121,-0.000452501,-0.000588673
-0.000702853,-0.00070737,-0.000715462,-0.02764343,-0.000797897,-0.001724561,-0.000503666,-0.000506541,-0.000508336,-0.020755922,-0.000562092,-0.000998376,-0.000411261,-0.000412784,-0.000414449,-0.017542703,-0.000443993,-0.000797148
-0.000649624,-0.000636818,-0.000635131,-0.026560133,-0.000697799,-0.000809786,-0.000468826,-0.000462621,-0.000457567,-0.019719311,-0.000477981,-0.000565676,-0.000383416,-0.000378043,-0.000374562,-0.016981124,-0.000391754,-0.000465477
-0.000636204,-0.000635117,-0.000631979,-0.027812036,-0.000694358,-0.00142273,-0.000455775,-0.000459259,-0.000458381,-0.020887148,-0.000475774,-0.001002126,-0.000369703,-0.000372612,-0.000373085,-0.01776301,-0.000389995,-0.000835541
-0.000716011,-0.000714363,-0.000704417,-0.029547617,-0.000763188,-0.002034929,-0.000518221,-0.000517208,-0.00050674,-0.022229914,-0.000496543,-0.001460106,-0.000421819,-0.000420736,-0.000412041,-0.01875967,-0.000400018,-0.001183457
-0.000761227,-0.000765055,-0.00077221,-0.029372274,-0.000989516,-0.001013494,-0.000464454,-0.000468665,-0.000469188,-0.021488897,-0.000530345,-0.000621572,-0.000363379,-0.000367083,-0.000368239,-0.018165184,-0.000405347,-0.000500534
-0.000833113,-0.000825601,-0.000821402,-0.027593015,-0.000837364,-0.001738862,-0.000520605,-0.000514082,-0.000515694,-0.021179422,-0.000527304,-0.001073174,-0.000416187,-0.000410168,-0.000411323,-0.017637297,-0.000412393,-0.000856629
-0.000863149,-0.000857151,-0.000843301,-0.026628446,-0.00083565,-0.001130177,-0.000527146,-0.000529043,-0.000524305,-0.020845976,-0.000526835,-0.000740267,-0.000413078,-0.000415038,-0.00041132,-0.017373285,-0.000412064,-0.000606548
-0.000789893,-0.000786791,-0.000776229,-0.026454424,-0.000835128,-0.001551181,-0.000533369,-0.000530502,-0.000524137,-0.020793828,-0.000526508,-0.000994238,-0.000422896,-0.000420861,-0.000417937,-0.01713757,-0.000411809,-0.000798887
-0.000761418,-0.000759166,-0.000748395,-0.026366206,-0.000835917,-0.001302127,-0.000521233,-0.000522893,-0.000514818,-0.021232738,-0.000526551,-0.000830479,-0.000417045,-0.000417875,-0.000413247,-0.017694925,-0.000411817,-0.000671538
-0.00083308,-0.000826486,-0.00082595,-0.026734813,-0.000834491,-0.001678959,-0.000523059,-0.000520541,-0.000519607,-0.02102798,-0.000526236,-0.001024893,-0.000407554,-0.000404304,-0.000403144,-0.01756569,-0.000411605,-0.000796157
-0.000691853,-0.000687927,-0.00068546,-0.027902793,-0.00072906,-0.001375011,-0.000485241,-0.00048355,-0.000482443,-0.021111526,-0.000512087,-0.001069,-0.00038045,-0.000380097,-0.000380056,-0.017595607,-0.00040639,-0.000888534
-0.000722955,-0.000720391,-0.000720527,-0.02858442,-0.000752984,-0.000894458,-0.000472374,-0.000471105,-0.000472021,-0.020939486,-0.000523677,-0.000671318,-0.000377833,-0.000378566,-0.000379225,-0.017601749,-0.000413712,-0.000543444
-0.000623677,-0.000623436,-0.000629709,-0.027002722,-0.000689519,-0.0018442,-0.000447219,-0.000441728,-0.000443513,-0.020096993,-0.000472518,-0.001313353,-0.000366078,-0.000362067,-0.00036352,-0.01697879,-0.000387081,-0.001086658
-0.000667254,-0.000668224,-0.000664414,-0.026218747,-0.000690609,-0.003173429,-0.000455064,-0.000455851,-0.000455212,-0.020327968,-0.000473124,-0.002184343,-0.000372289,-0.0003719,-0.000368586,-0.017083791,-0.000387345,-0.001757106
-0.000799359,-0.000801824,-0.000804843,-0.027802574,-0.000923058,-0.001513369,-0.000509029,-0.000507467,-0.000506847,-0.021052507,-0.00053053,-0.000939913,-0.000400002,-0.000398045,-0.000394452,-0.017600127,-0.000410416,-0.000743318
-0.000645992,-0.000649713,-0.000654753,-0.027691818,-0.000732752,-0.002826365,-0.000432982,-0.000433713,-0.000438257,-0.020777662,-0.000474559,-0.001813302,-0.000350306,-0.0003534,-0.000356702,-0.017325017,-0.000377207,-0.0014669
-0.000828053,-0.000831848,-0.000843525,-0.027829852,-0.000933198,-0.001973221,-0.000524669,-0.000526952,-0.000525112,-0.020164817,-0.000543754,-0.001363211,-0.000403692,-0.000403906,-0.000401564,-0.016868398,-0.000420134,-0.00110987
-0.000916107,-0.00091246,-0.00091516,-0.023923786,-0.001058794,-0.001763155,-0.000523029,-0.000522555,-0.000527836,-0.018898453,-0.000549727,-0.001126319,-0.000406383,-0.000405167,-0.000409522,-0.01604239,-0.000413201,-0.000913647
-0.000704081,-0.000712953,-0.000723082,-0.029222437,-0.000806734,-0.002231098,-0.000489972,-0.000493918,-0.000500739,-0.020306495,-0.000552958,-0.001574002,-0.000393381,-0.000399398,-0.000406745,-0.016844002,-0.000428255,-0.001297724
-0.000829782,-0.000828725,-0.000831077,-0.026342644,-0.000937014,-0.00129429,-0.000525254,-0.00052417,-0.000526298,-0.019622655,-0.000554822,-0.000918723,-0.000413406,-0.00041167,-0.000413892,-0.016399992,-0.000425438,-0.000759186
-0.000731876,-0.000752937,-0.000754617,-0.02886136,-0.000865791,-0.001511671,-0.000489441,-0.000498345,-0.000499475,-0.02049882,-0.000532132,-0.001101594,-0.000399907,-0.000406435,-0.000407103,-0.016876651,-0.000419872,-0.000898207
-0.000821217,-0.00082044,-0.000819852,-0.026355894,-0.000860471,-0.002714295,-0.00051438,-0.000517259,-0.000516915,-0.019294171,-0.000536083,-0.001797401,-0.000409184,-0.000411182,-0.000411987,-0.01620864,-0.000417159,-0.001439253
-0.000937163,-0.000937803,-0.000939755,-0.027808583,-0.001102434,-0.001883795,-0.000577242,-0.000580388,-0.000582975,-0.019786285,-0.000595673,-0.001203372,-0.000454102,-0.000457386,-0.000459339,-0.016362354,-0.000447752,-0.000947302
-0.000748017,-0.000743643,-0.000742271,-0.028922439,-0.000925255,-0.001974201,-0.000522798,-0.000520635,-0.000520216,-0.020594626,-0.000596511,-0.001346486,-0.000426892,-0.000425659,-0.000426347,-0.017145981,-0.000465105,-0.001084008
-0.000732444,-0.000733179,-0.000726653,-0.027488657,-0.000853684,-0.002129978,-0.000521233,-0.000523579,-0.000520327,-0.020324399,-0.000561981,-0.001549045,-0.000409263,-0.000412322,-0.000412448,-0.016947885,-0.000437997,-0.001275656
-0.00078442,-0.000797723,-0.000798622,-0.026599145,-0.000907772,-0.00091589,-0.000520033,-0.000519894,-0.000518911,-0.02011691,-0.000540469,-0.000544868,-0.0004143,-0.000415417,-0.000415961,-0.016627035,-0.000420055,-0.000423144
-0.000777036,-0.000782759,-0.000775463,-0.027222423,-0.000907003,-0.00103767,-0.000516282,-0.000517227,-0.000511158,-0.019552156,-0.000540301,-0.000663809,-0.000410778,-0.000413441,-0.000409115,-0.016397444,-0.000419977,-0.000530647
-0.000828293,-0.000825748,-0.00082285,-0.028158273,-0.000910758,-0.004042632,-0.000553176,-0.000552595,-0.000552751,-0.019793422,-0.000608798,-0.002831017,-0.000440644,-0.000440896,-0.00044226,-0.016342314,-0.000477288,-0.002255944
-0.000774263,-0.000764823,-0.000759533,-0.026129879,-0.000850532,-0.001548551,-0.000529657,-0.000517394,-0.000509719,-0.019576531,-0.000533512,-0.001006262,-0.000424976,-0.000416269,-0.000410032,-0.016160223,-0.000416166,-0.000795474
-0.000798941,-0.00079702,-0.00079916,-0.028296513,-0.000904864,-0.001003089,-0.000518341,-0.000514395,-0.000511139,-0.019888228,-0.000526036,-0.000642023,-0.00041145,-0.000408292,-0.000404652,-0.016736936,-0.000405812,-0.0005196
-0.000842368,-0.000843001,-0.000843692,-0.026677972,-0.000923695,-0.001495199,-0.000486995,-0.000487196,-0.000489213,-0.019359474,-0.000552325,-0.001056462,-0.00039345,-0.000393164,-0.000395027,-0.016174661,-0.00042642,-0.000864383
-0.000798931,-0.000798778,-0.000793833,-0.029591606,-0.000923528,-0.001845219,-0.000512316,-0.000510858,-0.000510838,-0.02043047,-0.000530295,-0.001299325,-0.000410832,-0.000409596,-0.000408456,-0.016971086,-0.000410485,-0.001064927
-0.000795823,-0.000795417,-0.000770526,-0.028382065,-0.000923421,-0.002646787,-0.000533425,-0.000527707,-0.000517102,-0.020468524,-0.000530307,-0.001677239,-0.000437394,-0.000431329,-0.000420064,-0.016871879,-0.000410501,-0.001385853
-0.000750551,-0.000748024,-0.000754879,-0.028628626,-0.000923651,-0.000986777,-0.00052696,-0.000521087,-0.000517514,-0.019686324,-0.000530292,-0.000595362,-0.000428067,-0.000423331,-0.000421077,-0.016418787,-0.000410468,-0.000470674
-0.000861562,-0.00085815,-0.000866834,-0.029269129,-0.000923402,-0.001335665,-0.000533812,-0.000535492,-0.00053424,-0.020126255,-0.000530311,-0.000854679,-0.00041507,-0.000416091,-0.000413235,-0.016829942,-0.000410516,-0.000697403
-0.00091372,-0.000911527,-0.000914193,-0.027592577,-0.001003031,-0.002057067,-0.000550101,-0.000544819,-0.000547856,-0.019666463,-0.000603307,-0.001189404,-0.000424524,-0.000420105,-0.000422184,-0.016377172,-0.000452088,-0.000944184
-0.000662843,-0.00065765,-0.000654938,-0.027593149,-0.000823458,-0.002059991,-0.00048813,-0.000488703,-0.000484725,-0.020902014,-0.000524621,-0.001529314,-0.000401838,-0.000400699,-0.000397569,-0.017055893,-0.000410689,-0.001262254
-0.001097089,-0.001100578,-0.001099764,-0.028784998,-0.001262975,-0.003614044,-0.000588759,-0.000590474,-0.000587465,-0.020209373,-0.00066339,-0.002374323,-0.000446627,-0.000447984,-0.000446403,-0.016631475,-0.000479855,-0.001948268
-0.000729195,-0.000723712,-0.000719049,-0.026579634,-0.000777814,-0.001581087,-0.000495685,-0.000492876,-0.000491269,-0.019552431,-0.000522072,-0.001191819,-0.000401301,-0.000398869,-0.000396579,-0.016325155,-0.000406947,-0.0009716
-0.000719769,-0.00071883,-0.000715352,-0.026815642,-0.000792293,-0.002804348,-0.000472061,-0.000470967,-0.000467841,-0.019794362,-0.000500728,-0.002241594,-0.000368201,-0.000367148,-0.000365802,-0.016503464,-0.000392284,-0.001918051
-0.000802198,-0.000788289,-0.000776044,-0.026862252,-0.000907926,-0.004067781,-0.000517782,-0.00051184,-0.000509555,-0.019688047,-0.000526131,-0.002692155,-0.000412022,-0.000406439,-0.000401799,-0.016423153,-0.000412045,-0.002159754
-0.000932602,-0.000929796,-0.00093159,-0.02623859,-0.001050055,-0.003045628,-0.000539159,-0.000538793,-0.000541337,-0.019178991,-0.000624295,-0.002272392,-0.000415491,-0.000415844,-0.000418058,-0.015991025,-0.000477937,-0.001880276
-0.000736421,-0.000738306,-0.000739192,-0.030637477,-0.000863094,-0.001588022,-0.000475345,-0.000477199,-0.00047767,-0.020448524,-0.000543616,-0.001134487,-0.00038124,-0.000382442,-0.000383268,-0.016858195,-0.00042131,-0.000937077
-0.000718386,-0.00071288,-0.000709532,-0.027924384,-0.000822225,-0.002195889,-0.000488597,-0.000485687,-0.000485649,-0.020944521,-0.000524736,-0.001518377,-0.00039405,-0.000390737,-0.000390327,-0.017202701,-0.000410807,-0.001249629
-0.000605793,-0.000603822,-0.000601891,-0.028303686,-0.000689113,-0.003023684,-0.000466037,-0.000465185,-0.00046495,-0.020490777,-0.000504513,-0.002223136,-0.00037957,-0.000378511,-0.000378648,-0.017176905,-0.000404719,-0.001905256
-0.000824327,-0.000816492,-0.000808968,-0.027250692,-0.000874968,-0.004951566,-0.000525613,-0.000523901,-0.00052208,-0.020201664,-0.00056576,-0.003384656,-0.000409856,-0.000408463,-0.000407106,-0.016980895,-0.000438132,-0.002798585
-0.000653252,-0.000662681,-0.000652212,-0.028534179,-0.000688001,-0.002599606,-0.000472233,-0.000476241,-0.000473156,-0.020614444,-0.000499434,-0.001665807,-0.00038746,-0.000389442,-0.00039064,-0.017212203,-0.000406057,-0.001342964
-0.00069152,-0.000690991,-0.000704921,-0.028101268,-0.000815123,-0.002043272,-0.000470377,-0.000469242,-0.000472894,-0.02001938,-0.000494513,-0.001419574,-0.000379825,-0.000378341,-0.000379917,-0.016618828,-0.000391333,-0.001149579
-0.000705345,-0.000696036,-0.000691751,-0.028728038,-0.000802619,-0.001303467,-0.000488767,-0.000484192,-0.000481474,-0.021274318,-0.000513794,-0.000917212,-0.000402504,-0.000397812,-0.000395151,-0.017462104,-0.000406134,-0.000762522
-0.000731765,-0.000741693,-0.000737396,-0.029845847,-0.000764013,-0.001040622,-0.00050362,-0.00050764,-0.000505578,-0.02152369,-0.000503357,-0.000712373,-0.000402086,-0.000404018,-0.000401835,-0.017756106,-0.000401623,-0.000576678
-0.000738616,-0.000740298,-0.00073102,-0.028710608,-0.000814029,-0.001404681,-0.000483481,-0.000480591,-0.000472783,-0.020990642,-0.000533684,-0.000958758,-0.000379836,-0.000378094,-0.000372425,-0.01754523,-0.000418776,-0.000782244
-0.000729842,-0.000735521,-0.000746654,-0.029199372,-0.00101027,-0.00475602,-0.000472682,-0.000473319,-0.000475307,-0.021453384,-0.000586333,-0.003449042,-0.000376318,-0.000377168,-0.000376746,-0.017809078,-0.000441362,-0.002862231
-0.000735228,-0.000743531,-0.000745703,-0.027905199,-0.000888048,-0.001259851,-0.000480221,-0.000482042,-0.000483533,-0.020619141,-0.000570143,-0.000878066,-0.000379294,-0.000381518,-0.000382312,-0.017381387,-0.000445758,-0.000720624
-0.000696813,-0.000699941,-0.00068849,-0.031292439,-0.000832592,-0.001256211,-0.000475197,-0.000475692,-0.000473008,-0.022671292,-0.000555596,-0.000905614,-0.00037878,-0.000379244,-0.000377731,-0.01859353,-0.000437441,-0.00076295
-0.000684224,-0.000684094,-0.000683924,-0.030853024,-0.000922346,-0.001556224,-0.000446949,-0.000446937,-0.000445266,-0.022324664,-0.00053051,-0.001085476,-0.000362429,-0.000362921,-0.000362364,-0.018549257,-0.000410631,-0.000894144
-0.000726895,-0.000731986,-0.000733492,-0.029896352,-0.000922521,-0.000951314,-0.000466124,-0.000466707,-0.000466327,-0.022311439,-0.00053061,-0.000572214,-0.000368263,-0.000368781,-0.000368687,-0.01852571,-0.000410732,-0.000451425
-0.000542864,-0.000545654,-0.000548441,-0.035408451,-0.00061105,-0.001846928,-0.000409903,-0.000409467,-0.000408365,-0.023425272,-0.00046897,-0.001351216,-0.000332795,-0.000330583,-0.000330134,-0.019223724,-0.000382902,-0.001119058
-0.000865993,-0.000869595,-0.000872322,-0.031763712,-0.000917811,-0.000971473,-0.000485818,-0.000487182,-0.000489614,-0.022578634,-0.000554811,-0.000597028,-0.00037274,-0.000372792,-0.000374701,-0.018851382,-0.000425271,-0.000464801
-0.000773545,-0.000774261,-0.00078144,-0.034512419,-0.000986068,-0.004650876,-0.000456506,-0.000456398,-0.000458235,-0.024580409,-0.000563514,-0.003152582,-0.000345973,-0.000346064,-0.000347542,-0.020238892,-0.000428258,-0.002589345
-0.000783153,-0.000776391,-0.000777034,-0.031538011,-0.000931242,-0.007483074,-0.000465296,-0.000464726,-0.000465241,-0.023441731,-0.000562185,-0.004897911,-0.000373282,-0.000373548,-0.000372887,-0.019649933,-0.000431538,-0.003937267
-0.000921198,-0.000920229,-0.000912894,-0.038605662,-0.001078518,-0.006734504,-0.000518001,-0.000519723,-0.000515836,-0.025648693,-0.000663775,-0.004484028,-0.000393359,-0.000395015,-0.000392113,-0.021323446,-0.000488573,-0.003586788
-0.000673942,-0.000673247,-0.000678802,-0.033864295,-0.000817346,-0.005529635,-0.000430201,-0.000431343,-0.000430968,-0.025104795,-0.000519307,-0.003850764,-0.000340835,-0.000341164,-0.000341548,-0.02062306,-0.000409782,-0.003164814
-0.000737142,-0.000735106,-0.000733141,-0.033869135,-0.000919047,-0.004443963,-0.000458731,-0.000458391,-0.000458972,-0.025668794,-0.000553255,-0.003012603,-0.000365003,-0.000364906,-0.000366488,-0.022040654,-0.000427196,-0.002481704
-0.000611455,-0.000613857,-0.000611414,-0.032106516,-0.000699338,-0.001527776,-0.00038562,-0.000384221,-0.000381768,-0.025349411,-0.00047356,-0.001020795,-0.000314208,-0.000314626,-0.000313448,-0.021442336,-0.000388731,-0.000836443
-0.00058086,-0.000585791,-0.000587327,-0.033021947,-0.000698757,-0.002884357,-0.000384522,-0.000384253,-0.000384033,-0.026108913,-0.000473288,-0.00190658,-0.00031476,-0.000314238,-0.000313835,-0.021901294,-0.000388446,-0.001566284
-0.000697371,-0.000692906,-0.000698128,-0.036912163,-0.000848714,-0.001815517,-0.000441423,-0.000441903,-0.000439393,-0.027512688,-0.000522262,-0.001319064,-0.000345772,-0.000346504,-0.000344926,-0.022606756,-0.00040911,-0.001069998
-0.001982466,-0.00198019,-0.001980242,-0.039547827,-0.00322563,-0.003275457,-0.001157389,-0.001155208,-0.001155824,-0.027984418,-0.001648348,-0.001723978,-0.000905784,-0.000904926,-0.000905434,-0.023092833,-0.001282952,-0.00135163
-0.001860673,-0.001862633,-0.001863125,-0.038239981,-0.002438641,-0.002574962,-0.001078737,-0.00107761,-0.001077,-0.027302908,-0.001460165,-0.001666658,-0.000845517,-0.000846385,-0.000849314,-0.022591478,-0.001140618,-0.001349712
-0.001768898,-0.001766442,-0.001779889,-0.035313596,-0.002375179,-0.002387942,-0.001046699,-0.001043415,-0.001049469,-0.025814353,-0.001435124,-0.001452531,-0.000814992,-0.000813791,-0.00081711,-0.021489397,-0.001111828,-0.001125463
-0.001711956,-0.001720881,-0.00174366,-0.032674417,-0.002207008,-0.002558256,-0.001049924,-0.00105324,-0.001060202,-0.024945816,-0.001376692,-0.001666777,-0.000817382,-0.000818949,-0.000824459,-0.021113958,-0.001051406,-0.001298024
-0.001756359,-0.001772792,-0.001783118,-0.034605794,-0.002227163,-0.003557595,-0.001062092,-0.00107944,-0.001087852,-0.025518709,-0.001389659,-0.002482148,-0.000831623,-0.000843149,-0.000849216,-0.02157629,-0.001083284,-0.002057036
-0.001590119,-0.00161129,-0.001601026,-0.034506543,-0.002105422,-0.003626614,-0.000999046,-0.00100683,-0.001007752,-0.025490769,-0.001352415,-0.002700281,-0.00079839,-0.000802543,-0.000800735,-0.021442051,-0.001059833,-0.002253401
-0.001599956,-0.001598171,-0.00160999,-0.034646327,-0.002067174,-0.004496164,-0.001040874,-0.001039457,-0.001047662,-0.025017526,-0.001327164,-0.003018391,-0.000813139,-0.000814642,-0.000821132,-0.020967447,-0.00103947,-0.002471645
-0.001453273,-0.001459046,-0.001474598,-0.031231238,-0.001842069,-0.002109786,-0.000945367,-0.000949742,-0.000955196,-0.024152357,-0.001190195,-0.00149268,-0.000757346,-0.000760765,-0.000766902,-0.02011174,-0.000950301,-0.001226391
-0.001409507,-0.001425604,-0.001448431,-0.032539698,-0.001910163,-0.002149415,-0.000876103,-0.000872626,-0.000876473,-0.023714717,-0.001181396,-0.001526338,-0.000706835,-0.000705281,-0.000709059,-0.020064435,-0.000957217,-0.001271735
-0.001705658,-0.001711672,-0.001716719,-0.032052287,-0.002125885,-0.002127702,-0.000984295,-0.000986576,-0.000994424,-0.024371261,-0.001289185,-0.001315889,-0.000759545,-0.000762998,-0.000768431,-0.020313107,-0.000992855,-0.001017925
-0.001141182,-0.001168076,-0.001163937,-0.031665043,-0.001588332,-0.001597386,-0.000802279,-0.000813769,-0.000814581,-0.023807468,-0.001124567,-0.001130496,-0.000657829,-0.000665919,-0.00066591,-0.019792212,-0.000916988,-0.00092411
-0.001276861,-0.001288829,-0.001297173,-0.0320544,-0.001719684,-0.005102372,-0.000885858,-0.000879974,-0.000871318,-0.023033911,-0.001108696,-0.003261836,-0.000713145,-0.000711092,-0.000706337,-0.019103596,-0.000882581,-0.002635341
-0.00130937,-0.00132979,-0.001319676,-0.033179012,-0.00170439,-0.005171195,-0.000918263,-0.000921362,-0.000911073,-0.0231798,-0.001098259,-0.003518663,-0.000719534,-0.000723231,-0.000719421,-0.018896367,-0.000862894,-0.002859347
-0.001223865,-0.001232506,-0.001231955,-0.033474819,-0.001692913,-0.003951465,-0.000877999,-0.000879087,-0.000880048,-0.023587686,-0.001090495,-0.0027308,-0.000708716,-0.000707095,-0.000708582,-0.019306567,-0.0008566,-0.002247572
-0.001290688,-0.001290635,-0.001290137,-0.032436775,-0.001713219,-0.002706125,-0.000867638,-0.000865175,-0.000864292,-0.021952246,-0.001105583,-0.001985507,-0.000701515,-0.000701159,-0.000702082,-0.018027129,-0.000872836,-0.001630669
-0.001238677,-0.001236655,-0.00124505,-0.030253532,-0.001540355,-0.003389624,-0.000832973,-0.000832753,-0.000838096,-0.021624714,-0.001069372,-0.002472261,-0.000670393,-0.000670142,-0.000673737,-0.017937981,-0.000855747,-0.00203691
-0.001571938,-0.001557186,-0.00155647,-0.025674618,-0.001902385,-0.003599296,-0.000878389,-0.000877695,-0.000875036,-0.019828609,-0.001160015,-0.002517588,-0.000687075,-0.000686524,-0.00068933,-0.017113683,-0.000905298,-0.002069792
-0.00115384,-0.001157891,-0.00115583,-0.025998417,-0.00157849,-0.003106705,-0.000822495,-0.00082286,-0.000825151,-0.020098699,-0.001092628,-0.002185156,-0.00065817,-0.000657414,-0.000655367,-0.0171704,-0.000859929,-0.001804923
-0.001349245,-0.001365648,-0.001372158,-0.031117554,-0.0019464,-0.002168837,-0.000913347,-0.000911866,-0.000909361,-0.023174747,-0.001174161,-0.001390114,-0.000741124,-0.000737291,-0.000735792,-0.018688768,-0.000926122,-0.001112848
-0.001122846,-0.001119581,-0.001130217,-0.029306315,-0.001557802,-0.002039889,-0.000776237,-0.000773114,-0.000778355,-0.021614687,-0.000980405,-0.001391451,-0.000634871,-0.00063348,-0.000636736,-0.017713006,-0.000795976,-0.001132985
-0.001615918,-0.001618452,-0.001617933,-0.031141272,-0.002131644,-0.004707964,-0.000915945,-0.000913411,-0.000920068,-0.0224862,-0.001184425,-0.003102393,-0.000700234,-0.000699292,-0.000703954,-0.018364469,-0.000904116,-0.002467428
-0.001302231,-0.001305489,-0.001317471,-0.033068347,-0.001675613,-0.001920504,-0.00085255,-0.00085252,-0.000856037,-0.024026718,-0.001192371,-0.001454018,-0.000691624,-0.00069266,-0.000696293,-0.019268096,-0.000920815,-0.00115894
-0.001378285,-0.001399883,-0.001386514,-0.0280464,-0.001697179,-0.003115331,-0.0009083,-0.000918594,-0.000910143,-0.020830189,-0.001109349,-0.002344821,-0.00071982,-0.000726295,-0.000723614,-0.017625419,-0.000887242,-0.00196812
-0.001284225,-0.001286489,-0.001283825,-0.033959255,-0.001624716,-0.002692439,-0.000835043,-0.000834985,-0.000829218,-0.023248286,-0.001031433,-0.00183474,-0.000661999,-0.000662548,-0.000659292,-0.018867633,-0.000834929,-0.001495919
-0.001332845,-0.001305916,-0.001292851,-0.031648873,-0.00185985,-0.002235815,-0.000833762,-0.000828479,-0.000832043,-0.023680522,-0.0011092,-0.001351363,-0.000653644,-0.000651765,-0.000653756,-0.019197393,-0.000871499,-0.001081667
-0.001434348,-0.001439823,-0.001440303,-0.029281034,-0.001975828,-0.002851005,-0.000899642,-0.000893851,-0.000893872,-0.021701783,-0.001187739,-0.002098999,-0.000695576,-0.000692985,-0.000697921,-0.018032441,-0.000909758,-0.001697818
-0.00143749,-0.001442102,-0.001447216,-0.028690571,-0.001988561,-0.003260055,-0.000863445,-0.000866106,-0.000871303,-0.02183942,-0.001194677,-0.00208378,-0.000689668,-0.00069112,-0.000694002,-0.018094538,-0.000916504,-0.001647707
-0.001210209,-0.001212698,-0.001194281,-0.028163347,-0.001450462,-0.00321066,-0.000846259,-0.000848039,-0.000838169,-0.021315133,-0.001023777,-0.002362046,-0.000684908,-0.000685918,-0.000680292,-0.017928424,-0.000841047,-0.001919443
-0.001139642,-0.001124622,-0.001103332,-0.030159871,-0.001541256,-0.003941632,-0.000793748,-0.000790133,-0.000780059,-0.021583833,-0.001024831,-0.002773038,-0.00065168,-0.000649881,-0.000646694,-0.017696298,-0.000830415,-0.002262648
-0.000999332,-0.001025553,-0.001022759,-0.031673099,-0.00154002,-0.004049276,-0.00075568,-0.00076455,-0.000762693,-0.021769656,-0.00102409,-0.002634907,-0.000615441,-0.00062164,-0.000624293,-0.017666078,-0.000829923,-0.002122737
-0.001088298,-0.001075821,-0.00107008,-0.028601775,-0.001540905,-0.004918322,-0.000808254,-0.000805084,-0.00079794,-0.02114129,-0.001024173,-0.003253822,-0.000652651,-0.000648887,-0.000644406,-0.017423652,-0.000829893,-0.002583599
-0.001767541,-0.001791806,-0.001789988,-0.029548164,-0.002270743,-0.00348072,-0.000962118,-0.000968371,-0.000967506,-0.021370874,-0.001287673,-0.002308577,-0.000744326,-0.000751031,-0.000750844,-0.018070551,-0.000982071,-0.001831339
-0.00149872,-0.001493791,-0.00148902,-0.028991741,-0.001839973,-0.001828296,-0.000861238,-0.000860385,-0.000856819,-0.021754921,-0.00110884,-0.001120308,-0.000672596,-0.000673505,-0.000672132,-0.018505999,-0.000869105,-0.000882865
-0.001055128,-0.001042122,-0.001049055,-0.031935055,-0.001445604,-0.003588467,-0.000772748,-0.00076875,-0.000763874,-0.023285369,-0.001016227,-0.002297792,-0.000640629,-0.00063992,-0.000635089,-0.019158763,-0.000821246,-0.001846157
-0.00129886,-0.001301136,-0.001322186,-0.036238877,-0.001884743,-0.002284043,-0.000843158,-0.000843714,-0.000856995,-0.024335517,-0.001122879,-0.001573837,-0.000681145,-0.000677558,-0.000682903,-0.020143492,-0.000889924,-0.001283223
-0.001083883,-0.001090269,-0.001091918,-0.028842939,-0.001466209,-0.003896071,-0.000768267,-0.000768078,-0.000766056,-0.022682119,-0.001009429,-0.002663911,-0.000617133,-0.00061903,-0.000618812,-0.0191983,-0.000808555,-0.00214201
-0.00154809,-0.001558965,-0.001577895,-0.027598414,-0.002009214,-0.003263681,-0.000893871,-0.00089903,-0.000900747,-0.022344895,-0.001186499,-0.002147009,-0.000689333,-0.000690179,-0.000691023,-0.018727899,-0.000909224,-0.001701173
-0.001258887,-0.001255318,-0.001244899,-0.03511626,-0.001613839,-0.002838199,-0.000853262,-0.000850964,-0.000845575,-0.02441221,-0.001070832,-0.002070207,-0.00068145,-0.000679496,-0.000675402,-0.019912822,-0.000848322,-0.001703267
-0.00169755,-0.001699959,-0.001705584,-0.029269851,-0.002079708,-0.004119635,-0.000996895,-0.000991708,-0.000977422,-0.022696374,-0.001162209,-0.00269143,-0.000758007,-0.000752323,-0.000741196,-0.018872346,-0.000880052,-0.002145749
-0.001291495,-0.001304377,-0.001322971,-0.028124194,-0.001677109,-0.002656311,-0.000860053,-0.000863545,-0.000867738,-0.022843863,-0.001105313,-0.001853756,-0.000676627,-0.000678124,-0.000681248,-0.019171221,-0.000873276,-0.001481824
-0.001270316,-0.001283017,-0.00129438,-0.028649591,-0.001646324,-0.002866813,-0.000832203,-0.000837042,-0.000835821,-0.021927769,-0.001124525,-0.001912085,-0.000673512,-0.000675678,-0.000674097,-0.018583934,-0.0008895,-0.001544966
-0.001395316,-0.001403195,-0.001429755,-0.028335499,-0.001914797,-0.003987095,-0.000794438,-0.000799484,-0.000809376,-0.021569621,-0.001111715,-0.00252962,-0.00063185,-0.000635268,-0.000644269,-0.018083113,-0.000866107,-0.002046525
-0.001298716,-0.001301826,-0.001293534,-0.033055438,-0.001810106,-0.004861705,-0.000889578,-0.000891353,-0.000891247,-0.024334886,-0.001199287,-0.003198791,-0.000710639,-0.000713102,-0.000713671,-0.020337477,-0.000954938,-0.002627476
-0.001583211,-0.001579494,-0.001579913,-0.036404166,-0.002016478,-0.002418377,-0.000909785,-0.00090695,-0.000907082,-0.02453513,-0.001198779,-0.001485854,-0.000696679,-0.000696893,-0.000697212,-0.019871458,-0.000936584,-0.001167628
-0.001226922,-0.001231397,-0.00126004,-0.02927574,-0.001736938,-0.003779539,-0.000813689,-0.000813877,-0.000822578,-0.022576765,-0.001059564,-0.002548534,-0.000658666,-0.000659011,-0.000663442,-0.018947696,-0.000830907,-0.002104482
-0.001310714,-0.001322444,-0.001311366,-0.0404039,-0.001787653,-0.003651282,-0.000866353,-0.000868164,-0.000865632,-0.026555012,-0.001167352,-0.002512594,-0.000682972,-0.000686699,-0.000686149,-0.021548991,-0.000915507,-0.002044718
-0.001380736,-0.001383004,-0.00139034,-0.03683001,-0.001885075,-0.002077681,-0.000850858,-0.00085202,-0.000850906,-0.02598053,-0.001094877,-0.001337409,-0.000681677,-0.000682657,-0.000680144,-0.021208707,-0.000873378,-0.001082934
-0.001188722,-0.001199358,-0.001204373,-0.043586869,-0.001579241,-0.001631564,-0.000802515,-0.000807021,-0.000803032,-0.028183657,-0.001055087,-0.001090202,-0.000641224,-0.000642449,-0.000639818,-0.022404406,-0.000843487,-0.000868444
-0.00123722,-0.001244901,-0.001250291,-0.044813977,-0.001587729,-0.004234773,-0.000793399,-0.000793707,-0.000795945,-0.030013444,-0.001020533,-0.002877139,-0.000633756,-0.000634251,-0.000634894,-0.024287122,-0.000821789,-0.002326148
-0.001176212,-0.001182189,-0.001186572,-0.048129533,-0.00158688,-0.004735608,-0.000769723,-0.000772138,-0.000773151,-0.031074366,-0.001020565,-0.003289021,-0.000624497,-0.000627231,-0.000629571,-0.024627729,-0.000821611,-0.002618498
-0.001114204,-0.001115442,-0.001119808,-0.046556545,-0.001522217,-0.00451564,-0.000768945,-0.000766945,-0.000763316,-0.03112075,-0.000991249,-0.003101873,-0.000636335,-0.000634493,-0.000634927,-0.025098298,-0.00080334,-0.002556145
-0.001174533,-0.001184895,-0.001185947,-0.046813024,-0.001496608,-0.007299419,-0.00076301,-0.000768519,-0.000767837,-0.03289894,-0.000989973,-0.005087856,-0.000611449,-0.000612948,-0.000614548,-0.027515355,-0.000801408,-0.004305607
-0.001495506,-0.001490039,-0.001474924,-0.045218546,-0.002079538,-0.006629285,-0.000832477,-0.000821601,-0.00082397,-0.033015121,-0.001200762,-0.004137627,-0.000644583,-0.000636828,-0.000636442,-0.027941665,-0.000904962,-0.003379134
-0.001640262,-0.001647994,-0.001664759,-0.047429162,-0.002062571,-0.005891857,-0.000869217,-0.000871501,-0.000877284,-0.033853341,-0.001161622,-0.004023647,-0.000682792,-0.000681832,-0.000684175,-0.027931979,-0.000897505,-0.003244527
-0.001048205,-0.001050507,-0.001045122,-0.052428181,-0.001394543,-0.001452653,-0.000739375,-0.000740752,-0.000741415,-0.033677009,-0.000999514,-0.00104546,-0.000596294,-0.000596013,-0.000598106,-0.027111562,-0.000819056,-0.000862215
-0.001162199,-0.001178429,-0.001188147,-0.043877143,-0.001566678,-0.005106438,-0.000743268,-0.000743525,-0.000745646,-0.031414427,-0.00101479,-0.003403892,-0.000595804,-0.000599251,-0.000602656,-0.026048829,-0.000808704,-0.002737704
-0.001009328,-0.000994879,-0.001014414,-0.045405442,-0.001443251,-0.006662743,-0.000715466,-0.000709527,-0.000707905,-0.031601713,-0.001015204,-0.004819775,-0.000588848,-0.000582968,-0.000581413,-0.025866446,-0.000824899,-0.003961797
-0.001294586,-0.001304394,-0.001313301,-0.038463052,-0.001901228,-0.009027474,-0.000776753,-0.000781664,-0.000783921,-0.02951859,-0.001126981,-0.005698671,-0.000620162,-0.000625939,-0.00062764,-0.024878457,-0.000888165,-0.004660815
-0.001225385,-0.001245886,-0.001259095,-0.036289776,-0.001724519,-0.004819537,-0.000832962,-0.00084608,-0.000846958,-0.028176024,-0.001170724,-0.003729925,-0.000660731,-0.000671239,-0.000668776,-0.023724666,-0.000919273,-0.00303568
-0.001166975,-0.001173655,-0.001182297,-0.047369815,-0.001590634,-0.001744325,-0.000743048,-0.000746635,-0.000753262,-0.031129541,-0.001044852,-0.001225715,-0.000602645,-0.00060568,-0.000607886,-0.024565644,-0.000844203,-0.001007808
-0.001274739,-0.001269047,-0.001270016,-0.044527627,-0.001854553,-0.003509862,-0.000769105,-0.000765566,-0.00076705,-0.028771336,-0.001091027,-0.002555106,-0.000613171,-0.000614804,-0.000615719,-0.02354564,-0.000863479,-0.002091701
-0.001530294,-0.001534643,-0.001539798,-0.032114964,-0.001914655,-0.007203892,-0.000891615,-0.000891122,-0.000889739,-0.024679803,-0.001183313,-0.004895301,-0.000690644,-0.000688867,-0.000687673,-0.02133204,-0.000912194,-0.003949202
-0.001121067,-0.001104866,-0.001097146,-0.037448209,-0.001651629,-0.001875994,-0.000740664,-0.000737194,-0.000732072,-0.026681427,-0.001057548,-0.001388834,-0.000592815,-0.000591502,-0.000593866,-0.022082484,-0.000841674,-0.001139546
-0.001394658,-0.001394163,-0.001392793,-0.037054977,-0.001918359,-0.001965919,-0.000817198,-0.000816453,-0.000815349,-0.026669195,-0.001157228,-0.001177444,-0.000641292,-0.000639137,-0.000641043,-0.022222684,-0.00090065,-0.000920913
-0.001203574,-0.001212041,-0.001236225,-0.035053929,-0.001663246,-0.007200719,-0.000803941,-0.000803921,-0.000813132,-0.026617955,-0.00108698,-0.005033558,-0.000656237,-0.000656475,-0.000662169,-0.021996326,-0.000861534,-0.004167638
-0.001293129,-0.001288076,-0.001296795,-0.037036075,-0.001847741,-0.00802775,-0.000846624,-0.000846309,-0.000851975,-0.026422666,-0.001131868,-0.005775013,-0.000691206,-0.000690852,-0.0006931,-0.021650713,-0.000880723,-0.004694506
-0.001291273,-0.001289595,-0.001277797,-0.036009904,-0.001659775,-0.007820182,-0.000889123,-0.000889065,-0.000887913,-0.025842405,-0.001085236,-0.005831484,-0.00070747,-0.000708621,-0.000708297,-0.021314312,-0.000861665,-0.004733017
-0.001186066,-0.001191272,-0.001199325,-0.033726155,-0.001356601,-0.004977596,-0.000828639,-0.000832846,-0.000835486,-0.023979361,-0.000999658,-0.00314533,-0.000662164,-0.000663545,-0.000665513,-0.019941687,-0.000810247,-0.002508351
-0.001587388,-0.001571961,-0.001573577,-0.037024321,-0.001947622,-0.0019816,-0.000881161,-0.000879065,-0.000882239,-0.024760226,-0.001081297,-0.001157754,-0.00068619,-0.000685474,-0.000688921,-0.020191523,-0.000840677,-0.000910585
-0.001576969,-0.001587527,-0.001583259,-0.030424194,-0.002069671,-0.002709076,-0.00098856,-0.000990862,-0.000992118,-0.023180772,-0.001290945,-0.001725909,-0.00077499,-0.000774416,-0.000775283,-0.01923322,-0.000978662,-0.001337396
-0.001486291,-0.001489837,-0.001500914,-0.029046952,-0.002089187,-0.002522023,-0.000915095,-0.000917619,-0.000924883,-0.021889295,-0.001229206,-0.001735397,-0.000698768,-0.000701713,-0.000708773,-0.018342783,-0.000943703,-0.001420508
-0.001244967,-0.001254119,-0.001265929,-0.025075489,-0.002009586,-0.006881604,-0.000823209,-0.000823007,-0.00082499,-0.019965904,-0.001132674,-0.00490954,-0.000664396,-0.000661367,-0.000660103,-0.01701752,-0.000876471,-0.004020199
-0.001538154,-0.001541878,-0.001544311,-0.033861792,-0.001926188,-0.00210129,-0.000918146,-0.000916786,-0.000911715,-0.022533896,-0.001101455,-0.00134501,-0.000732062,-0.000730098,-0.000728728,-0.0184484,-0.000866396,-0.001082651
-0.001192447,-0.00119728,-0.001216199,-0.030858212,-0.001610763,-0.001623667,-0.000868008,-0.000868656,-0.000881221,-0.021430055,-0.0010571,-0.001078887,-0.000695562,-0.000696568,-0.000706948,-0.017693137,-0.000844774,-0.000869443
-0.007898068,-0.007815254,-0.007561453,-0.030234442,-0.009266196,-0.010661904,-0.005260456,-0.005237346,-0.005109425,-0.02111968,-0.007010915,-0.007494304,-0.004297525,-0.004273266,-0.004184187,-0.017369675,-0.005652548,-0.005931493
-0.00821793,-0.007995597,-0.008036513,-0.028432047,-0.010506593,-0.011347502,-0.005010446,-0.004875691,-0.004866283,-0.020872913,-0.00685443,-0.007523559,-0.004062914,-0.003974946,-0.003970865,-0.017623683,-0.005589705,-0.006073559
-0.006065322,-0.006068595,-0.005958996,-0.034924836,-0.010694164,-0.011311506,-0.004460617,-0.004474168,-0.004429807,-0.024875132,-0.006810779,-0.007274636,-0.00367139,-0.003663733,-0.003635761,-0.020756864,-0.005377193,-0.005810198
-0.006479229,-0.00643917,-0.006357586,-0.036968027,-0.009004374,-0.010317152,-0.004557306,-0.004551472,-0.004565687,-0.026853441,-0.006356014,-0.006892144,-0.003734099,-0.003724505,-0.003706239,-0.022142936,-0.005289697,-0.005621088
-0.007494136,-0.00738171,-0.007230467,-0.034714238,-0.009545099,-0.010672814,-0.004925876,-0.004861264,-0.004807974,-0.025634638,-0.006173305,-0.006833678,-0.003957179,-0.003908713,-0.003849777,-0.021491847,-0.005015396,-0.005540682
-0.006427426,-0.006346619,-0.006328809,-0.03244646,-0.009822741,-0.010482724,-0.004498669,-0.004518194,-0.004521805,-0.024720921,-0.006541212,-0.006964095,-0.003682778,-0.00370198,-0.003690197,-0.021104328,-0.005232136,-0.005648794
-0.005696327,-0.005667135,-0.005604646,-0.032738558,-0.008622394,-0.009707367,-0.00416409,-0.004121655,-0.00404893,-0.024686883,-0.006454886,-0.006777315,-0.00349353,-0.003460174,-0.003418147,-0.02108639,-0.005418974,-0.00554252
-0.006376423,-0.00636548,-0.006390666,-0.039294143,-0.009107048,-0.013881903,-0.004452795,-0.004445261,-0.004458334,-0.026011874,-0.006178623,-0.009059365,-0.003612995,-0.003607511,-0.003626793,-0.021261173,-0.004964705,-0.007215181
-0.006300578,-0.006309431,-0.0063111,-0.031342343,-0.008068812,-0.008715279,-0.004420132,-0.004414439,-0.004419256,-0.023187602,-0.005967676,-0.006005488,-0.003511663,-0.00351335,-0.003507233,-0.019663138,-0.004906379,-0.004857064
-0.006879406,-0.006884374,-0.006839633,-0.037913443,-0.009320646,-0.012964414,-0.004636059,-0.004617446,-0.004594148,-0.025194712,-0.006199497,-0.008926341,-0.003704423,-0.003686592,-0.003665353,-0.020529489,-0.004984129,-0.007178537
-0.005773012,-0.005779883,-0.00578311,-0.030526064,-0.009528307,-0.011694148,-0.004013765,-0.004039346,-0.004030416,-0.023296637,-0.006351347,-0.007353694,-0.00331339,-0.003323496,-0.003332858,-0.019854722,-0.00520442,-0.005827126
-0.006166722,-0.006167501,-0.006053758,-0.036983183,-0.008550295,-0.010450277,-0.004188325,-0.004123704,-0.004096484,-0.025032092,-0.00589112,-0.007555497,-0.00346109,-0.003393923,-0.003339499,-0.020204509,-0.004771801,-0.006169859
-0.006537432,-0.006474627,-0.006363579,-0.030763365,-0.008319895,-0.008624713,-0.004266544,-0.004235599,-0.004203019,-0.023543071,-0.005681375,-0.005604369,-0.003478864,-0.003470847,-0.003448814,-0.01986592,-0.004691944,-0.00464454
-0.006447127,-0.006396009,-0.006495929,-0.030805912,-0.009340496,-0.009952747,-0.004357997,-0.004318526,-0.004326993,-0.023235706,-0.00605147,-0.006732254,-0.00352599,-0.003492849,-0.003508838,-0.019703449,-0.004951996,-0.005532961
-0.006238933,-0.006206833,-0.006250804,-0.028681579,-0.008798445,-0.012496321,-0.00435004,-0.004314234,-0.004246433,-0.02181102,-0.006059933,-0.007962889,-0.003555172,-0.003538244,-0.00348221,-0.018232979,-0.004989787,-0.00662116
-0.006362088,-0.006256859,-0.006187558,-0.035366636,-0.010606028,-0.012550128,-0.004444728,-0.004363812,-0.004325039,-0.023679539,-0.006491318,-0.008731788,-0.003674949,-0.00362384,-0.003599665,-0.019258999,-0.005125038,-0.006881307
-0.006441232,-0.006376312,-0.006243669,-0.030985418,-0.008505663,-0.00860533,-0.004633183,-0.004614882,-0.004532882,-0.022666189,-0.005946318,-0.006298776,-0.003629455,-0.003625538,-0.003629733,-0.019233419,-0.004900756,-0.005138451
-0.005670416,-0.005539213,-0.005479308,-0.034296472,-0.008061047,-0.010458727,-0.004066577,-0.004012662,-0.0040041,-0.024735616,-0.005752449,-0.00677891,-0.003334809,-0.003299583,-0.003288413,-0.020296975,-0.0048223,-0.00534163
-0.005756983,-0.005746592,-0.005692392,-0.033042413,-0.009021934,-0.008684653,-0.003869482,-0.003873743,-0.003859675,-0.024260102,-0.005872993,-0.005875353,-0.003093465,-0.003100716,-0.003097313,-0.020085772,-0.004673895,-0.004740043
-0.00486437,-0.004835175,-0.004745713,-0.035743814,-0.007212588,-0.007438169,-0.003788658,-0.003759882,-0.003735597,-0.025532885,-0.005510932,-0.005424767,-0.00315768,-0.003131901,-0.003116136,-0.020773953,-0.004632569,-0.004581259
-0.00574795,-0.005645071,-0.005516374,-0.036836424,-0.007301716,-0.007470061,-0.00421235,-0.004134127,-0.004061097,-0.02608791,-0.005552523,-0.005563714,-0.003419078,-0.00336329,-0.003309693,-0.020999532,-0.004642878,-0.004638767
-0.005089015,-0.005053388,-0.00487765,-0.035364231,-0.007680238,-0.008041642,-0.003804395,-0.003776556,-0.003723462,-0.024233619,-0.00535936,-0.00559345,-0.003162357,-0.003156771,-0.00310224,-0.020134592,-0.004461991,-0.004554074
-0.004739526,-0.004709773,-0.004682996,-0.035456679,-0.007496685,-0.007481937,-0.003540012,-0.003535511,-0.003498478,-0.024610383,-0.005175218,-0.005223834,-0.00296153,-0.002968281,-0.002964804,-0.020401937,-0.004255526,-0.004251283
-0.005497162,-0.005462026,-0.005493637,-0.034099232,-0.008463016,-0.008694714,-0.003945215,-0.003897101,-0.003856556,-0.023853612,-0.005694391,-0.00572947,-0.003222618,-0.003178107,-0.003151045,-0.019849934,-0.004608818,-0.004598488
-0.005201148,-0.005202854,-0.00523197,-0.034200465,-0.007468394,-0.008318927,-0.003887462,-0.003872728,-0.003862195,-0.024025812,-0.00536817,-0.005696933,-0.003220407,-0.003212947,-0.003214058,-0.019794106,-0.004415091,-0.004731255
-0.005591053,-0.00548604,-0.005452817,-0.032712128,-0.008473984,-0.008346414,-0.003866012,-0.003814895,-0.003776504,-0.023840424,-0.005608334,-0.005598768,-0.003182415,-0.003141167,-0.003102192,-0.01993616,-0.004523792,-0.004519593
-0.005681148,-0.005641902,-0.005616865,-0.032881693,-0.008570723,-0.008841313,-0.00368834,-0.003666536,-0.00365153,-0.023897789,-0.005643817,-0.005726975,-0.002949314,-0.002941016,-0.002950038,-0.019824063,-0.00448356,-0.004566872
-0.005758701,-0.005721821,-0.005659577,-0.031896238,-0.009282934,-0.009078881,-0.00392923,-0.003895104,-0.00385926,-0.023517713,-0.005832905,-0.005997236,-0.003167654,-0.003132923,-0.003096294,-0.01959337,-0.00457924,-0.00469944
-0.004984506,-0.005025074,-0.004999822,-0.030290355,-0.01017631,-0.009529833,-0.003649876,-0.003602702,-0.003556809,-0.022654928,-0.006046318,-0.006308597,-0.003003995,-0.002959547,-0.002941821,-0.018854649,-0.004749034,-0.004946717
-0.005401497,-0.005245413,-0.0051764,-0.031115413,-0.007571007,-0.00836767,-0.00384529,-0.003763536,-0.003687335,-0.023441295,-0.005251725,-0.00573823,-0.003125585,-0.003079489,-0.003036845,-0.019502018,-0.004356754,-0.004567938
-0.00551816,-0.005524511,-0.00548438,-0.030273267,-0.007007668,-0.007734125,-0.003903109,-0.003855227,-0.003781978,-0.021119874,-0.005377773,-0.005596687,-0.003174193,-0.003147595,-0.003105912,-0.017864914,-0.004436378,-0.004476195
-0.005842575,-0.00571451,-0.005523464,-0.028546582,-0.00686127,-0.00767473,-0.004145138,-0.004098369,-0.003952765,-0.020666836,-0.005208564,-0.005477699,-0.003385398,-0.003346704,-0.003243371,-0.017259108,-0.004325407,-0.004433682
-0.00541258,-0.005401817,-0.005390395,-0.027632654,-0.007462883,-0.008171964,-0.003930067,-0.00391378,-0.003903117,-0.020884649,-0.005292433,-0.005820687,-0.003199196,-0.003193936,-0.003206193,-0.017712913,-0.00435658,-0.00471645
-0.005416031,-0.005315301,-0.005280751,-0.029793003,-0.008335279,-0.008186629,-0.004072768,-0.00402403,-0.004024243,-0.021852065,-0.005814721,-0.005684897,-0.003348759,-0.003304848,-0.003310143,-0.018013583,-0.004679119,-0.004577708
-0.006165614,-0.00592242,-0.005875042,-0.028812375,-0.007308014,-0.007379496,-0.004164219,-0.004015308,-0.003991581,-0.020757555,-0.005180245,-0.005331907,-0.003382365,-0.003289587,-0.003274918,-0.016914129,-0.004279442,-0.004369487
-0.007000517,-0.006763839,-0.006619492,-0.029263049,-0.008550656,-0.009200327,-0.004927933,-0.00480344,-0.004747883,-0.021577494,-0.005912836,-0.00714292,-0.003983346,-0.003889648,-0.003839976,-0.018225328,-0.004818406,-0.005990859
-0.008699181,-0.008460897,-0.008403711,-0.030446197,-0.011707082,-0.012884799,-0.005115501,-0.004978895,-0.004889701,-0.021413577,-0.006503041,-0.007700212,-0.003985954,-0.003895907,-0.00382289,-0.017581176,-0.004983009,-0.00609519
-0.008763551,-0.008962181,-0.008904817,-0.029888767,-0.01142031,-0.014263842,-0.004967584,-0.005048805,-0.005061984,-0.021126441,-0.00638659,-0.008212895,-0.003916154,-0.003984903,-0.003985567,-0.017379904,-0.004999501,-0.006393309
-0.007337877,-0.007276387,-0.00714477,-0.029928593,-0.008172177,-0.008698882,-0.004922464,-0.004841151,-0.004748228,-0.021790294,-0.005763821,-0.006401776,-0.003937306,-0.003858079,-0.003795219,-0.018242172,-0.004732273,-0.005303195
-0.007054127,-0.006843879,-0.006837407,-0.029656017,-0.008362931,-0.00932738,-0.004812146,-0.004721341,-0.00471282,-0.021938565,-0.005813193,-0.006518703,-0.003875697,-0.003848253,-0.003848265,-0.018433967,-0.004747172,-0.005394368
-0.007586087,-0.007545655,-0.007349933,-0.028731716,-0.007938785,-0.008243853,-0.004958216,-0.004944185,-0.004859657,-0.021598215,-0.005617459,-0.006168769,-0.003959034,-0.003950335,-0.003895038,-0.018046396,-0.004665003,-0.005148241
-0.007044366,-0.006981356,-0.00685869,-0.029484154,-0.008230167,-0.00915905,-0.004637374,-0.004610054,-0.004604524,-0.021900235,-0.005743753,-0.006502503,-0.003724116,-0.003699746,-0.00368844,-0.018393079,-0.004699579,-0.005206032
-0.006673068,-0.006722864,-0.006642921,-0.031392183,-0.008110532,-0.00871461,-0.004529342,-0.004465408,-0.004285912,-0.022862105,-0.005877054,-0.00633574,-0.003603646,-0.003554071,-0.003420995,-0.018850644,-0.004781837,-0.005071874
-0.005710448,-0.0056622,-0.005414888,-0.029537365,-0.007402902,-0.007502191,-0.004287416,-0.00425381,-0.004072486,-0.020184553,-0.00514367,-0.005275178,-0.003540684,-0.003507795,-0.00337393,-0.016933336,-0.004212691,-0.004276118
-0.005999433,-0.005849406,-0.005770626,-0.029395316,-0.008028301,-0.00865173,-0.004434018,-0.004326429,-0.004279517,-0.021995313,-0.005427651,-0.006373918,-0.003635647,-0.003554501,-0.003525047,-0.018254254,-0.004346313,-0.005216381
-0.006938759,-0.00690856,-0.006966897,-0.032758971,-0.007518497,-0.009015815,-0.004384067,-0.00436689,-0.004401457,-0.023871533,-0.005314632,-0.006211058,-0.003585645,-0.0035832,-0.003615063,-0.019492805,-0.004398755,-0.00512529
-0.005568054,-0.00549949,-0.005231249,-0.033163609,-0.006806296,-0.006833871,-0.004006502,-0.003974435,-0.003848875,-0.025064302,-0.005141795,-0.005128863,-0.003225623,-0.003213535,-0.003137893,-0.02111283,-0.004235496,-0.004216345
-0.005486033,-0.005554666,-0.005501788,-0.031991697,-0.006692318,-0.007441316,-0.003990994,-0.004017194,-0.003972564,-0.02383479,-0.004964189,-0.005377005,-0.00325929,-0.003267456,-0.003235953,-0.020450682,-0.004167424,-0.004334266
-0.006676182,-0.006544445,-0.0064494,-0.033226835,-0.00820635,-0.008654057,-0.004518284,-0.004431362,-0.004362044,-0.02463853,-0.005418133,-0.005634943,-0.0037885,-0.003728703,-0.003679812,-0.021029013,-0.004443786,-0.00456349
-0.006159247,-0.006109391,-0.006199147,-0.033646763,-0.008321424,-0.008141948,-0.004501065,-0.004502374,-0.004561051,-0.024454214,-0.00582178,-0.005971149,-0.00373438,-0.00372069,-0.003773594,-0.020534569,-0.004782889,-0.00489231
-0.00620103,-0.005948207,-0.005762374,-0.034375366,-0.007574774,-0.008459849,-0.004750931,-0.004620152,-0.004476082,-0.025401211,-0.005312132,-0.00644185,-0.003935616,-0.003854219,-0.003729149,-0.021216002,-0.004370209,-0.005301046
-0.00669298,-0.006542532,-0.006463958,-0.03378816,-0.008390464,-0.010049187,-0.004689481,-0.004599416,-0.0045292,-0.02489259,-0.005717531,-0.006487011,-0.003936882,-0.003887266,-0.003809051,-0.020654859,-0.004654096,-0.005243424
-0.005733286,-0.005587301,-0.005641558,-0.032160044,-0.006751282,-0.00804223,-0.003920833,-0.003879386,-0.003888065,-0.02423469,-0.005064976,-0.005668039,-0.003203567,-0.00318637,-0.003208327,-0.020120422,-0.004295191,-0.004679688
-0.00567514,-0.005648445,-0.005705598,-0.032422771,-0.007438887,-0.008214331,-0.003824813,-0.003810655,-0.003810983,-0.023681906,-0.005074114,-0.005751456,-0.003085468,-0.003076011,-0.003074146,-0.01965914,-0.00417031,-0.004806248
-0.005492011,-0.005423138,-0.005365533,-0.031737871,-0.006919962,-0.006981942,-0.003972511,-0.003914622,-0.003819307,-0.023797169,-0.004896845,-0.004872842,-0.003259605,-0.003220071,-0.00317607,-0.019911749,-0.004062392,-0.00403197
-0.006701481,-0.006602148,-0.006521714,-0.034106665,-0.007079084,-0.007076674,-0.004488903,-0.004411396,-0.004369305,-0.024445419,-0.004924798,-0.004934301,-0.003540453,-0.003470776,-0.00345374,-0.020137974,-0.004061797,-0.0040693
-0.005453082,-0.00544766,-0.005429099,-0.033263401,-0.009054038,-0.01317472,-0.003889521,-0.003848861,-0.003811928,-0.02381434,-0.005903876,-0.008883075,-0.003171366,-0.003132661,-0.003099707,-0.019475149,-0.004538401,-0.007019153
-0.005734846,-0.005549792,-0.005362303,-0.033152142,-0.008620138,-0.011320114,-0.003952591,-0.003895594,-0.003790591,-0.023488995,-0.005293846,-0.007591686,-0.003257375,-0.003220866,-0.003127729,-0.019320029,-0.00423468,-0.006146225
-0.00654587,-0.006472513,-0.006389994,-0.032619614,-0.008676538,-0.011090251,-0.00388077,-0.003891577,-0.003866859,-0.023440177,-0.005292222,-0.007293394,-0.003101867,-0.003124474,-0.003093163,-0.019001317,-0.004171497,-0.005860447
-0.005714059,-0.005680179,-0.005564658,-0.039989667,-0.006861392,-0.013436528,-0.00335817,-0.003361511,-0.003301715,-0.029759938,-0.004662484,-0.008641215,-0.002645268,-0.00263642,-0.002606552,-0.024414702,-0.003863969,-0.006937502
-0.004491419,-0.004529869,-0.004421086,-0.044364429,-0.007462495,-0.009272481,-0.002965712,-0.002976435,-0.00291845,-0.031950546,-0.005045028,-0.005693845,-0.002404541,-0.002419254,-0.002389726,-0.025784429,-0.004019303,-0.004455256
-0.004788361,-0.004772843,-0.004686326,-0.043673884,-0.006555834,-0.006914276,-0.003321126,-0.003309203,-0.003288142,-0.030464796,-0.004458291,-0.004794095,-0.002716841,-0.00270996,-0.002684875,-0.025219458,-0.003726807,-0.003967441
-0.004765832,-0.004732939,-0.004667543,-0.041466225,-0.006508281,-0.008814391,-0.003473956,-0.003444398,-0.003432699,-0.029340438,-0.004552958,-0.006036496,-0.002849105,-0.002827286,-0.002828949,-0.024460003,-0.003743701,-0.004956999
-0.004511295,-0.004531583,-0.004480655,-0.040854953,-0.006091717,-0.00673235,-0.003229058,-0.003230721,-0.003202698,-0.029231055,-0.00439016,-0.004815961,-0.002648697,-0.002639639,-0.002609651,-0.024137511,-0.003638282,-0.003920284
-0.004461151,-0.004555729,-0.004539444,-0.038375555,-0.006712471,-0.006735315,-0.003410755,-0.00340603,-0.003354526,-0.028883298,-0.004914285,-0.0049461,-0.002780325,-0.002780332,-0.002750646,-0.024195683,-0.004015303,-0.004066841
-0.005891293,-0.00583286,-0.005751071,-0.037440589,-0.007724754,-0.007724223,-0.003602428,-0.003571014,-0.003545325,-0.028458311,-0.004999406,-0.004999396,-0.002789911,-0.00277501,-0.002755085,-0.024019045,-0.00400778,-0.004007423
-0.004623355,-0.004640703,-0.004660241,-0.037618318,-0.006726977,-0.006994323,-0.00313175,-0.003108927,-0.003118787,-0.02697829,-0.004792074,-0.004865721,-0.002605583,-0.002588328,-0.002583338,-0.022411614,-0.003851606,-0.003928694
-0.004147945,-0.004085592,-0.004086564,-0.043369862,-0.00586688,-0.006744385,-0.002981393,-0.002936183,-0.002914266,-0.029376878,-0.004419781,-0.004740536,-0.002429474,-0.002386111,-0.002379085,-0.024753576,-0.003629777,-0.003993352
-0.004139022,-0.00413707,-0.004079527,-0.043826824,-0.006395132,-0.006347658,-0.002757026,-0.002758172,-0.002736795,-0.0299677,-0.004616952,-0.004634269,-0.002272527,-0.002281087,-0.002258179,-0.024754935,-0.003829101,-0.003839337
-0.004602631,-0.004640053,-0.004601359,-0.039847633,-0.005864908,-0.008414044,-0.003138422,-0.003133981,-0.003132487,-0.029482757,-0.004265516,-0.006117957,-0.002524184,-0.002535336,-0.002544226,-0.025076021,-0.003563866,-0.005047734
-0.003805384,-0.003744581,-0.003660171,-0.038076061,-0.006164281,-0.006977261,-0.002752718,-0.002753091,-0.002736087,-0.02871716,-0.004385351,-0.004572858,-0.002265079,-0.002257496,-0.00224604,-0.023734846,-0.003648523,-0.003697442
-0.004871703,-0.004876857,-0.00488217,-0.042839826,-0.006278435,-0.007444592,-0.002910485,-0.002889068,-0.002889956,-0.030952013,-0.004316367,-0.004751099,-0.002280306,-0.002280213,-0.002285393,-0.025564763,-0.003551151,-0.0038323
-0.005211403,-0.00520394,-0.005172067,-0.039968018,-0.00663935,-0.008857974,-0.003123331,-0.003131834,-0.003122709,-0.028941041,-0.004437854,-0.005480821,-0.002437437,-0.002446033,-0.00245414,-0.023940028,-0.003662573,-0.004474161
-0.004027886,-0.004029519,-0.004049704,-0.037649082,-0.007009047,-0.007000397,-0.002861213,-0.002871413,-0.002881628,-0.02894983,-0.004537071,-0.004542794,-0.002370132,-0.002373975,-0.002388287,-0.024225672,-0.003687525,-0.00368069
-0.003914355,-0.003872095,-0.003846238,-0.039014008,-0.006878452,-0.008097875,-0.002692578,-0.002683133,-0.00265851,-0.028376316,-0.004616134,-0.005322646,-0.002230007,-0.002222785,-0.002208572,-0.023454817,-0.003745387,-0.004352095
-0.004267375,-0.004215716,-0.004167267,-0.038674191,-0.006568289,-0.006932864,-0.002668253,-0.00264513,-0.002644486,-0.028442508,-0.004184669,-0.004502108,-0.002080827,-0.002079644,-0.002080811,-0.02418222,-0.003411596,-0.003669525
-0.004181306,-0.00411789,-0.00414583,-0.037353208,-0.006391129,-0.006455969,-0.002801761,-0.002780336,-0.002765472,-0.027451645,-0.004313926,-0.004364031,-0.002234978,-0.002218828,-0.002198583,-0.023295181,-0.003520885,-0.003578774
-0.003856638,-0.003875683,-0.003845294,-0.037225539,-0.006226074,-0.006951909,-0.002857862,-0.002835084,-0.002810186,-0.027919381,-0.004263343,-0.004736629,-0.002297816,-0.002283414,-0.002269713,-0.023031994,-0.003482346,-0.003850429
-0.004450471,-0.004464964,-0.004438439,-0.037770914,-0.007430766,-0.007074989,-0.002748169,-0.002719339,-0.002715865,-0.027076905,-0.004693111,-0.00493497,-0.002151007,-0.002138909,-0.002129387,-0.023038679,-0.003719226,-0.003955656
-0.00481724,-0.004752467,-0.00468733,-0.037774203,-0.00683247,-0.00724201,-0.002952148,-0.002926394,-0.002909267,-0.026338417,-0.004547417,-0.004566317,-0.002295357,-0.002287896,-0.002294455,-0.021798507,-0.003616749,-0.003656563
-0.005577376,-0.005506667,-0.005487083,-0.033410927,-0.006730019,-0.006709333,-0.003723007,-0.003657793,-0.003629954,-0.024659931,-0.004741159,-0.004907483,-0.003021134,-0.002967214,-0.002957035,-0.020814623,-0.003898275,-0.004125126
-0.005869278,-0.005887223,-0.005864941,-0.031792491,-0.00866591,-0.009506149,-0.003865561,-0.00382202,-0.003784652,-0.023678152,-0.005300816,-0.005467173,-0.003161769,-0.003123546,-0.003079632,-0.01983728,-0.004190732,-0.004269962
-0.006186573,-0.006237581,-0.006037442,-0.033388684,-0.007429329,-0.007668711,-0.004136718,-0.004170313,-0.004024748,-0.024500208,-0.005319547,-0.005600319,-0.003286883,-0.003306599,-0.003193874,-0.021023714,-0.004239978,-0.004436471
-0.005662249,-0.005555467,-0.005642041,-0.03364312,-0.008948929,-0.009081604,-0.003757028,-0.003705294,-0.003719698,-0.024861439,-0.005290528,-0.005272919,-0.002978525,-0.002967844,-0.002979283,-0.021399848,-0.004219249,-0.004177258
-0.005232674,-0.005341939,-0.005313396,-0.037693694,-0.006915941,-0.00749526,-0.003566978,-0.00360643,-0.003582593,-0.027132523,-0.005361435,-0.005601577,-0.002957837,-0.002968986,-0.002952181,-0.022916529,-0.004326295,-0.004557848
-0.004255444,-0.004258842,-0.004142459,-0.032503397,-0.005970414,-0.006989103,-0.003194895,-0.003195653,-0.003148507,-0.024113689,-0.004736801,-0.005023227,-0.002682675,-0.002677668,-0.002630268,-0.020412551,-0.00393912,-0.00408476
-0.00526039,-0.005321292,-0.005275942,-0.033142499,-0.007660029,-0.007655015,-0.003381643,-0.003374695,-0.003338925,-0.025017368,-0.004721144,-0.004771298,-0.002742512,-0.002715768,-0.00268883,-0.02121092,-0.00379412,-0.003806542
-0.004757123,-0.004763789,-0.004759548,-0.031072229,-0.007493973,-0.007872662,-0.003478041,-0.003450222,-0.003449322,-0.023249946,-0.004926373,-0.005355979,-0.002861518,-0.002847297,-0.002853049,-0.019687653,-0.003971996,-0.004316767
-0.004397323,-0.004334367,-0.004332542,-0.032582816,-0.00672716,-0.00668112,-0.003178147,-0.003115187,-0.003112789,-0.024309613,-0.004764278,-0.004850441,-0.00259742,-0.002560195,-0.002549999,-0.020621588,-0.003832174,-0.003873595
-0.004216957,-0.004200183,-0.004156222,-0.031844472,-0.005704037,-0.006479392,-0.003145908,-0.003117405,-0.003083699,-0.023283466,-0.004399524,-0.004958059,-0.002612758,-0.002589722,-0.002574565,-0.019427597,-0.003675513,-0.003992528
-0.004782019,-0.004776162,-0.004736007,-0.029641595,-0.005529848,-0.00591859,-0.003055937,-0.003047629,-0.003010827,-0.022663386,-0.004127781,-0.0042298,-0.00246082,-0.002447543,-0.00241866,-0.019554783,-0.003388585,-0.003480447
-0.004827004,-0.004753619,-0.004716452,-0.033225372,-0.006662196,-0.007307151,-0.0029669,-0.002963712,-0.002959966,-0.025067544,-0.004496071,-0.00464182,-0.002386202,-0.00237664,-0.002375476,-0.021260619,-0.003672138,-0.003695305
-0.005674629,-0.005674367,-0.005661541,-0.03573907,-0.008582906,-0.009136009,-0.003687929,-0.003649899,-0.003612893,-0.025482614,-0.005288806,-0.00562831,-0.002905917,-0.002882212,-0.002843774,-0.021491098,-0.004156471,-0.004472899
-0.00515872,-0.005105624,-0.005104798,-0.034292674,-0.008042806,-0.009814712,-0.003477125,-0.003435315,-0.003404298,-0.025607514,-0.004879387,-0.005784876,-0.002795863,-0.002770349,-0.002757529,-0.021702671,-0.003926787,-0.004485521
-0.004761942,-0.004711467,-0.00465512,-0.035848828,-0.00703122,-0.008789124,-0.003150988,-0.003132401,-0.003126125,-0.026674543,-0.004750814,-0.006145657,-0.002502547,-0.002491764,-0.00248663,-0.022784759,-0.0038187,-0.004968145
-0.005062398,-0.005038804,-0.005191438,-0.037962491,-0.00685346,-0.006890565,-0.003403722,-0.00337246,-0.003354299,-0.026744683,-0.004726788,-0.00475687,-0.002750471,-0.002730994,-0.002729112,-0.022871696,-0.003845754,-0.003906877
-0.004421045,-0.004416419,-0.004345495,-0.037341297,-0.006671118,-0.007467367,-0.003278375,-0.003279811,-0.003238325,-0.027480586,-0.004651394,-0.005137996,-0.002680349,-0.002680161,-0.002640281,-0.022870294,-0.003802392,-0.004067984
-0.005871,-0.005684077,-0.005615938,-0.033885522,-0.006943388,-0.009116811,-0.003720361,-0.003645036,-0.003609244,-0.02612075,-0.004518955,-0.005625416,-0.002963073,-0.00291426,-0.002883823,-0.021936584,-0.003739306,-0.004472607
-0.005148406,-0.005052852,-0.004972112,-0.037436669,-0.00654881,-0.007057484,-0.003283629,-0.003245498,-0.00321312,-0.02584803,-0.004678732,-0.004611888,-0.002617271,-0.002584838,-0.002550786,-0.021992449,-0.003821922,-0.003749935
-0.004530473,-0.004510293,-0.004362147,-0.034406534,-0.007408927,-0.007676639,-0.003190993,-0.003180826,-0.003122265,-0.02469259,-0.00483233,-0.004923884,-0.002583568,-0.002572064,-0.002518171,-0.020996436,-0.003888623,-0.003954351
-0.003893667,-0.003890168,-0.003866387,-0.034380696,-0.006450703,-0.007123331,-0.002885613,-0.002889555,-0.002879497,-0.025278316,-0.004410708,-0.004990428,-0.002374999,-0.002372569,-0.00236565,-0.02106943,-0.003568375,-0.004063245
-0.004729839,-0.00464279,-0.004545563,-0.032027311,-0.006324429,-0.00747159,-0.003299729,-0.003262967,-0.003206857,-0.024350231,-0.004683697,-0.005712475,-0.002628168,-0.002604668,-0.002566716,-0.020582045,-0.003879755,-0.004683108
-0.004852863,-0.004868957,-0.004927653,-0.033814428,-0.006413373,-0.006663398,-0.00303298,-0.00303474,-0.00304253,-0.024634024,-0.00443559,-0.004838864,-0.002431596,-0.002438015,-0.002454145,-0.021065237,-0.003631985,-0.004026731
-0.006173272,-0.00607041,-0.005997195,-0.035982232,-0.006939068,-0.008306479,-0.004408799,-0.004368726,-0.004324906,-0.02511377,-0.005008558,-0.005552371,-0.003696912,-0.00369231,-0.003665924,-0.020881549,-0.004103243,-0.004445961
-0.006635821,-0.006555087,-0.006444335,-0.035992307,-0.006804829,-0.00848423,-0.004279005,-0.004262292,-0.004242397,-0.025348464,-0.004898098,-0.005469516,-0.003435405,-0.003434694,-0.003432338,-0.021221511,-0.00402211,-0.004244227
-0.006056373,-0.005895644,-0.005846004,-0.03105815,-0.006965087,-0.007015317,-0.004162342,-0.004121077,-0.004109989,-0.023363003,-0.005027261,-0.005048973,-0.00334695,-0.003330299,-0.003316216,-0.020041598,-0.004076822,-0.004111739
-0.006449354,-0.006349184,-0.006316923,-0.032032457,-0.007611043,-0.009176058,-0.004220406,-0.004156526,-0.004123361,-0.023435483,-0.00499108,-0.005855084,-0.003348598,-0.003316041,-0.003288508,-0.020047517,-0.004036895,-0.004736687
-0.006526453,-0.006574267,-0.006542703,-0.033538506,-0.008061789,-0.009906532,-0.004180653,-0.004178244,-0.004187706,-0.023491988,-0.005123924,-0.005882684,-0.003351109,-0.003348789,-0.003357533,-0.019511681,-0.004156846,-0.004629073
-0.007036369,-0.006891468,-0.006683691,-0.032387977,-0.007393249,-0.010406684,-0.004091963,-0.004034555,-0.003968224,-0.023669421,-0.004731644,-0.006365565,-0.003300849,-0.003271365,-0.003234611,-0.019895511,-0.00386195,-0.005084004
-0.00673538,-0.006656163,-0.006573878,-0.031809731,-0.007375447,-0.009728108,-0.004073921,-0.004054643,-0.00401697,-0.022953792,-0.004609471,-0.005774241,-0.003252332,-0.00324453,-0.003231399,-0.019253151,-0.003763968,-0.004661371
-0.007630712,-0.007542526,-0.00750819,-0.030898192,-0.008394255,-0.011746287,-0.004671964,-0.004640774,-0.004628242,-0.022802428,-0.005269943,-0.006976,-0.003658335,-0.003625179,-0.003619574,-0.019081415,-0.004238937,-0.005312585
-0.0063277,-0.006222044,-0.006171828,-0.02995156,-0.007324021,-0.009272082,-0.004370705,-0.004304514,-0.004298335,-0.022028205,-0.00537694,-0.005955838,-0.003513282,-0.003472275,-0.003481639,-0.01851115,-0.004304094,-0.004720737
-0.005555871,-0.005581143,-0.00554808,-0.029668842,-0.00589811,-0.007197764,-0.004013045,-0.003970931,-0.003927762,-0.021847533,-0.004485412,-0.00505484,-0.003310768,-0.003277044,-0.003245511,-0.018356676,-0.003805094,-0.004121123
-0.005430112,-0.00530434,-0.005231887,-0.028873892,-0.006558545,-0.00690208,-0.003973352,-0.00392158,-0.003909374,-0.021603694,-0.004821523,-0.004938273,-0.003209057,-0.003192917,-0.00319332,-0.018115289,-0.003957433,-0.003903324
-0.006650657,-0.006512441,-0.006384902,-0.027516733,-0.007615086,-0.008324779,-0.004391235,-0.004317134,-0.004255187,-0.020787222,-0.005132941,-0.005425632,-0.003497069,-0.003434193,-0.003388076,-0.017645537,-0.004146826,-0.004288771
-0.005490326,-0.005493953,-0.005502451,-0.02833456,-0.006953512,-0.009556586,-0.003892823,-0.003876666,-0.003946035,-0.02145119,-0.004940648,-0.005943343,-0.003216259,-0.003201241,-0.003245024,-0.018319306,-0.003976168,-0.004499822
-0.007165506,-0.007124486,-0.007029647,-0.029441968,-0.007680321,-0.008800536,-0.004522086,-0.004476304,-0.004457216,-0.021511093,-0.005134094,-0.00541913,-0.003546151,-0.003526849,-0.003520059,-0.018094089,-0.004096572,-0.004151995
-0.006838401,-0.006589829,-0.006562663,-0.029598969,-0.007897558,-0.008024297,-0.004214038,-0.004132375,-0.00410573,-0.022284609,-0.005054095,-0.005083447,-0.003351543,-0.003312973,-0.003311592,-0.018654166,-0.004101359,-0.004118777
-0.006301749,-0.006317808,-0.006324101,-0.029608706,-0.007609478,-0.008358728,-0.004262505,-0.004273975,-0.004282606,-0.021800328,-0.004897898,-0.005529199,-0.003418212,-0.00342375,-0.003425643,-0.018378957,-0.003968716,-0.004509855
-0.00571405,-0.005663457,-0.005593542,-0.031207556,-0.006485258,-0.007673562,-0.003874444,-0.003842895,-0.00380794,-0.021811709,-0.004779277,-0.005532991,-0.003173317,-0.003146449,-0.003118033,-0.018354557,-0.003886272,-0.004416155
-0.005940107,-0.005920862,-0.005877409,-0.030305532,-0.007171617,-0.008946564,-0.003947301,-0.003918905,-0.003903283,-0.022082992,-0.004662373,-0.005764563,-0.003196824,-0.003185723,-0.003183944,-0.018311162,-0.003800749,-0.004595954
-0.005128315,-0.005063065,-0.005012069,-0.028579684,-0.006604762,-0.00930773,-0.003765001,-0.003729087,-0.003699435,-0.021387848,-0.004532353,-0.005875369,-0.003175351,-0.003150207,-0.003133386,-0.017836285,-0.003711078,-0.004721801
-0.006550371,-0.006579461,-0.006422449,-0.028702205,-0.007646419,-0.009261266,-0.004499585,-0.004479865,-0.004390587,-0.020885175,-0.0050146,-0.005703386,-0.003633448,-0.003625555,-0.003565638,-0.017520699,-0.003956449,-0.004363449
-0.006370154,-0.00639527,-0.006313154,-0.031101805,-0.00764029,-0.007444379,-0.004142225,-0.004120201,-0.004098256,-0.021791985,-0.004901948,-0.00489944,-0.003305985,-0.003296742,-0.00327879,-0.018171476,-0.003904739,-0.003943688
-0.006541933,-0.006461568,-0.006387499,-0.03070094,-0.007578198,-0.00882759,-0.004435169,-0.004351103,-0.004272423,-0.021949559,-0.005059713,-0.00550035,-0.003557743,-0.003520328,-0.003469434,-0.018315165,-0.004102697,-0.004330722
-0.005703634,-0.005609218,-0.005620261,-0.032030667,-0.006962243,-0.007388472,-0.003848679,-0.003773353,-0.003763348,-0.021948291,-0.004665671,-0.004945725,-0.003168563,-0.003126571,-0.003115117,-0.018374401,-0.00378902,-0.004032268
-0.00565269,-0.005649639,-0.005556083,-0.031284805,-0.007454769,-0.00759132,-0.00410776,-0.004108364,-0.004065289,-0.021451699,-0.005086073,-0.005121347,-0.003333732,-0.003329786,-0.00329125,-0.01798322,-0.004001898,-0.003982785
-0.006420906,-0.006386205,-0.00642446,-0.032964898,-0.007334741,-0.007662378,-0.004340384,-0.004345064,-0.004344773,-0.022684133,-0.005051113,-0.005187915,-0.003530019,-0.003521362,-0.00351671,-0.01911258,-0.004139439,-0.004220499
-0.006288228,-0.006262021,-0.006049871,-0.031415031,-0.008363326,-0.009300208,-0.004198957,-0.004177561,-0.004086889,-0.022166722,-0.005056295,-0.005515006,-0.003411305,-0.00338592,-0.003296362,-0.018538655,-0.003995639,-0.004269823
-0.006258658,-0.00621295,-0.00610821,-0.031131287,-0.007696389,-0.008450964,-0.004285058,-0.004263632,-0.004187146,-0.021949013,-0.005272742,-0.005527076,-0.003453859,-0.003431748,-0.003350547,-0.018200564,-0.004269747,-0.00440832
-0.00577666,-0.005688575,-0.005621046,-0.030860811,-0.008150905,-0.008804289,-0.003959587,-0.003868424,-0.003825221,-0.021624954,-0.004917302,-0.005261542,-0.003248545,-0.003181647,-0.003162146,-0.018013653,-0.003987839,-0.004119367
-0.005685937,-0.005648391,-0.005478921,-0.029499621,-0.006470957,-0.006643241,-0.003880326,-0.00386935,-0.003834846,-0.021363138,-0.004555496,-0.004604574,-0.00314239,-0.003135215,-0.003116352,-0.017852964,-0.003764179,-0.003768162
-0.005754121,-0.005777065,-0.005767388,-0.034552379,-0.00663266,-0.006590447,-0.003896015,-0.003863816,-0.003848097,-0.0251268,-0.004600365,-0.004575277,-0.003146957,-0.003126813,-0.003093486,-0.021051333,-0.003775898,-0.003724784
-0.00565717,-0.005684316,-0.005455975,-0.035566173,-0.007025591,-0.008066507,-0.003724855,-0.003715573,-0.00365931,-0.025176522,-0.004859746,-0.005987445,-0.003024106,-0.003028748,-0.002980678,-0.020816742,-0.003947246,-0.00499386
-0.007286057,-0.007371148,-0.007405506,-0.03386268,-0.009613328,-0.011303321,-0.004451131,-0.004434834,-0.004413756,-0.024397403,-0.005465325,-0.006306679,-0.003480434,-0.003465541,-0.003454023,-0.020201099,-0.004309596,-0.004864754
-0.007256708,-0.007263099,-0.007207327,-0.039599435,-0.008574696,-0.012703939,-0.004437119,-0.00444981,-0.004443396,-0.030046377,-0.005740707,-0.008342546,-0.003497279,-0.003508996,-0.003511569,-0.025440863,-0.004574941,-0.006774751
-0.00626964,-0.00622019,-0.006187069,-0.04407385,-0.007351804,-0.007392435,-0.004068771,-0.004032137,-0.003999171,-0.031365537,-0.004984515,-0.004930096,-0.00333898,-0.003317007,-0.003283682,-0.026049539,-0.004069629,-0.004027985
-0.006642518,-0.006546251,-0.006573061,-0.042026008,-0.008131866,-0.008124805,-0.004318591,-0.004285097,-0.004279692,-0.030593245,-0.005205923,-0.005212902,-0.003389991,-0.003373052,-0.003376525,-0.025475522,-0.004129323,-0.00413482
-0.005704518,-0.005723637,-0.005784759,-0.043032669,-0.00742231,-0.011562038,-0.003823793,-0.00381117,-0.003805,-0.030713659,-0.005152531,-0.007754238,-0.003053863,-0.003060071,-0.003048868,-0.025939717,-0.004086741,-0.006242795
-0.00628989,-0.006314318,-0.006225572,-0.041607797,-0.007845491,-0.009648446,-0.004018028,-0.004024495,-0.003988837,-0.029812568,-0.004908974,-0.006463368,-0.003235606,-0.003229849,-0.003210783,-0.025302192,-0.00387229,-0.005297362
-0.006111195,-0.005982968,-0.005849447,-0.042570277,-0.007184136,-0.007076215,-0.004063676,-0.003994849,-0.003945252,-0.030886292,-0.004872567,-0.004910209,-0.003266219,-0.003234408,-0.003204918,-0.025919391,-0.003918769,-0.003963772
-0.00599706,-0.005943869,-0.005935745,-0.044906854,-0.007689813,-0.007987805,-0.004109979,-0.004073516,-0.004086579,-0.031808769,-0.005190638,-0.005346684,-0.003410501,-0.003380753,-0.003381953,-0.026529512,-0.004204527,-0.004303827
-0.006113122,-0.006040981,-0.006000387,-0.047289639,-0.007433928,-0.010962871,-0.003926023,-0.003914935,-0.003907866,-0.034376831,-0.004979836,-0.006946403,-0.003163458,-0.003152525,-0.003137956,-0.028485539,-0.003920256,-0.005533434
-0.006164341,-0.006018342,-0.00593247,-0.048282399,-0.007865526,-0.007805625,-0.004105765,-0.004055189,-0.00401282,-0.033538113,-0.005222124,-0.005221598,-0.003322168,-0.003291014,-0.003260875,-0.028002889,-0.004203304,-0.004184862
-0.005650715,-0.00563242,-0.00559239,-0.048487993,-0.007317881,-0.009333998,-0.003997692,-0.00394166,-0.003910862,-0.032676872,-0.004856986,-0.006415508,-0.003216635,-0.00318814,-0.003174221,-0.027607742,-0.003953345,-0.005148917
-0.005500178,-0.005529959,-0.005553365,-0.046825067,-0.007523987,-0.007534506,-0.003801235,-0.003777034,-0.003791099,-0.031935474,-0.004853495,-0.004848931,-0.003111816,-0.003086024,-0.003093763,-0.026506448,-0.003902813,-0.003895425
-0.005579409,-0.005516075,-0.005440204,-0.044096559,-0.007074068,-0.007063139,-0.004009836,-0.003971302,-0.003937131,-0.029684808,-0.00467149,-0.0046554,-0.003155605,-0.003137179,-0.003109994,-0.024873973,-0.003841622,-0.003808314
-0.006162707,-0.006131942,-0.006123107,-0.046191716,-0.007159986,-0.007392091,-0.00375278,-0.003728062,-0.003726055,-0.032019409,-0.004819021,-0.005164495,-0.002983274,-0.002966097,-0.002975106,-0.026344639,-0.003884532,-0.004184616
-0.005656693,-0.005549666,-0.005495243,-0.044746083,-0.006859413,-0.006966383,-0.003914847,-0.003813854,-0.003766302,-0.031084065,-0.004679174,-0.00476327,-0.00319866,-0.003125,-0.003099233,-0.02596619,-0.003890368,-0.003866196
-0.004919606,-0.004816437,-0.004864459,-0.042058762,-0.007232004,-0.007318849,-0.003558881,-0.003475285,-0.003484967,-0.030298558,-0.004692657,-0.004716965,-0.002937144,-0.002893848,-0.002923357,-0.025451109,-0.003792095,-0.003805614
-0.005806218,-0.005764559,-0.005656456,-0.038679225,-0.006940587,-0.007871035,-0.003677507,-0.003648619,-0.003616481,-0.028998025,-0.004513508,-0.005036936,-0.002931855,-0.002925319,-0.002913353,-0.024333984,-0.003721126,-0.004015806
-0.005145828,-0.005032345,-0.004927902,-0.040148781,-0.005858259,-0.005906069,-0.003422304,-0.003391954,-0.003339181,-0.030390284,-0.00436389,-0.00437483,-0.002788823,-0.002771783,-0.002739717,-0.02554095,-0.003620194,-0.003589875
-0.004175256,-0.004027629,-0.004039169,-0.038303034,-0.006103711,-0.006197638,-0.003303972,-0.003235907,-0.003231292,-0.02889521,-0.004472977,-0.004379042,-0.002727478,-0.002695283,-0.002694544,-0.024623883,-0.003718906,-0.00364851
-0.00556691,-0.005503604,-0.005469429,-0.039457332,-0.006350659,-0.007043614,-0.003730106,-0.003729185,-0.003727792,-0.028637303,-0.004697649,-0.004887178,-0.00297748,-0.002970402,-0.002967592,-0.024004762,-0.003758225,-0.003857022
-0.005146514,-0.00508446,-0.005022448,-0.037872316,-0.005757341,-0.005710567,-0.003581371,-0.003551627,-0.003519981,-0.027507817,-0.004198341,-0.004221611,-0.002899763,-0.002872178,-0.002846153,-0.022867936,-0.003538814,-0.003506034
-0.005477706,-0.005445371,-0.005368077,-0.041121749,-0.006406399,-0.008026268,-0.003668828,-0.003653509,-0.003631579,-0.028021101,-0.004513639,-0.005582329,-0.002952665,-0.002942759,-0.002932162,-0.023127322,-0.003593251,-0.004511161
-0.006318298,-0.006263125,-0.006150391,-0.032692812,-0.007542263,-0.0079551,-0.003707414,-0.003683258,-0.00362794,-0.025405458,-0.004485617,-0.004459688,-0.002920171,-0.002903024,-0.002877191,-0.021557846,-0.003563575,-0.003529358
-0.004723036,-0.004609077,-0.004547494,-0.034446726,-0.005964896,-0.0066129,-0.003348396,-0.003306553,-0.003297078,-0.025771871,-0.004316659,-0.004671228,-0.002675459,-0.002658724,-0.002657701,-0.021458429,-0.003530764,-0.00379014
-0.004791434,-0.004751797,-0.004742133,-0.031548886,-0.006183943,-0.00681952,-0.003477086,-0.003422089,-0.003412094,-0.024147443,-0.004275349,-0.004901228,-0.002745857,-0.00271066,-0.002718657,-0.020416514,-0.00343968,-0.00404757
-0.005274821,-0.005312219,-0.005226914,-0.032498832,-0.006118229,-0.006149201,-0.003471008,-0.003470639,-0.003435008,-0.024307917,-0.004127521,-0.004118241,-0.002730757,-0.002746381,-0.002732838,-0.02040298,-0.003424352,-0.003416192
-0.004619353,-0.004639204,-0.004650517,-0.032279601,-0.006430323,-0.006424846,-0.003167658,-0.00319059,-0.003188339,-0.023147527,-0.00433757,-0.004270478,-0.002600893,-0.002627327,-0.002653783,-0.019848467,-0.003532506,-0.003434123
-0.005637044,-0.005506892,-0.005444368,-0.032948186,-0.006906276,-0.007119176,-0.003433196,-0.003406052,-0.003381645,-0.023474988,-0.004513453,-0.004681788,-0.002696363,-0.002676188,-0.002671171,-0.019682862,-0.00358179,-0.003787555
-0.005471082,-0.005406323,-0.005415078,-0.029694386,-0.006711011,-0.006505658,-0.003304339,-0.003261476,-0.003248973,-0.022307526,-0.004406946,-0.00450333,-0.002618114,-0.002597334,-0.002596108,-0.018877874,-0.003565035,-0.003663123
-0.004092409,-0.004118218,-0.004148798,-0.029196755,-0.005858441,-0.007089499,-0.003037126,-0.00304624,-0.003058114,-0.022609714,-0.004137462,-0.004633547,-0.002464238,-0.002472788,-0.002483519,-0.019242956,-0.003297071,-0.0037043
-0.004763718,-0.004791389,-0.004844734,-0.031320742,-0.006420644,-0.006413716,-0.003162446,-0.003186887,-0.003208014,-0.022565521,-0.004071071,-0.004065336,-0.002581881,-0.002604919,-0.002600441,-0.018956695,-0.003274257,-0.003268409
-0.00464428,-0.004601513,-0.004543008,-0.028515884,-0.005708345,-0.005701481,-0.003233137,-0.003209301,-0.003190643,-0.021394446,-0.004035424,-0.004248825,-0.002605353,-0.002598767,-0.002607629,-0.01823527,-0.003255798,-0.003471506
-0.007359049,-0.00754688,-0.007588702,-0.033136874,-0.009834542,-0.009894101,-0.004477604,-0.004528702,-0.004508614,-0.023823519,-0.005386545,-0.005492082,-0.003570763,-0.003597183,-0.003581142,-0.019729502,-0.004246536,-0.004300035
-0.007135478,-0.007097261,-0.007015154,-0.029928426,-0.006919151,-0.007068309,-0.00484858,-0.004762998,-0.004691388,-0.022357281,-0.004882546,-0.004814984,-0.003861374,-0.003812703,-0.003754003,-0.019039345,-0.003970169,-0.003920958
-0.006590733,-0.006511569,-0.006522987,-0.029829355,-0.00846984,-0.008821048,-0.004504221,-0.004477122,-0.004437445,-0.021686607,-0.005545638,-0.005598322,-0.003672608,-0.00364085,-0.003624851,-0.018844977,-0.004418718,-0.004422809
-0.006195966,-0.006162385,-0.006138497,-0.030861315,-0.007344365,-0.007360685,-0.004256842,-0.004228482,-0.004178305,-0.02215733,-0.004587254,-0.00458121,-0.003380818,-0.003376835,-0.003336348,-0.018639869,-0.003780147,-0.003772522
-0.006611847,-0.006704208,-0.006665036,-0.028350378,-0.006984669,-0.008405047,-0.004125012,-0.004163938,-0.004139184,-0.021069178,-0.004794189,-0.006322955,-0.003359113,-0.003387331,-0.003378423,-0.017654887,-0.003882872,-0.005266297
-0.00553593,-0.005534197,-0.005523224,-0.028199139,-0.006341045,-0.006636556,-0.003970779,-0.003971434,-0.003952501,-0.020826372,-0.004524207,-0.004704963,-0.003245777,-0.003234628,-0.003220112,-0.017653753,-0.00375146,-0.003888247
-0.008278927,-0.008300978,-0.008380335,-0.0327623,-0.011560742,-0.01400827,-0.0058663,-0.005823574,-0.005851223,-0.023586589,-0.007577216,-0.010342434,-0.004790321,-0.004763538,-0.004788595,-0.019680699,-0.006180228,-0.00861303
-0.007958101,-0.007963003,-0.007930483,-0.028377347,-0.010044184,-0.013769224,-0.005903424,-0.005899447,-0.00590451,-0.021375779,-0.007201243,-0.009376492,-0.004886218,-0.004883861,-0.004884723,-0.017778397,-0.005883228,-0.007745325
-0.009298141,-0.009346068,-0.009264018,-0.02943706,-0.011014068,-0.011950735,-0.006344875,-0.006369527,-0.006328421,-0.021311617,-0.007597155,-0.00857786,-0.00501062,-0.005043593,-0.005038925,-0.018053691,-0.006227848,-0.00719714
-0.008393235,-0.008406234,-0.008336682,-0.02900762,-0.010219221,-0.01128233,-0.006210295,-0.006215317,-0.006111763,-0.021657114,-0.007386655,-0.008486348,-0.005196783,-0.005169309,-0.005080014,-0.018425991,-0.006068039,-0.007119855
-0.009769134,-0.009885047,-0.010029703,-0.029274033,-0.015925746,-0.015998137,-0.007705238,-0.007739494,-0.007772629,-0.021788254,-0.011333114,-0.011358571,-0.006345283,-0.006366072,-0.006375509,-0.018511903,-0.009399611,-0.009423935
-0.011235522,-0.011346105,-0.01120888,-0.029409146,-0.016058251,-0.015998036,-0.007760046,-0.007849619,-0.007725371,-0.021768794,-0.011976862,-0.011973796,-0.006302849,-0.006381111,-0.006296472,-0.018386015,-0.009793618,-0.009781352
-0.01271482,-0.012529784,-0.012118426,-0.028035001,-0.01485084,-0.014767402,-0.008132289,-0.008027319,-0.007842634,-0.021143981,-0.011504444,-0.011311223,-0.006514511,-0.006446425,-0.006337494,-0.017910463,-0.009484579,-0.00929913
-0.00961365,-0.009492536,-0.009464644,-0.027864239,-0.015728841,-0.015659439,-0.006821566,-0.006767931,-0.006772421,-0.020741303,-0.01111759,-0.011097051,-0.005471436,-0.005430993,-0.005432474,-0.017621295,-0.009115644,-0.009114559
-0.010055255,-0.010067759,-0.009967361,-0.027311328,-0.015188502,-0.015015534,-0.007256727,-0.007290459,-0.007229605,-0.020739162,-0.010405109,-0.010403474,-0.005946992,-0.005994046,-0.005920569,-0.017418515,-0.008630797,-0.008622571
-0.011325858,-0.011187161,-0.011044551,-0.029178806,-0.015441526,-0.015550853,-0.007697509,-0.007712906,-0.007620759,-0.021380248,-0.010959709,-0.011187364,-0.006284642,-0.006296567,-0.006217714,-0.017745916,-0.008993998,-0.009190635
-0.010717622,-0.010743881,-0.010542417,-0.0283964,-0.015661574,-0.015208582,-0.007569331,-0.007568577,-0.007502644,-0.020617339,-0.010873683,-0.010716997,-0.006111295,-0.006077322,-0.006014022,-0.017300763,-0.008895195,-0.008857158
-0.010503909,-0.010229112,-0.010140748,-0.027826929,-0.015562242,-0.014823703,-0.006825777,-0.006708566,-0.006613577,-0.020530428,-0.010977592,-0.010865156,-0.005464796,-0.005411664,-0.005351884,-0.017336257,-0.009023006,-0.008947121
-0.009407416,-0.009178519,-0.009086221,-0.027833236,-0.013760388,-0.013639995,-0.006690646,-0.006628166,-0.006492971,-0.020629153,-0.010497119,-0.010424944,-0.005514643,-0.005433016,-0.005322798,-0.017349143,-0.008750656,-0.008762659
-0.008760654,-0.008754584,-0.008916904,-0.026811083,-0.014227157,-0.014444863,-0.006610535,-0.006558755,-0.006547171,-0.019926613,-0.010588356,-0.01063624,-0.005372496,-0.005349201,-0.005354632,-0.017029505,-0.008784767,-0.008955535
-0.008643463,-0.008534688,-0.008594742,-0.026882154,-0.011476147,-0.011702391,-0.006280188,-0.006217915,-0.00622629,-0.019996057,-0.009271373,-0.009334317,-0.005222913,-0.005144539,-0.005174991,-0.016974907,-0.008038727,-0.00795428
-0.008407565,-0.008421893,-0.00850119,-0.027419149,-0.014667056,-0.014000484,-0.006004384,-0.005972767,-0.006035217,-0.02049093,-0.010401239,-0.010020982,-0.00503988,-0.005004625,-0.005068931,-0.017055376,-0.008511837,-0.008285214
-0.008542444,-0.008591416,-0.008367707,-0.026553992,-0.014148693,-0.01400527,-0.006070077,-0.006045086,-0.00600041,-0.019725677,-0.0101938,-0.010131426,-0.005007606,-0.004999266,-0.004960822,-0.016736298,-0.008447908,-0.008400165
-0.008096036,-0.008014861,-0.007935719,-0.024677826,-0.01199591,-0.012030412,-0.006092246,-0.006121612,-0.006047479,-0.019056236,-0.009005034,-0.00913034,-0.00499477,-0.005012756,-0.004951805,-0.016185973,-0.007599724,-0.00767478
-0.009062042,-0.008655095,-0.008148078,-0.027896712,-0.014083818,-0.013850515,-0.006453447,-0.006170452,-0.006010677,-0.020219194,-0.009880789,-0.009715407,-0.005304705,-0.005120764,-0.005037484,-0.016731537,-0.008107132,-0.008023884
-0.009308123,-0.009092793,-0.008906207,-0.025899827,-0.013208207,-0.013005395,-0.00666683,-0.006543626,-0.006437659,-0.019544689,-0.009711386,-0.00960583,-0.005406198,-0.00532877,-0.005260438,-0.016384727,-0.008090319,-0.00804411
-0.008458315,-0.008457856,-0.008416028,-0.026286351,-0.0138967,-0.01389218,-0.005841966,-0.005857029,-0.005829804,-0.019580712,-0.009757214,-0.009761107,-0.004811475,-0.004841895,-0.004821718,-0.016822599,-0.008232617,-0.00824354
-0.011159279,-0.011333829,-0.011391976,-0.02717101,-0.015035968,-0.014253729,-0.00703474,-0.007094631,-0.007032084,-0.019838943,-0.010548663,-0.010375165,-0.005693074,-0.005728696,-0.005715223,-0.016868889,-0.008794707,-0.008643376
-0.007562185,-0.007453949,-0.00752572,-0.027366284,-0.01535009,-0.015303022,-0.005739127,-0.005775011,-0.005844957,-0.020643668,-0.010770648,-0.010768464,-0.004859247,-0.004889877,-0.004931721,-0.017446624,-0.009052018,-0.009183888
-0.008121971,-0.008118378,-0.007995119,-0.025391001,-0.01490875,-0.015173407,-0.006305231,-0.006240716,-0.006206695,-0.020615954,-0.010987205,-0.010937486,-0.005183682,-0.005153356,-0.005123172,-0.017301562,-0.00915781,-0.009175772
-0.007898586,-0.007709774,-0.007792059,-0.028155338,-0.015060743,-0.01466803,-0.00614048,-0.005998538,-0.006032865,-0.020886691,-0.010522256,-0.010582424,-0.005041689,-0.004970492,-0.005005972,-0.017730979,-0.00891831,-0.008899213
-0.007227537,-0.007387344,-0.007590273,-0.027311483,-0.015591193,-0.015591654,-0.005596416,-0.005628905,-0.005609396,-0.020460216,-0.010972369,-0.010894499,-0.004722036,-0.004716618,-0.00470664,-0.017368877,-0.009184563,-0.009092896
-0.008076878,-0.007904374,-0.008011429,-0.027047091,-0.014560009,-0.014604613,-0.005779389,-0.005673263,-0.005680857,-0.02016128,-0.010332545,-0.010248087,-0.004793142,-0.004699815,-0.004741123,-0.017165962,-0.008584067,-0.008503617
-0.00957349,-0.009644456,-0.009523879,-0.026368661,-0.015477866,-0.014480468,-0.006485796,-0.0064641,-0.006437832,-0.019746756,-0.010502747,-0.010174989,-0.005289401,-0.005281471,-0.0052558,-0.016706111,-0.008817633,-0.008633231
-0.008768216,-0.008700221,-0.008367839,-0.028097681,-0.013723839,-0.013452866,-0.005861034,-0.005778423,-0.005699328,-0.020308226,-0.010410395,-0.010394684,-0.004774548,-0.00472833,-0.004685853,-0.016952398,-0.008589617,-0.008603771
-0.009178282,-0.009151037,-0.009004253,-0.027666462,-0.013760187,-0.01421101,-0.006392508,-0.006380632,-0.006273858,-0.019833016,-0.009833235,-0.009857765,-0.005151038,-0.005154204,-0.005108783,-0.016959932,-0.008437446,-0.008395597
-0.008594483,-0.008379305,-0.008210904,-0.027348056,-0.015942453,-0.015570521,-0.006079295,-0.006104482,-0.006054728,-0.02034145,-0.010454755,-0.010721332,-0.004925494,-0.00494654,-0.004912918,-0.016968254,-0.008519431,-0.008653994
-0.00791931,-0.007857827,-0.007889907,-0.027710983,-0.013606653,-0.013107839,-0.005530906,-0.005451236,-0.005410284,-0.019802622,-0.00995851,-0.009620061,-0.004616189,-0.004554556,-0.004513278,-0.016495361,-0.008392114,-0.008199157
-0.008444766,-0.008495934,-0.008359735,-0.027484589,-0.014665929,-0.015023275,-0.006400352,-0.006435968,-0.006375928,-0.020225898,-0.010818763,-0.01091783,-0.005325205,-0.005360399,-0.005358719,-0.016978386,-0.008900913,-0.008947699
-0.010137692,-0.010116707,-0.009910825,-0.026109276,-0.013483363,-0.013813449,-0.00672494,-0.006768646,-0.006695769,-0.019815774,-0.010093662,-0.010269413,-0.005397832,-0.005451204,-0.005399246,-0.016511928,-0.008429463,-0.008438828
-0.009247797,-0.009264036,-0.009510286,-0.025504791,-0.013944617,-0.013590782,-0.006554555,-0.006500416,-0.006538439,-0.01964556,-0.010229687,-0.010020456,-0.005240849,-0.005187617,-0.005196593,-0.016394388,-0.008414805,-0.008345339
-0.008624847,-0.008523533,-0.008351715,-0.025331216,-0.014050916,-0.014313441,-0.006040052,-0.006019078,-0.005904348,-0.019050518,-0.010175095,-0.010150039,-0.004950059,-0.00493578,-0.004873387,-0.016085946,-0.008432399,-0.0084468
-0.01143568,-0.011536794,-0.011532305,-0.026055203,-0.012319887,-0.012001402,-0.00669184,-0.006731226,-0.006758997,-0.019324792,-0.009199014,-0.009213346,-0.005260147,-0.005273978,-0.0052795,-0.016147343,-0.007743148,-0.007824328
-0.008211321,-0.007990928,-0.007766369,-0.026195042,-0.012352098,-0.011990138,-0.005936798,-0.005874496,-0.005791693,-0.019142352,-0.009194711,-0.009047986,-0.004866622,-0.004820989,-0.004754695,-0.015787874,-0.007629865,-0.007557229
-0.006972305,-0.006809698,-0.006852369,-0.02285994,-0.012212293,-0.012216051,-0.005293914,-0.00524566,-0.005192134,-0.017656864,-0.009430771,-0.00943651,-0.004392283,-0.004369141,-0.004314407,-0.015394194,-0.007816075,-0.007869
-0.007409171,-0.007148724,-0.007285605,-0.025186314,-0.013297404,-0.013379853,-0.0055883,-0.00549373,-0.005471912,-0.018620279,-0.009449748,-0.009437113,-0.004635942,-0.004571129,-0.004565897,-0.015520292,-0.00794207,-0.007920837
-0.007651883,-0.00761127,-0.007662696,-0.025775876,-0.013163159,-0.012934453,-0.005746865,-0.005714272,-0.005688787,-0.018806602,-0.009331136,-0.009381264,-0.004674652,-0.004655278,-0.004665708,-0.015629576,-0.007881101,-0.007871365
-0.007653998,-0.007665724,-0.007799552,-0.027206805,-0.014131409,-0.01435824,-0.00588263,-0.005862144,-0.005883269,-0.019493662,-0.009873331,-0.009884868,-0.004851075,-0.004851961,-0.00484832,-0.016146728,-0.008218557,-0.008213275
-0.008482232,-0.008138658,-0.008040302,-0.028361473,-0.015693491,-0.015682707,-0.006355327,-0.006249543,-0.006126109,-0.020645807,-0.010665543,-0.010653291,-0.005107701,-0.005044567,-0.004965009,-0.017063576,-0.00869388,-0.008682573
-0.010445654,-0.010112683,-0.009963594,-0.030740655,-0.01471741,-0.014974224,-0.007231399,-0.007053422,-0.006950298,-0.021747246,-0.010523115,-0.010618825,-0.005933458,-0.005807122,-0.005694083,-0.017835284,-0.00859368,-0.008652001
-0.009828948,-0.009918831,-0.010000588,-0.02841189,-0.014286447,-0.014370203,-0.007049064,-0.007083213,-0.007126997,-0.020989578,-0.010145474,-0.009958788,-0.005812388,-0.005829603,-0.005848702,-0.017413364,-0.008420654,-0.008267051
-0.009334046,-0.009183994,-0.009222966,-0.030371396,-0.015413633,-0.015684122,-0.006967915,-0.00692852,-0.006935325,-0.022070165,-0.010602506,-0.010536359,-0.005759627,-0.00574955,-0.005766747,-0.018400722,-0.008791447,-0.008692432
-0.009134111,-0.009111498,-0.00903287,-0.028162405,-0.011927202,-0.012093053,-0.006455092,-0.006432212,-0.006268499,-0.021070975,-0.009241606,-0.009259991,-0.005292761,-0.005279337,-0.005197044,-0.017640395,-0.007854,-0.007840548
-0.008795128,-0.008773772,-0.008774904,-0.028553888,-0.012390459,-0.012614759,-0.00632525,-0.006322135,-0.006295742,-0.021461982,-0.008948307,-0.009134828,-0.005288653,-0.005320178,-0.005284461,-0.01794302,-0.007485526,-0.007636517
-0.010599509,-0.010415713,-0.01033869,-0.030708306,-0.016348163,-0.017271452,-0.007201975,-0.007120797,-0.007098706,-0.023581768,-0.01074766,-0.011038483,-0.005703479,-0.005668455,-0.005678058,-0.019868832,-0.008528943,-0.008766524
-0.008855503,-0.008987762,-0.009131972,-0.03007862,-0.013441204,-0.013546293,-0.006560694,-0.006593975,-0.006591156,-0.022646955,-0.009467664,-0.009508277,-0.005377087,-0.005391129,-0.005400533,-0.018744442,-0.007754589,-0.00780936
-0.008438236,-0.008344854,-0.008264614,-0.030120753,-0.01284667,-0.012771772,-0.006573604,-0.006483274,-0.006393367,-0.022172594,-0.009144828,-0.009066835,-0.005459008,-0.005400858,-0.005364757,-0.018324489,-0.007560483,-0.00750138
-0.008807763,-0.008834153,-0.008706851,-0.029550699,-0.013395191,-0.013051203,-0.006546087,-0.006516268,-0.006383055,-0.021415449,-0.009343019,-0.009185319,-0.00549456,-0.005451187,-0.005340136,-0.01777293,-0.007718097,-0.007606938
-0.009927648,-0.009972546,-0.009938579,-0.028785728,-0.014308457,-0.014084891,-0.006695741,-0.006696725,-0.006660957,-0.022394272,-0.009568734,-0.009573457,-0.005442663,-0.005419644,-0.005382557,-0.018895454,-0.007921488,-0.00785599
-0.009566382,-0.009539492,-0.009619085,-0.036472685,-0.013986447,-0.013813458,-0.007155044,-0.007153513,-0.007200177,-0.028544461,-0.010145736,-0.010098625,-0.005878475,-0.005883322,-0.005926486,-0.023947615,-0.008274671,-0.008226352
-0.010890858,-0.010817364,-0.010962429,-0.037458029,-0.015634195,-0.0157872,-0.00713335,-0.007169336,-0.007188231,-0.028047616,-0.010709777,-0.010755317,-0.005767514,-0.005774882,-0.005757019,-0.023328793,-0.008511904,-0.008542347
-0.011891143,-0.011807496,-0.011665455,-0.034926926,-0.015464494,-0.016342087,-0.00747607,-0.007459095,-0.007526344,-0.026679286,-0.010875097,-0.011075627,-0.006028658,-0.006016962,-0.006078502,-0.022551205,-0.00876534,-0.009008892
-0.010045214,-0.009948856,-0.009683074,-0.039411007,-0.01486582,-0.016335812,-0.006553317,-0.006492096,-0.006459484,-0.027616785,-0.009898877,-0.012459955,-0.005245851,-0.005226157,-0.005203825,-0.02326175,-0.008004016,-0.010454043
-0.009338828,-0.008904744,-0.008666123,-0.034782774,-0.01540589,-0.015278259,-0.006683769,-0.006568526,-0.006431586,-0.026415676,-0.010029182,-0.010194753,-0.005422931,-0.005363855,-0.005286878,-0.022680722,-0.007981912,-0.008270447
-0.010265029,-0.010118415,-0.009771246,-0.039820257,-0.014065011,-0.013879498,-0.006798979,-0.006717327,-0.00657277,-0.028120364,-0.009062474,-0.010775213,-0.005420349,-0.005344759,-0.005284809,-0.023091868,-0.007358995,-0.008871224
-0.009826464,-0.009824242,-0.009866118,-0.032949162,-0.014490323,-0.015421755,-0.00657551,-0.006581027,-0.006595676,-0.026218567,-0.00913205,-0.010365073,-0.005234175,-0.005243955,-0.00528437,-0.022299576,-0.007382883,-0.008513459
-0.011919245,-0.011876447,-0.01160723,-0.032813923,-0.017022241,-0.016997065,-0.008261426,-0.008232157,-0.008046821,-0.0260733,-0.01240747,-0.012368188,-0.00656113,-0.006522353,-0.006410343,-0.022074727,-0.010435827,-0.010418851
-0.009257232,-0.009180245,-0.009234483,-0.033212262,-0.016799895,-0.016758514,-0.0070506,-0.007027613,-0.007053771,-0.025976667,-0.012480679,-0.01267009,-0.006064748,-0.006028425,-0.006035143,-0.021842612,-0.010208078,-0.010341384
-0.012406869,-0.012245554,-0.012064885,-0.035919847,-0.018544911,-0.019308597,-0.008666071,-0.008602645,-0.008474131,-0.029026929,-0.013233152,-0.013474689,-0.00704591,-0.007017987,-0.006929192,-0.02455051,-0.010784561,-0.010959861
-0.011360643,-0.011103228,-0.010885767,-0.038023562,-0.016003585,-0.016978155,-0.00800866,-0.00785673,-0.007740376,-0.030279872,-0.012170886,-0.012557127,-0.006444509,-0.006367355,-0.006297428,-0.025613107,-0.010117308,-0.010513964
-0.011737094,-0.011544528,-0.011302331,-0.044643801,-0.015967684,-0.016577482,-0.008572348,-0.008493979,-0.008445086,-0.030165967,-0.012046073,-0.012504979,-0.007023994,-0.006977997,-0.006896825,-0.024729425,-0.009983676,-0.010259827
-0.011397582,-0.011095684,-0.011219582,-0.043991564,-0.015842347,-0.015797957,-0.008641335,-0.008514845,-0.008474215,-0.02976859,-0.011929785,-0.011879698,-0.007144445,-0.007037325,-0.007010084,-0.02458781,-0.00994949,-0.009938469
-0.010960809,-0.01088208,-0.01089264,-0.040287766,-0.01755798,-0.017698673,-0.008524433,-0.008397889,-0.008314219,-0.029381279,-0.01300723,-0.013057594,-0.007056172,-0.006975395,-0.006945642,-0.024574928,-0.010879689,-0.01098232
-0.012787773,-0.012589831,-0.012182911,-0.042320915,-0.017998579,-0.018043252,-0.00885328,-0.008722788,-0.008544428,-0.029841808,-0.012817416,-0.012969615,-0.007117341,-0.007041402,-0.006927205,-0.024612323,-0.010582125,-0.010683555
-0.012946039,-0.01289256,-0.012935439,-0.036748566,-0.021598722,-0.021488773,-0.009440634,-0.009505202,-0.009482522,-0.028617519,-0.014692312,-0.015347613,-0.00779677,-0.007830447,-0.007817148,-0.023846835,-0.012163769,-0.012735381
-0.012699542,-0.012908612,-0.01271312,-0.038613141,-0.017614719,-0.017740099,-0.009274717,-0.009264764,-0.009149423,-0.028869322,-0.013180956,-0.013201858,-0.007367957,-0.007349789,-0.007337937,-0.024179395,-0.01097458,-0.010996917
-0.011807197,-0.011858284,-0.011766334,-0.038149115,-0.021809644,-0.021817575,-0.009093393,-0.009052934,-0.009017457,-0.027910127,-0.014459169,-0.01420526,-0.007620732,-0.007576146,-0.007563716,-0.023344475,-0.012081727,-0.011845495
-0.011931972,-0.011709691,-0.011548838,-0.036046469,-0.020553719,-0.020200334,-0.009192908,-0.009107241,-0.009023115,-0.026981094,-0.013849935,-0.0138414,-0.007799193,-0.007777821,-0.007719437,-0.022613248,-0.011575731,-0.01149215
-0.01407935,-0.013768241,-0.013835156,-0.035160996,-0.018894721,-0.019538128,-0.009175157,-0.009118168,-0.009183779,-0.02638408,-0.014162691,-0.01441279,-0.007486358,-0.007467904,-0.00750844,-0.022429302,-0.01177743,-0.012034994
-0.013776461,-0.013570867,-0.013351293,-0.036753244,-0.02003685,-0.020248595,-0.009492537,-0.009385225,-0.009363898,-0.02692971,-0.014232796,-0.01412984,-0.007772522,-0.007688053,-0.007654223,-0.022872464,-0.011815008,-0.011822127
-0.013647115,-0.013438062,-0.013138262,-0.037503233,-0.018504733,-0.01887784,-0.009709876,-0.009670831,-0.009450964,-0.02700885,-0.013255243,-0.013495673,-0.007660782,-0.007638912,-0.007623179,-0.022951136,-0.011213292,-0.011440758
-0.013496376,-0.013462722,-0.013435817,-0.037491697,-0.01989019,-0.019895115,-0.009726819,-0.009740875,-0.009706393,-0.027105489,-0.014202771,-0.014030922,-0.007737342,-0.007752687,-0.007720035,-0.022665313,-0.011759245,-0.011704482
-0.012204988,-0.012094539,-0.011902432,-0.034489311,-0.019764172,-0.019943872,-0.008749624,-0.008611192,-0.008550215,-0.025554285,-0.013492265,-0.013510416,-0.007138532,-0.007070887,-0.006992798,-0.021527464,-0.011153131,-0.0110746
-0.012288861,-0.011975631,-0.011950361,-0.040784975,-0.018503664,-0.019495906,-0.009388926,-0.009259231,-0.009179042,-0.028341348,-0.013214947,-0.013771587,-0.007724826,-0.007624177,-0.00757536,-0.023602216,-0.011197099,-0.011618587
-0.012912322,-0.013105054,-0.01307221,-0.039407909,-0.023916159,-0.024272892,-0.009645203,-0.009560686,-0.009523636,-0.028991539,-0.014611049,-0.015188953,-0.00801276,-0.007930639,-0.007904607,-0.024600092,-0.011859158,-0.012294108
-0.014649711,-0.014505672,-0.014519947,-0.035945071,-0.020110391,-0.020891764,-0.010174707,-0.010105537,-0.010100196,-0.027146011,-0.013439438,-0.013296878,-0.008121587,-0.008090534,-0.008117498,-0.022874797,-0.010898371,-0.010883782
-0.014178341,-0.014119771,-0.014120388,-0.035334422,-0.017013893,-0.017113527,-0.009382242,-0.009375125,-0.009448878,-0.026600397,-0.012424632,-0.012484081,-0.007312242,-0.00731791,-0.00738959,-0.022426563,-0.010313535,-0.010406534
-0.013399476,-0.013393216,-0.013366789,-0.035670246,-0.019107012,-0.01912574,-0.008953752,-0.009028169,-0.00894813,-0.026943698,-0.013003443,-0.012997113,-0.007128072,-0.00714874,-0.007145548,-0.022662511,-0.010803118,-0.010780556
-0.011818223,-0.011657895,-0.011362477,-0.034554159,-0.016855265,-0.016921585,-0.008361241,-0.008186151,-0.008184405,-0.026730799,-0.012357336,-0.012300444,-0.006937157,-0.006815941,-0.006739845,-0.02219776,-0.010451728,-0.010281888
-0.012657624,-0.012618804,-0.012175171,-0.041766146,-0.019182339,-0.019125003,-0.008777646,-0.008684754,-0.008510394,-0.02854796,-0.012923412,-0.012916449,-0.006886457,-0.006803859,-0.006698972,-0.023546973,-0.010550214,-0.010436244
-0.011357606,-0.01130157,-0.011304271,-0.041237551,-0.022115491,-0.022686786,-0.007850338,-0.007751888,-0.007783117,-0.028176887,-0.013318806,-0.013610709,-0.006338056,-0.006261556,-0.006261935,-0.023590865,-0.010626103,-0.010876804
-0.010910671,-0.010843977,-0.010843989,-0.038662929,-0.016234381,-0.016938066,-0.008214346,-0.00821439,-0.008162247,-0.027519584,-0.012155661,-0.012572214,-0.006694683,-0.006707776,-0.006718793,-0.022860491,-0.01005723,-0.010372872
-0.011946269,-0.011658961,-0.011521402,-0.035997496,-0.016031248,-0.016129063,-0.00792764,-0.007846834,-0.007847414,-0.027068709,-0.012069358,-0.012077036,-0.006486645,-0.006444189,-0.006432695,-0.023153815,-0.010059716,-0.010049959
-0.011018933,-0.010778577,-0.010644443,-0.037383204,-0.017141745,-0.017188103,-0.008107628,-0.008075145,-0.008065821,-0.026079673,-0.012112809,-0.012119156,-0.006770276,-0.006764898,-0.006792382,-0.021916515,-0.010014685,-0.010021437
-0.010641291,-0.01063449,-0.010519176,-0.037753992,-0.016022624,-0.01624038,-0.007923739,-0.007930191,-0.007928669,-0.026986563,-0.012066903,-0.012083095,-0.006589614,-0.006596326,-0.006598193,-0.022552801,-0.010095601,-0.010085337
-0.009963932,-0.009792272,-0.009687876,-0.03359179,-0.015706556,-0.015626183,-0.007539705,-0.007528621,-0.007584492,-0.025835905,-0.011567535,-0.01147058,-0.006329148,-0.006309782,-0.006341124,-0.021607563,-0.009648442,-0.009579862
-0.010922451,-0.010957587,-0.01093002,-0.031784823,-0.016442205,-0.015956145,-0.007980322,-0.007977124,-0.008052892,-0.024953612,-0.011028917,-0.011090991,-0.006498439,-0.006505006,-0.006600867,-0.02118431,-0.009317569,-0.009357495
-0.00985495,-0.009741897,-0.009497105,-0.034865001,-0.016677513,-0.01646786,-0.007060459,-0.006974498,-0.00694295,-0.025758272,-0.011330896,-0.011232705,-0.005845868,-0.005790121,-0.005780538,-0.021360049,-0.009353384,-0.009296107
-0.011501757,-0.011500801,-0.011497926,-0.034387955,-0.018904962,-0.019649287,-0.007577156,-0.007571259,-0.007618367,-0.026238112,-0.011687492,-0.013933449,-0.006095869,-0.006100195,-0.006129048,-0.022534075,-0.009215999,-0.011252097
-0.0113128,-0.011410135,-0.011746622,-0.035968003,-0.017459005,-0.016777353,-0.00793899,-0.00796275,-0.008022452,-0.026484543,-0.011826902,-0.01237355,-0.006442134,-0.006449926,-0.006474803,-0.022232457,-0.009542583,-0.010145676
-0.010640461,-0.010813034,-0.01086227,-0.034918169,-0.017227629,-0.017132772,-0.007450946,-0.007410342,-0.007379223,-0.026328249,-0.011460577,-0.011530938,-0.006138977,-0.006072955,-0.006019851,-0.022191169,-0.009290054,-0.009332479
-0.010491607,-0.010389867,-0.010252568,-0.037785479,-0.014014956,-0.0145662,-0.007172798,-0.007137753,-0.007052328,-0.027405987,-0.010063622,-0.010229025,-0.00576316,-0.005747687,-0.00568712,-0.02280673,-0.008368852,-0.008547471
-0.011280255,-0.01111707,-0.01118953,-0.035697428,-0.019081112,-0.019316392,-0.007733406,-0.007680011,-0.007662901,-0.026412892,-0.012755832,-0.012975592,-0.006355796,-0.00630004,-0.006280379,-0.022329768,-0.009894556,-0.010173077
-0.01143772,-0.011334633,-0.011327436,-0.035203376,-0.017591008,-0.017933533,-0.008261282,-0.008214262,-0.008172624,-0.026707403,-0.012039716,-0.012540374,-0.006758962,-0.006733121,-0.006696634,-0.022506103,-0.009827361,-0.010253987
-0.011245696,-0.011027466,-0.011167254,-0.035542297,-0.018223674,-0.019462969,-0.007927452,-0.007898444,-0.007967626,-0.026445725,-0.012993783,-0.013829427,-0.006520304,-0.006484337,-0.006531634,-0.022452323,-0.010303237,-0.011473439
-0.010815972,-0.010828132,-0.010883066,-0.04474724,-0.017529561,-0.017494733,-0.008358551,-0.008372621,-0.008447406,-0.034067362,-0.012797746,-0.012780081,-0.006857932,-0.006835315,-0.006864389,-0.028034598,-0.01028216,-0.010256356
-0.00992665,-0.009946433,-0.010012078,-0.046174183,-0.016042484,-0.016055313,-0.007609666,-0.007574624,-0.007542635,-0.034669807,-0.011218558,-0.01167682,-0.006189998,-0.006138271,-0.006124589,-0.029160812,-0.009153459,-0.009676813
-0.013346564,-0.013442152,-0.013435316,-0.042288556,-0.020852207,-0.020798483,-0.008590487,-0.008630912,-0.008606887,-0.032173982,-0.01358719,-0.013592966,-0.006937019,-0.006937563,-0.006909046,-0.026460107,-0.010727343,-0.010639258
-0.012938833,-0.013268103,-0.013480682,-0.038854507,-0.023319779,-0.023315377,-0.008986813,-0.009072423,-0.009058486,-0.02991473,-0.014333257,-0.014375766,-0.007308173,-0.007316114,-0.00729176,-0.025999507,-0.01114503,-0.011178676
-0.013408174,-0.013336289,-0.013089387,-0.043727906,-0.021102806,-0.021203742,-0.00932939,-0.009297766,-0.009303454,-0.032326358,-0.013640556,-0.013679213,-0.007580475,-0.007572742,-0.007551814,-0.027671376,-0.01084491,-0.010920225
-0.011295896,-0.011237375,-0.011520226,-0.040804516,-0.019161679,-0.019356428,-0.008152225,-0.008130227,-0.008148424,-0.030473901,-0.012155372,-0.013075256,-0.006548806,-0.006549258,-0.006568706,-0.026232004,-0.009949095,-0.010783447
-0.011043256,-0.010976133,-0.010983425,-0.039364257,-0.016426039,-0.017405149,-0.008359839,-0.008309394,-0.008274113,-0.029592134,-0.011508227,-0.013426836,-0.006770342,-0.006714599,-0.006685805,-0.025516542,-0.009309119,-0.011094719
-0.012245398,-0.012267355,-0.012225656,-0.039011668,-0.019325962,-0.019788612,-0.008111682,-0.008116188,-0.008061826,-0.029283984,-0.011427013,-0.012508129,-0.006553398,-0.006552991,-0.006511717,-0.025216536,-0.009105175,-0.010070098
-0.011402527,-0.011443341,-0.011337036,-0.037507807,-0.016776648,-0.018653198,-0.007975674,-0.007912957,-0.007804128,-0.028287375,-0.011799984,-0.013194488,-0.006426688,-0.006395322,-0.006357727,-0.024311399,-0.009721771,-0.010972665
-0.011526734,-0.011461856,-0.011423614,-0.037271269,-0.01744913,-0.018584903,-0.008219333,-0.008201759,-0.008219562,-0.027405821,-0.012323576,-0.01402281,-0.006647618,-0.006647758,-0.006646921,-0.023253582,-0.010172524,-0.011727284
-0.010794975,-0.01083126,-0.010853004,-0.036014866,-0.015748854,-0.017241169,-0.008013852,-0.008059258,-0.008053137,-0.026855281,-0.011584643,-0.013080539,-0.006639944,-0.006651292,-0.0066259,-0.022786081,-0.009637151,-0.010849288
-0.010031685,-0.010049299,-0.010038859,-0.037046409,-0.017624075,-0.017618192,-0.007147854,-0.007103788,-0.007063861,-0.027025652,-0.011542662,-0.011519722,-0.005763082,-0.005760998,-0.005755984,-0.022833384,-0.009057177,-0.008994881
-0.011133708,-0.010995271,-0.010727724,-0.035876124,-0.019632653,-0.01890771,-0.007680593,-0.007638177,-0.007541276,-0.026011507,-0.012053496,-0.012087106,-0.006230228,-0.006191596,-0.00616326,-0.021984306,-0.009753341,-0.010050216
-0.009820603,-0.00989516,-0.009936185,-0.034552641,-0.01384591,-0.013988904,-0.007315639,-0.007330657,-0.00732822,-0.025449513,-0.009611808,-0.010783452,-0.005933898,-0.005940145,-0.005954424,-0.021412016,-0.008027346,-0.009143696
-0.011610669,-0.011650782,-0.011500978,-0.032749188,-0.014220771,-0.014125145,-0.007678944,-0.007771133,-0.007778015,-0.024653527,-0.00997164,-0.010002122,-0.006199058,-0.006270956,-0.006240144,-0.021057666,-0.008195878,-0.00819066
-0.009750194,-0.009884317,-0.009994659,-0.032576326,-0.015569272,-0.016194841,-0.007409401,-0.007365613,-0.007348155,-0.024879617,-0.010798416,-0.012023135,-0.006042801,-0.006031873,-0.006021291,-0.021327955,-0.008944122,-0.00986404
-0.008804049,-0.008818157,-0.008716805,-0.040974727,-0.01386087,-0.016659493,-0.006634549,-0.006679796,-0.006679955,-0.028050252,-0.010036075,-0.012191621,-0.005513251,-0.005546443,-0.005568633,-0.023238649,-0.008557519,-0.010202318
-0.009137225,-0.009078043,-0.009073393,-0.035088629,-0.013252474,-0.013168357,-0.006671317,-0.006713517,-0.006727368,-0.025560496,-0.009908613,-0.009834729,-0.005542379,-0.005569475,-0.005590036,-0.021540261,-0.008411367,-0.00835442
-0.010508579,-0.01057459,-0.010511276,-0.030109983,-0.013452372,-0.016445216,-0.007380959,-0.007403327,-0.007424075,-0.02232155,-0.010156017,-0.011968787,-0.006051209,-0.006067,-0.00608879,-0.019066971,-0.008666844,-0.009787976
-0.009629588,-0.009710795,-0.009542592,-0.027617163,-0.013795548,-0.014190209,-0.007062179,-0.007071139,-0.006996524,-0.021606802,-0.010021272,-0.010549805,-0.005834768,-0.005857528,-0.005822518,-0.018522496,-0.008202165,-0.008682445
-0.009312662,-0.009214067,-0.009039695,-0.031273997,-0.015210081,-0.017285833,-0.006913739,-0.006841083,-0.006827228,-0.022751071,-0.011167115,-0.011851294,-0.005752461,-0.005716094,-0.005726967,-0.019220248,-0.009270792,-0.009772087
-0.011413581,-0.011390629,-0.01150613,-0.031793728,-0.014426282,-0.014289621,-0.007337907,-0.007296895,-0.007321121,-0.022829974,-0.010457786,-0.010899116,-0.005833908,-0.005805832,-0.005823626,-0.019135526,-0.008864035,-0.009229204
-0.009442704,-0.009545266,-0.009231489,-0.031272981,-0.014826692,-0.014519339,-0.007317554,-0.007311223,-0.00714695,-0.022784928,-0.010727495,-0.010792218,-0.006088931,-0.006076718,-0.005957415,-0.019158742,-0.00894208,-0.009010289
-0.0084777,-0.008453473,-0.008439757,-0.029942805,-0.014992611,-0.01524987,-0.006487655,-0.00648538,-0.006402281,-0.022552062,-0.01032681,-0.01035932,-0.005314943,-0.005292679,-0.00524352,-0.019324036,-0.008635224,-0.008634747
-0.008815888,-0.008753688,-0.008543927,-0.030183482,-0.013849394,-0.013879335,-0.006582651,-0.006507098,-0.006417911,-0.022289938,-0.010752044,-0.010842372,-0.005479596,-0.005440446,-0.005379054,-0.019094564,-0.009053875,-0.009106883
-0.011080849,-0.011209775,-0.011244563,-0.032806077,-0.014464678,-0.013919863,-0.007130788,-0.007199913,-0.007175184,-0.024406757,-0.010619806,-0.010552175,-0.005787625,-0.005778669,-0.005777243,-0.020638479,-0.009009644,-0.008953194
-0.011433302,-0.011515848,-0.011477587,-0.031298568,-0.013263909,-0.014058057,-0.007113756,-0.007095339,-0.007118069,-0.023186985,-0.010504406,-0.010748959,-0.005595082,-0.005557778,-0.005573522,-0.019718903,-0.008798111,-0.009064436
-0.01130729,-0.011281797,-0.011249175,-0.030261233,-0.015641624,-0.016132524,-0.007425204,-0.007345699,-0.007315593,-0.022231866,-0.010521177,-0.010808448,-0.005845424,-0.005833825,-0.005818048,-0.018918323,-0.00869118,-0.008858306
-0.010798065,-0.010808014,-0.010746711,-0.030505467,-0.015534731,-0.014752362,-0.007417795,-0.007422801,-0.007390875,-0.021895672,-0.010687639,-0.010815525,-0.006022181,-0.006026241,-0.006039238,-0.018577323,-0.008902536,-0.009051771
-0.010324467,-0.010048332,-0.010206261,-0.029695406,-0.01539151,-0.014558448,-0.00698422,-0.006815625,-0.00681147,-0.022035788,-0.01052083,-0.010598005,-0.00567154,-0.005543544,-0.005512957,-0.018808187,-0.008762297,-0.008896172
-0.01073201,-0.010748375,-0.010423516,-0.034531351,-0.013850827,-0.014061217,-0.006982642,-0.006988713,-0.00687122,-0.023663008,-0.009636091,-0.010244466,-0.005605938,-0.005611486,-0.005533564,-0.019486741,-0.008161553,-0.00865536
-0.009642454,-0.009653079,-0.009650418,-0.034069196,-0.013499446,-0.013920304,-0.007010328,-0.006980855,-0.006927946,-0.023458081,-0.009575636,-0.010128619,-0.00577031,-0.00573632,-0.005700708,-0.019397671,-0.008089301,-0.008483011
-0.007718243,-0.007728771,-0.007740528,-0.032456475,-0.01380609,-0.01377387,-0.005825247,-0.005859333,-0.005857287,-0.023603654,-0.009653674,-0.00968716,-0.004921855,-0.004927063,-0.00490503,-0.019722931,-0.008090478,-0.00807435
-0.009086325,-0.009050081,-0.008628902,-0.030522229,-0.014421849,-0.014084528,-0.006242853,-0.006200147,-0.006052762,-0.022334539,-0.010131146,-0.009952951,-0.005088548,-0.005069675,-0.004958755,-0.019205845,-0.008370769,-0.008280876
-0.008379258,-0.008391108,-0.008249053,-0.029652419,-0.015179981,-0.014022894,-0.005949734,-0.006004907,-0.006046711,-0.0220058,-0.010457627,-0.010405871,-0.004991018,-0.005014535,-0.005013467,-0.018487335,-0.00855943,-0.008688087
-0.008178314,-0.008284845,-0.008273164,-0.028094317,-0.011945535,-0.012918662,-0.006285617,-0.006308714,-0.006300415,-0.021418205,-0.009149373,-0.009812288,-0.005315318,-0.005301047,-0.005285995,-0.018213241,-0.007815949,-0.008296663
-0.007276938,-0.007352338,-0.007396005,-0.027064041,-0.011805007,-0.012528481,-0.00562714,-0.005559917,-0.005588724,-0.020997966,-0.008921446,-0.009314848,-0.004711176,-0.004640232,-0.004673089,-0.017891735,-0.007538056,-0.007887152
-0.0074089,-0.007173983,-0.007190913,-0.031618317,-0.012928284,-0.012923503,-0.005171439,-0.005116506,-0.00512724,-0.023377479,-0.009172366,-0.009158425,-0.004211404,-0.004220144,-0.004231795,-0.019750624,-0.007736625,-0.007728219
-0.008568363,-0.008276056,-0.008109336,-0.028825249,-0.011227243,-0.011284626,-0.006020796,-0.005915525,-0.00587223,-0.021868664,-0.008722679,-0.008750188,-0.00481193,-0.004768079,-0.004737057,-0.01890956,-0.007426428,-0.007404873
-0.009342808,-0.009350829,-0.009311706,-0.032247603,-0.014560173,-0.014391776,-0.006470528,-0.006457383,-0.006383699,-0.023244603,-0.00969024,-0.009523816,-0.005228328,-0.005230554,-0.005193829,-0.019081092,-0.007914219,-0.008001015
-0.009306623,-0.009198722,-0.00906094,-0.031216645,-0.014564156,-0.014632007,-0.006300874,-0.00620199,-0.00606871,-0.023339151,-0.009587913,-0.009647722,-0.005055627,-0.004981928,-0.004901672,-0.019339865,-0.007734626,-0.007757653
-0.008935262,-0.00863969,-0.008639587,-0.031250487,-0.013787928,-0.013639064,-0.006689074,-0.006544445,-0.006444758,-0.022627314,-0.01004688,-0.009972562,-0.005533135,-0.005460977,-0.005409166,-0.018696038,-0.008393944,-0.008347248
-0.008251893,-0.008105172,-0.008079344,-0.029697498,-0.013682525,-0.01345478,-0.006219084,-0.006151295,-0.006112373,-0.0223438,-0.009332301,-0.009328466,-0.005090112,-0.00503482,-0.004997615,-0.019184785,-0.007774335,-0.007749462
-0.008275944,-0.008372922,-0.008366869,-0.029285383,-0.013019887,-0.012773533,-0.005976647,-0.00590106,-0.005943427,-0.021841105,-0.009006566,-0.009021587,-0.004898194,-0.004854983,-0.004870294,-0.01859015,-0.00753274,-0.007563133
-0.009141884,-0.009106649,-0.009188133,-0.032879101,-0.017200799,-0.016381416,-0.007034172,-0.006983006,-0.006974312,-0.02334053,-0.011874056,-0.011766542,-0.005788849,-0.005743559,-0.005744848,-0.019204428,-0.009642585,-0.009673039
-0.010562445,-0.010592243,-0.010728535,-0.029441694,-0.015901024,-0.015768193,-0.007221459,-0.007215542,-0.007283916,-0.022524876,-0.010912298,-0.010918834,-0.005868073,-0.005854617,-0.005927244,-0.019039367,-0.009149027,-0.009199677
-0.008548676,-0.008499297,-0.008330775,-0.029366455,-0.015472459,-0.01476908,-0.006194453,-0.006177929,-0.00616136,-0.021690063,-0.010393335,-0.010918644,-0.005114776,-0.005086909,-0.005116194,-0.018506676,-0.008791484,-0.009081494
-0.008792307,-0.008724617,-0.008562347,-0.027731192,-0.014809709,-0.016431572,-0.006338714,-0.0063019,-0.006263761,-0.021030862,-0.011065997,-0.011880855,-0.00528473,-0.005233469,-0.005211152,-0.017765926,-0.009234329,-0.009876997
-0.007964326,-0.00779116,-0.00767205,-0.026752317,-0.014618953,-0.016052354,-0.005799429,-0.005753154,-0.005749545,-0.020416863,-0.010830454,-0.011258359,-0.004839012,-0.00480712,-0.004836677,-0.017405929,-0.008836037,-0.009381888
-0.008148968,-0.008034604,-0.007995522,-0.026637855,-0.014345127,-0.013952468,-0.00572569,-0.005684122,-0.005685497,-0.020387491,-0.010620087,-0.010101282,-0.004731078,-0.004691444,-0.0047064,-0.017332093,-0.008709494,-0.008610929
-0.007955002,-0.008191727,-0.008118999,-0.025818056,-0.01507408,-0.013699949,-0.005774036,-0.005735249,-0.005710672,-0.01994921,-0.009936941,-0.010021384,-0.004734262,-0.004696824,-0.00469366,-0.016854391,-0.008087713,-0.008247182
-0.007787581,-0.007651872,-0.007548652,-0.024978151,-0.015024898,-0.014541853,-0.006050196,-0.005928492,-0.005856978,-0.01961347,-0.009898659,-0.009745172,-0.004917537,-0.004829977,-0.004802385,-0.016615611,-0.00800385,-0.008145871
-0.007591472,-0.007567362,-0.007782297,-0.02516768,-0.014382589,-0.013323524,-0.005980812,-0.005944048,-0.006012604,-0.019416666,-0.010047297,-0.010040633,-0.004970753,-0.004962278,-0.004989275,-0.016535225,-0.008169603,-0.00850205
-0.007429561,-0.00742575,-0.007585582,-0.024626913,-0.014114477,-0.013247555,-0.005752511,-0.005641283,-0.005673798,-0.01931073,-0.010044821,-0.009783573,-0.004753138,-0.004659342,-0.004668933,-0.016325591,-0.0082544,-0.008120757
-0.008679061,-0.00873946,-0.008675284,-0.023868504,-0.013257699,-0.013232544,-0.006006065,-0.006060073,-0.006114386,-0.018802562,-0.009436154,-0.009486891,-0.004935311,-0.004979206,-0.004999473,-0.016136227,-0.007724892,-0.007890496
-0.008374188,-0.00829182,-0.008268688,-0.024404342,-0.01229435,-0.011873239,-0.006216752,-0.006134259,-0.006081962,-0.018991689,-0.009309218,-0.009588354,-0.005097698,-0.005039526,-0.005018941,-0.016282839,-0.007969686,-0.008187785
-0.008299858,-0.008130192,-0.008072725,-0.022357059,-0.011664531,-0.01276097,-0.005931667,-0.005906005,-0.005960437,-0.018011439,-0.009138394,-0.009878054,-0.005008531,-0.005002888,-0.005043789,-0.01557903,-0.007758093,-0.00817319
-0.008159617,-0.007989966,-0.007969867,-0.024889103,-0.014091696,-0.013365343,-0.006054269,-0.005969318,-0.005968827,-0.018907817,-0.009419808,-0.009311522,-0.004947285,-0.004886599,-0.004879961,-0.016218674,-0.007767564,-0.007714793
-0.007583517,-0.007357926,-0.007428218,-0.024890832,-0.01288341,-0.012004302,-0.005797316,-0.005640057,-0.005675007,-0.01845199,-0.009264038,-0.00925637,-0.004913819,-0.00480493,-0.004829235,-0.015830687,-0.007671059,-0.007676759
-0.007428376,-0.007407129,-0.007492649,-0.025002234,-0.012772102,-0.012096938,-0.005545509,-0.005565793,-0.005553395,-0.018459977,-0.009131033,-0.009196874,-0.004683405,-0.00468503,-0.004673851,-0.015796011,-0.007574746,-0.007621479
-0.008224519,-0.008127467,-0.008107715,-0.023989422,-0.012502412,-0.012059198,-0.005879859,-0.005856427,-0.005858034,-0.017927651,-0.008843671,-0.008999932,-0.004913749,-0.004897954,-0.004892808,-0.015401338,-0.007328022,-0.007430075
-0.007988324,-0.007780181,-0.007742161,-0.024602412,-0.012173287,-0.011558606,-0.00599574,-0.005853167,-0.005732455,-0.018488984,-0.008417119,-0.008322426,-0.00480046,-0.004749336,-0.004668003,-0.015601392,-0.007010683,-0.006997315
-0.008616775,-0.00861237,-0.008482377,-0.023278649,-0.011820579,-0.011513901,-0.006252974,-0.006229983,-0.006199587,-0.018030546,-0.008375669,-0.008536926,-0.005195799,-0.005151279,-0.005138462,-0.015294072,-0.007036288,-0.00713497
-0.008846108,-0.008594506,-0.008553739,-0.024854761,-0.011792651,-0.011328771,-0.006569023,-0.006445855,-0.006405256,-0.018516063,-0.008876712,-0.008897549,-0.005499389,-0.005390711,-0.005387231,-0.015626317,-0.007340378,-0.00740127
-0.009661817,-0.009603883,-0.009458881,-0.024934153,-0.013480889,-0.014021385,-0.007160087,-0.007182079,-0.007039634,-0.019248204,-0.009955316,-0.010264606,-0.005797309,-0.005847007,-0.005785048,-0.016241918,-0.008235091,-0.008639999
-0.009457421,-0.009397503,-0.009213387,-0.025729635,-0.01504358,-0.014964823,-0.007199459,-0.007089433,-0.00705904,-0.019489741,-0.010619643,-0.010629772,-0.006042796,-0.005981601,-0.00597138,-0.016689977,-0.008697578,-0.008893088
-0.009468465,-0.009338316,-0.009116631,-0.025809293,-0.015271225,-0.01494166,-0.007425936,-0.007372663,-0.00725465,-0.019436824,-0.010698764,-0.010688368,-0.006201395,-0.00615756,-0.006076535,-0.016601202,-0.008780377,-0.00884252
-0.008378922,-0.008265005,-0.008164043,-0.02403281,-0.015746565,-0.014820207,-0.006605289,-0.006532909,-0.006353999,-0.019156351,-0.010630979,-0.010903633,-0.005386956,-0.005335521,-0.005256638,-0.016557295,-0.008883799,-0.00918078
-0.008324086,-0.008346972,-0.008344635,-0.023855084,-0.013939839,-0.013022637,-0.006317887,-0.006324086,-0.006351018,-0.018978124,-0.010023663,-0.010096302,-0.005296954,-0.005275438,-0.005294496,-0.016300954,-0.008511976,-0.008574821
-0.008748913,-0.008717517,-0.008715307,-0.024205375,-0.014694434,-0.013994322,-0.006605282,-0.006541218,-0.006484255,-0.01977832,-0.010447516,-0.010561953,-0.005452951,-0.005416184,-0.005380764,-0.016989878,-0.008698551,-0.008877508
-0.008389707,-0.008231502,-0.00813132,-0.026600691,-0.013809875,-0.013883265,-0.005996608,-0.00590175,-0.005887351,-0.020437538,-0.009569886,-0.00951652,-0.004993725,-0.00494867,-0.004925911,-0.017151721,-0.008052531,-0.007995967
-0.008204256,-0.008190163,-0.008151053,-0.02535618,-0.014121727,-0.013909681,-0.006171805,-0.006210863,-0.006240097,-0.019453516,-0.009937429,-0.009738018,-0.005006024,-0.005051223,-0.005070979,-0.016497745,-0.008239194,-0.008129346
-0.008681864,-0.008334035,-0.008362596,-0.025489956,-0.01330203,-0.01361663,-0.00622178,-0.006146028,-0.00615745,-0.019628415,-0.008930748,-0.009310367,-0.005059579,-0.005042156,-0.005058394,-0.016692687,-0.007512545,-0.007753469
-0.00989782,-0.009832171,-0.009678867,-0.030193014,-0.013709186,-0.013968796,-0.006850442,-0.006799711,-0.006702095,-0.021032651,-0.01001691,-0.01011632,-0.00555956,-0.005493246,-0.005431776,-0.017434511,-0.008246843,-0.008319566
-0.009779001,-0.009592496,-0.009673661,-0.0288151,-0.013436811,-0.013432811,-0.006423842,-0.00634658,-0.00641499,-0.021785917,-0.010414733,-0.010413058,-0.005129904,-0.005078623,-0.0051124,-0.018520646,-0.008704823,-0.008703974
-0.009931166,-0.009903147,-0.010007795,-0.030066076,-0.014462116,-0.014709637,-0.007067052,-0.007022365,-0.007003605,-0.022040837,-0.010437299,-0.010659112,-0.005843967,-0.005803037,-0.005811733,-0.018471157,-0.008872065,-0.009079349
-0.00937466,-0.008998857,-0.008715461,-0.030015335,-0.01468729,-0.015524189,-0.006577217,-0.006402818,-0.00637245,-0.021779021,-0.010436811,-0.010587265,-0.005406533,-0.005273751,-0.005232045,-0.018428024,-0.008814023,-0.008941417
-0.008884197,-0.009034316,-0.009054996,-0.029498628,-0.014401101,-0.01463061,-0.006123354,-0.006158095,-0.006197838,-0.021261443,-0.010250552,-0.010393486,-0.005074395,-0.005109592,-0.005101277,-0.017998585,-0.008509868,-0.008581599
-0.011712103,-0.011619916,-0.011552475,-0.028327121,-0.013523046,-0.012794906,-0.006796482,-0.006735403,-0.006712155,-0.020513705,-0.009519278,-0.009534319,-0.005412703,-0.005376679,-0.005404027,-0.017307183,-0.007920825,-0.00792665
-0.009055464,-0.008893407,-0.008731381,-0.02533253,-0.015066903,-0.01454828,-0.006535462,-0.006417373,-0.006375335,-0.019591117,-0.010200036,-0.010099915,-0.00550995,-0.005431452,-0.005354513,-0.016735138,-0.008445289,-0.008410555
-0.00818859,-0.008232708,-0.008287236,-0.029004658,-0.014918677,-0.015168856,-0.005872303,-0.005873907,-0.005849276,-0.021056769,-0.010035337,-0.010169238,-0.004879243,-0.004890203,-0.004873926,-0.017974081,-0.00816066,-0.008219277
-0.009527033,-0.009350245,-0.009063953,-0.025782221,-0.015719855,-0.015017502,-0.00666595,-0.006673416,-0.006600902,-0.019850005,-0.010500272,-0.01017517,-0.005442618,-0.005427244,-0.005360898,-0.017026481,-0.00854073,-0.008383137
-0.008204911,-0.008111549,-0.008287436,-0.029734933,-0.01459457,-0.014423573,-0.005973086,-0.005901679,-0.005965842,-0.020486492,-0.009752555,-0.00992408,-0.004852569,-0.004811202,-0.004846041,-0.017172464,-0.008022635,-0.008143849
-0.010139167,-0.010040524,-0.009751106,-0.02765791,-0.014856788,-0.014860917,-0.006582141,-0.006541381,-0.006368129,-0.020730993,-0.009765739,-0.009766507,-0.005232233,-0.00519127,-0.005104554,-0.017378508,-0.007858974,-0.007859766
-0.008291535,-0.008254991,-0.008147324,-0.030706033,-0.013540598,-0.01334124,-0.006235609,-0.00621813,-0.00616192,-0.021740803,-0.009118571,-0.009010203,-0.005234213,-0.005231173,-0.005187211,-0.01818281,-0.007392215,-0.007373979
-0.009049642,-0.009039526,-0.008962842,-0.028520858,-0.012310541,-0.012257814,-0.006536006,-0.006504561,-0.006533963,-0.021609691,-0.009204657,-0.009169339,-0.005317254,-0.005309077,-0.00534505,-0.018134616,-0.007695216,-0.007659204
-0.009287827,-0.009404812,-0.009185247,-0.031553021,-0.012822957,-0.012591888,-0.007178879,-0.007149569,-0.007043059,-0.022028013,-0.009492878,-0.009346889,-0.005957019,-0.005930232,-0.005847476,-0.01832546,-0.00779655,-0.007696356
-0.010377715,-0.009939421,-0.009795344,-0.03083913,-0.013044551,-0.013071678,-0.007247666,-0.007025427,-0.006955083,-0.022415677,-0.009511258,-0.009505067,-0.005781529,-0.005635229,-0.00559152,-0.018816525,-0.0080177,-0.008003002
-0.008845012,-0.008602499,-0.008381202,-0.028711066,-0.011826744,-0.011876186,-0.006613668,-0.006538236,-0.006342515,-0.021407814,-0.008892413,-0.008900945,-0.005342457,-0.005307194,-0.00517304,-0.018177623,-0.007380728,-0.007390966
-0.010479632,-0.010623346,-0.009942785,-0.03082389,-0.011866632,-0.012027223,-0.006853321,-0.006883729,-0.006675618,-0.022384165,-0.008667447,-0.008612423,-0.005436117,-0.005456146,-0.005301268,-0.018500507,-0.00728496,-0.00723397
-0.009899665,-0.009591442,-0.009427616,-0.030914005,-0.013057558,-0.013033897,-0.006927484,-0.006796933,-0.006659738,-0.021651715,-0.008740974,-0.008729986,-0.005576355,-0.005536838,-0.005410467,-0.017930221,-0.007266692,-0.007255896
-0.009594138,-0.00948214,-0.009813998,-0.030499893,-0.012658225,-0.012600144,-0.006897696,-0.006751597,-0.006709908,-0.021959414,-0.008631715,-0.008610428,-0.005752674,-0.0056231,-0.005543413,-0.018186995,-0.007128723,-0.007112331
-0.009268151,-0.009012257,-0.008798553,-0.029249375,-0.012071017,-0.012218012,-0.00680477,-0.006610911,-0.006501649,-0.020887468,-0.008286378,-0.008283123,-0.005547847,-0.005426181,-0.005320702,-0.017506942,-0.00686239,-0.006835774
-0.009163135,-0.008461121,-0.008427384,-0.028617071,-0.011960347,-0.011797893,-0.006719429,-0.006295306,-0.006247835,-0.020498477,-0.008215879,-0.008131485,-0.005488651,-0.005165119,-0.005155754,-0.01717632,-0.006844371,-0.006680702
-0.010486623,-0.010663943,-0.010849246,-0.029310931,-0.014122033,-0.014185671,-0.006916675,-0.007031058,-0.007078739,-0.021413824,-0.009836372,-0.009884149,-0.005640988,-0.005688719,-0.005733484,-0.01798942,-0.008136419,-0.00819226
-0.009950568,-0.009616783,-0.009397691,-0.030167637,-0.01209901,-0.01263795,-0.006981214,-0.006816066,-0.006671357,-0.021626203,-0.00940731,-0.009553506,-0.005776326,-0.005636684,-0.005529892,-0.018029128,-0.007905802,-0.008091971
-0.008652859,-0.008394248,-0.00837325,-0.029731656,-0.011745407,-0.011995357,-0.006262172,-0.00614761,-0.006087624,-0.021136622,-0.009111599,-0.009158073,-0.005122321,-0.005065154,-0.005015393,-0.017672975,-0.007665869,-0.007758788
-0.009217928,-0.009045217,-0.008843209,-0.024819672,-0.012617993,-0.012657499,-0.005936484,-0.005836858,-0.005766497,-0.019332407,-0.008992418,-0.008962928,-0.004839771,-0.004790376,-0.004770654,-0.016556964,-0.007415065,-0.007356362
-0.009219258,-0.009057681,-0.008926867,-0.025634955,-0.014688258,-0.014324977,-0.006656989,-0.006566902,-0.006462037,-0.019639832,-0.009599335,-0.009442125,-0.005349576,-0.005273682,-0.005215653,-0.016674906,-0.007762967,-0.007671595
-0.00862345,-0.008319724,-0.008140971,-0.026907566,-0.014167847,-0.01401887,-0.006264084,-0.006116309,-0.00607491,-0.019735715,-0.009545996,-0.009468031,-0.005195128,-0.005082317,-0.005037102,-0.016713919,-0.00783298,-0.007782731
-0.008284702,-0.008322567,-0.008330086,-0.026066087,-0.014397897,-0.013991615,-0.006064031,-0.006028814,-0.005939178,-0.019305747,-0.009431137,-0.00930939,-0.005062103,-0.005053654,-0.004995868,-0.01646119,-0.007796522,-0.007788138
-0.00868073,-0.008641437,-0.008611479,-0.026378225,-0.013742431,-0.013298534,-0.005958847,-0.005933145,-0.005897153,-0.021021049,-0.009236295,-0.009083141,-0.004898392,-0.004880751,-0.004879121,-0.01776183,-0.007511142,-0.007401109
-0.008748929,-0.008761654,-0.008626342,-0.027416886,-0.012765951,-0.013350046,-0.006069301,-0.006033602,-0.005973964,-0.020258457,-0.008914032,-0.009298832,-0.004886631,-0.004880632,-0.004857131,-0.017185084,-0.007392323,-0.007556646
-0.007659975,-0.007480965,-0.007380141,-0.027407935,-0.011825922,-0.01127151,-0.00563698,-0.005543324,-0.005534718,-0.02040439,-0.008416621,-0.008196433,-0.004649122,-0.004578568,-0.004601403,-0.017183071,-0.007064105,-0.006922168
-0.007463922,-0.007487652,-0.007373603,-0.027009532,-0.011981256,-0.011700812,-0.005568187,-0.005606603,-0.005578336,-0.020159661,-0.00850818,-0.0084164,-0.004577035,-0.004613312,-0.004595251,-0.01697415,-0.007088981,-0.007060666
-0.008497706,-0.008313498,-0.008152719,-0.031057345,-0.013340869,-0.012973945,-0.005876997,-0.005769768,-0.005675542,-0.021553156,-0.008773217,-0.008683786,-0.004772739,-0.004696732,-0.004648763,-0.01801228,-0.007194517,-0.007164982
-0.007024287,-0.007048092,-0.007014406,-0.028784374,-0.013321325,-0.012562252,-0.005135055,-0.005116011,-0.005085907,-0.021174544,-0.008738374,-0.008776815,-0.004293279,-0.004260631,-0.004235202,-0.017713684,-0.007223308,-0.007176286
-0.0070443,-0.006945597,-0.007088526,-0.028633555,-0.014440761,-0.013703055,-0.005328815,-0.005205537,-0.005218044,-0.020907341,-0.009433282,-0.009084915,-0.004450642,-0.004359998,-0.004350505,-0.017646098,-0.007510282,-0.00729849
-0.008224737,-0.008358073,-0.008378539,-0.026975218,-0.013340627,-0.012592884,-0.005794822,-0.005788984,-0.005732978,-0.020057604,-0.008982437,-0.008841506,-0.004649569,-0.004650894,-0.004624541,-0.017028745,-0.007463837,-0.007432346
-0.007696556,-0.007789331,-0.007885627,-0.027906518,-0.013342779,-0.013218512,-0.005452423,-0.005483199,-0.005448063,-0.020154825,-0.009004579,-0.009287631,-0.004561983,-0.004567029,-0.004557675,-0.017062868,-0.007390739,-0.007567011
-0.00752793,-0.00749188,-0.00734088,-0.026713393,-0.0135006,-0.012396988,-0.005440349,-0.005395709,-0.005331877,-0.019418988,-0.008919046,-0.008798091,-0.004454084,-0.00442042,-0.004371201,-0.01644557,-0.007284932,-0.007374962
-0.0080846,-0.00812226,-0.007985265,-0.026638563,-0.013191522,-0.012322047,-0.005484547,-0.005374036,-0.005365112,-0.01914405,-0.008911795,-0.008558546,-0.004456075,-0.004374135,-0.004352113,-0.016220144,-0.007343498,-0.007138028
-0.007506614,-0.007678275,-0.007609613,-0.028703083,-0.013253712,-0.01309717,-0.005526652,-0.005570498,-0.005564872,-0.020252891,-0.00938046,-0.009362537,-0.004521104,-0.004549065,-0.004560787,-0.01696573,-0.00765538,-0.007614253
-0.007587359,-0.007724514,-0.007781641,-0.027615562,-0.013226193,-0.012769974,-0.005289324,-0.005362817,-0.005408753,-0.01969615,-0.009102895,-0.008960369,-0.004333068,-0.004387807,-0.00442853,-0.016628485,-0.007464923,-0.007408829
-0.007349319,-0.007335807,-0.007437757,-0.026345787,-0.012285916,-0.012019815,-0.005440488,-0.005404273,-0.005424179,-0.019148661,-0.00856824,-0.008682075,-0.004539647,-0.004506495,-0.004508284,-0.016421946,-0.007201517,-0.007319116
-0.007122122,-0.00707156,-0.006955508,-0.023130674,-0.011725234,-0.011514121,-0.005124963,-0.00512726,-0.005106527,-0.018288454,-0.008536382,-0.008686098,-0.004299144,-0.004303107,-0.004283007,-0.015765174,-0.007023484,-0.007326754
-0.00840901,-0.008397156,-0.008339952,-0.024930014,-0.01308247,-0.012430297,-0.005845031,-0.005777305,-0.005756081,-0.018551165,-0.008608969,-0.008593425,-0.004665179,-0.004625067,-0.004587508,-0.015930214,-0.007033622,-0.007087386
-0.0082035,-0.008337814,-0.008216463,-0.025713733,-0.012941603,-0.011779009,-0.005440675,-0.005480208,-0.005391741,-0.019072036,-0.008376861,-0.008442997,-0.004451438,-0.004459561,-0.004385295,-0.015918721,-0.006896193,-0.007105143
-0.009027804,-0.008596183,-0.008514862,-0.0262406,-0.013455413,-0.011732997,-0.006121151,-0.005882387,-0.005796688,-0.019449725,-0.008817614,-0.008708691,-0.004839395,-0.004690711,-0.004663987,-0.016068895,-0.007215813,-0.007348815
-0.007606221,-0.007509313,-0.007664145,-0.026124597,-0.012737596,-0.012724978,-0.005407436,-0.005310715,-0.005313785,-0.019781113,-0.008695696,-0.009095067,-0.004539706,-0.004451486,-0.004410836,-0.016593733,-0.007179814,-0.007695741
-0.008091212,-0.008132931,-0.008030574,-0.029025519,-0.013003063,-0.012258587,-0.006115983,-0.006058408,-0.006036657,-0.02053978,-0.008796891,-0.008990088,-0.004944569,-0.004864925,-0.004852333,-0.017057622,-0.007322731,-0.007520513
-0.007356999,-0.007123934,-0.006879245,-0.030377958,-0.013998575,-0.012510166,-0.005434958,-0.005373971,-0.005284699,-0.020851978,-0.009564853,-0.009242337,-0.004490192,-0.004472282,-0.004419198,-0.01729911,-0.007589988,-0.007627689
-0.007946784,-0.007950987,-0.007777502,-0.025173494,-0.011183949,-0.01300382,-0.005478862,-0.00544958,-0.005383024,-0.019012028,-0.00824533,-0.009263966,-0.004388622,-0.004379267,-0.004366251,-0.016327799,-0.006830797,-0.007460191
-0.008931872,-0.008459067,-0.008074702,-0.028369422,-0.010091577,-0.010021467,-0.005702882,-0.005433953,-0.005218904,-0.0199911,-0.00763589,-0.007581659,-0.004730227,-0.00451755,-0.004356208,-0.01687599,-0.006478908,-0.006541834
-0.007850932,-0.0075831,-0.007558528,-0.025952894,-0.012837952,-0.012148939,-0.005729856,-0.005535396,-0.005545903,-0.020006669,-0.008398737,-0.008236612,-0.004551072,-0.004405047,-0.004423103,-0.017237586,-0.006914088,-0.006911936
-0.008215389,-0.007956663,-0.008097474,-0.026498118,-0.011191528,-0.010604377,-0.005622379,-0.005478924,-0.005550652,-0.019766557,-0.007865246,-0.008028595,-0.004558723,-0.004447461,-0.004498873,-0.016483078,-0.0066678,-0.006784769
-0.007740725,-0.007653288,-0.007827281,-0.027445024,-0.01276654,-0.011724447,-0.005323804,-0.005269292,-0.005336583,-0.020421127,-0.008131213,-0.008343269,-0.004325848,-0.004290265,-0.004363216,-0.017154758,-0.006655679,-0.006975034
-0.007948408,-0.00753287,-0.007219425,-0.024900156,-0.011942748,-0.01096704,-0.00566546,-0.005527099,-0.005403315,-0.018926698,-0.007872301,-0.007832882,-0.00459798,-0.004505864,-0.004416268,-0.016010346,-0.006528663,-0.006530575
-0.011143443,-0.010972413,-0.010779951,-0.027785264,-0.014185719,-0.013638763,-0.007236535,-0.007182488,-0.007093319,-0.020181172,-0.009304558,-0.009531187,-0.00576378,-0.005726031,-0.005649986,-0.017070275,-0.007706022,-0.007823468
-0.008214045,-0.008150611,-0.008113742,-0.025008476,-0.013196232,-0.01280297,-0.006569374,-0.006530148,-0.006494793,-0.01917744,-0.009472136,-0.009444534,-0.005468076,-0.005412558,-0.005380549,-0.016223937,-0.007980062,-0.007952908
-0.00989136,-0.00979983,-0.009497532,-0.028674239,-0.012016629,-0.012001937,-0.007162764,-0.007116906,-0.006929681,-0.019726642,-0.009164888,-0.009147886,-0.005829423,-0.005795624,-0.005679768,-0.016388216,-0.007589688,-0.007600035
-0.009884864,-0.009537931,-0.009050056,-0.028803972,-0.01389287,-0.013728618,-0.006797268,-0.006725093,-0.006557706,-0.019816419,-0.009437328,-0.009480819,-0.005613894,-0.005574627,-0.00546951,-0.016541374,-0.00783256,-0.007867724
-0.008354425,-0.008063332,-0.007785613,-0.025538605,-0.012715927,-0.012656628,-0.006484247,-0.006343716,-0.006191055,-0.019295079,-0.009579531,-0.009436426,-0.005425709,-0.005363177,-0.005278003,-0.016111579,-0.00801548,-0.00794327
-0.010709048,-0.010855938,-0.010857434,-0.024730767,-0.0133445,-0.013558074,-0.007520167,-0.007589605,-0.007633224,-0.018811925,-0.009608917,-0.009561918,-0.005930271,-0.006005991,-0.006088384,-0.015735273,-0.007915496,-0.007886911
-0.008663026,-0.008620077,-0.008558441,-0.030671734,-0.012660854,-0.012137153,-0.006693708,-0.006720804,-0.006598253,-0.020391887,-0.008901559,-0.00872616,-0.005554164,-0.005577508,-0.005460368,-0.016586335,-0.007347468,-0.007237491
-0.010420265,-0.010318845,-0.010134616,-0.026498214,-0.012083972,-0.01329319,-0.006945673,-0.006866414,-0.006708895,-0.019591105,-0.008466873,-0.009011925,-0.00555469,-0.005509327,-0.005441052,-0.016276388,-0.007018779,-0.007487531
-0.01121641,-0.010697675,-0.010134477,-0.026496788,-0.01074981,-0.010852449,-0.007885483,-0.007595904,-0.007337506,-0.019003752,-0.008081101,-0.008196029,-0.006240186,-0.006037516,-0.005898392,-0.015791552,-0.006868507,-0.00684301
-0.009721468,-0.009542455,-0.009551821,-0.026566934,-0.011823543,-0.013048373,-0.006522458,-0.00641749,-0.006373657,-0.019762816,-0.008358103,-0.009121991,-0.005410434,-0.005320684,-0.005268863,-0.0164327,-0.00704993,-0.007502874
-0.00974436,-0.009653983,-0.009619226,-0.02629842,-0.012153655,-0.01233488,-0.006998012,-0.006958866,-0.006930659,-0.019778616,-0.009112204,-0.009215451,-0.005906382,-0.005875799,-0.005836246,-0.016677831,-0.007534706,-0.007663779
-0.010054872,-0.010135495,-0.010289125,-0.026077417,-0.01262576,-0.013079816,-0.007448067,-0.007372138,-0.007398623,-0.019624166,-0.009416955,-0.009683542,-0.006162701,-0.006158309,-0.006180668,-0.016687966,-0.007853152,-0.008069613
-0.010422786,-0.010461465,-0.010377409,-0.028436214,-0.01313049,-0.014374854,-0.008177983,-0.008149088,-0.008088505,-0.019959035,-0.009671761,-0.010444963,-0.006758841,-0.006713611,-0.006681295,-0.01654271,-0.008018621,-0.008686305
-0.010026425,-0.010050768,-0.010229975,-0.027169785,-0.013505462,-0.013558521,-0.007357289,-0.007405904,-0.007516943,-0.01938206,-0.009450435,-0.009693104,-0.006134872,-0.006193424,-0.006284367,-0.016364458,-0.007907356,-0.008106052
-0.009600817,-0.009644218,-0.00968805,-0.028386489,-0.012429332,-0.012976491,-0.006932568,-0.006924175,-0.00697426,-0.019443003,-0.009079342,-0.009432133,-0.005734998,-0.005729232,-0.005750058,-0.015995067,-0.007550562,-0.0078896
-0.01095571,-0.010817255,-0.010528316,-0.025316906,-0.01229899,-0.012982771,-0.007482206,-0.007471821,-0.007402953,-0.018582018,-0.009130376,-0.009487083,-0.006045666,-0.00602611,-0.005966706,-0.015682298,-0.007645225,-0.007877656
-0.009998793,-0.009835916,-0.009774199,-0.024219457,-0.011730586,-0.012071013,-0.007057659,-0.006969645,-0.006934764,-0.018100621,-0.008624844,-0.008924387,-0.005802578,-0.005761772,-0.005749694,-0.015282834,-0.007298448,-0.007612251
-0.009202414,-0.009301989,-0.009218933,-0.027042983,-0.01382562,-0.014250841,-0.006703531,-0.006694445,-0.006576801,-0.018920133,-0.008943912,-0.009206677,-0.005528266,-0.005490408,-0.005350296,-0.015679364,-0.007219234,-0.007492318
-0.010493596,-0.010294806,-0.010075224,-0.02463825,-0.012575624,-0.012632147,-0.007438105,-0.00734761,-0.007213492,-0.018095858,-0.008788015,-0.008896772,-0.005945927,-0.005858344,-0.00576583,-0.01534507,-0.007246276,-0.007346906
-0.010428093,-0.010278185,-0.009989402,-0.023403341,-0.012108148,-0.012409176,-0.007113429,-0.00706514,-0.00686732,-0.01745674,-0.008048677,-0.008557334,-0.00575142,-0.005704493,-0.005586485,-0.014896472,-0.006677009,-0.007205105
-0.010074137,-0.009918089,-0.009765002,-0.027461919,-0.011436422,-0.011494192,-0.006539627,-0.006442388,-0.006385824,-0.019057603,-0.008036943,-0.008503187,-0.005284044,-0.005202907,-0.005150462,-0.01584248,-0.006681703,-0.007014689
-0.008935914,-0.008701198,-0.008624678,-0.024241507,-0.011378072,-0.012120964,-0.006547907,-0.006464375,-0.006378911,-0.017965259,-0.007837048,-0.00817122,-0.005302768,-0.005196421,-0.005116673,-0.015091538,-0.006414323,-0.006779031
-0.008725298,-0.008795304,-0.008577314,-0.025472522,-0.010734473,-0.011047407,-0.00630057,-0.006315713,-0.006196814,-0.018318305,-0.007751623,-0.007954424,-0.00508217,-0.005129547,-0.005026329,-0.01534208,-0.006316283,-0.006659132
-0.010775747,-0.010663367,-0.010398873,-0.024013289,-0.01089455,-0.010918582,-0.006943237,-0.006838798,-0.006665266,-0.017858084,-0.008039344,-0.008159531,-0.005569914,-0.005472308,-0.005338952,-0.014946576,-0.006717822,-0.006856158
-0.010093468,-0.010080114,-0.009933851,-0.026070509,-0.012777013,-0.012774247,-0.006591085,-0.006589336,-0.006485011,-0.018887045,-0.008821431,-0.008860705,-0.005277165,-0.005282629,-0.005226401,-0.015777211,-0.007330571,-0.007363752
-0.008522825,-0.008477024,-0.008519264,-0.026851602,-0.012101744,-0.012160674,-0.006558583,-0.006496209,-0.006483211,-0.019303785,-0.009164062,-0.009197739,-0.005435788,-0.005408479,-0.00541585,-0.016427849,-0.007675999,-0.007689288
-0.010740003,-0.010570684,-0.010374288,-0.027642245,-0.014886466,-0.014608677,-0.007531038,-0.007353299,-0.007216823,-0.019435461,-0.009765299,-0.009666549,-0.006113894,-0.005988756,-0.005899063,-0.016187729,-0.007986482,-0.0078943
-0.008062345,-0.00791922,-0.007942595,-0.030225207,-0.013786241,-0.013943964,-0.005901852,-0.005911006,-0.005966494,-0.020241738,-0.00993592,-0.009995065,-0.004939819,-0.00493974,-0.004938417,-0.016779749,-0.008166753,-0.008199638
-0.012215704,-0.011999702,-0.011091263,-0.026121883,-0.014794562,-0.014669233,-0.007848474,-0.007661682,-0.00718436,-0.018908272,-0.009535493,-0.00936461,-0.006384233,-0.0062436,-0.005913437,-0.015634312,-0.007898487,-0.007767514
-0.011273011,-0.011107622,-0.010827354,-0.025681381,-0.013611069,-0.013283745,-0.007758016,-0.00762884,-0.007483625,-0.018132289,-0.009759004,-0.009235367,-0.006288519,-0.00617459,-0.006023301,-0.015116392,-0.007892664,-0.007643458
-0.009631739,-0.009613741,-0.009473975,-0.028427245,-0.012366711,-0.012492981,-0.007111603,-0.007086657,-0.007073533,-0.019407231,-0.009188191,-0.00936536,-0.005784976,-0.005747098,-0.005711074,-0.015943837,-0.007702658,-0.00781076
-0.008972361,-0.008925288,-0.008872865,-0.026808162,-0.011928898,-0.012404718,-0.006652216,-0.006631319,-0.006576279,-0.019235827,-0.008830237,-0.008980028,-0.00564515,-0.005619425,-0.005569517,-0.015847522,-0.007591572,-0.007689167
-0.010009038,-0.010000791,-0.009904878,-0.026931845,-0.011954935,-0.012094713,-0.006704115,-0.006688965,-0.00664786,-0.019148348,-0.008836072,-0.008897337,-0.005347851,-0.005334304,-0.005324511,-0.015920665,-0.00753697,-0.007572937
-0.009463904,-0.009367102,-0.009094862,-0.028129584,-0.011301279,-0.011924469,-0.006490095,-0.006444263,-0.006443028,-0.01967501,-0.008806154,-0.009066062,-0.00533042,-0.005292398,-0.005265251,-0.016268258,-0.007410277,-0.0076131
-0.008323081,-0.008196101,-0.008145633,-0.024699458,-0.011208847,-0.011283497,-0.005801559,-0.005748164,-0.005716021,-0.018531766,-0.008230158,-0.00825568,-0.004848359,-0.004827466,-0.004786295,-0.015602017,-0.006895046,-0.006926197
-0.011038462,-0.010816993,-0.010384812,-0.028532127,-0.011899485,-0.011999149,-0.006899966,-0.00681309,-0.006678396,-0.019520485,-0.008390297,-0.008453686,-0.005547885,-0.005496946,-0.005417001,-0.016130338,-0.007108952,-0.007149308
-0.012555163,-0.012213214,-0.012158575,-0.023981759,-0.012420232,-0.012290148,-0.007841488,-0.007665921,-0.00759398,-0.018370238,-0.008707724,-0.00868883,-0.006278227,-0.006170116,-0.006102332,-0.015467364,-0.007419604,-0.007357231
-0.009032454,-0.008925626,-0.008525082,-0.02929721,-0.012619575,-0.012989366,-0.006740854,-0.006688276,-0.00651083,-0.020272102,-0.008825642,-0.009232437,-0.00557604,-0.00554395,-0.005398374,-0.016769265,-0.007355334,-0.007733356
-0.008537932,-0.008488634,-0.008291684,-0.027105042,-0.012450059,-0.012724882,-0.006024846,-0.00603619,-0.005961878,-0.019546664,-0.00888952,-0.009072677,-0.005024481,-0.005038449,-0.00498532,-0.016334559,-0.007424702,-0.007536465
-0.009075161,-0.00908919,-0.008746495,-0.025894093,-0.013223919,-0.013118014,-0.006655256,-0.006686824,-0.006565036,-0.01931775,-0.009431096,-0.009352384,-0.0054686,-0.005451168,-0.005324028,-0.016435479,-0.007793961,-0.00773923
-0.011538021,-0.011532761,-0.01160043,-0.026529564,-0.01199427,-0.012350004,-0.007567311,-0.007487955,-0.007518822,-0.019336322,-0.009037505,-0.009190998,-0.005962567,-0.005912718,-0.005932425,-0.016333913,-0.007514547,-0.007633515
-0.008335897,-0.008073516,-0.00785633,-0.027214054,-0.011708845,-0.012482897,-0.005777163,-0.005726627,-0.005680692,-0.019512545,-0.008663458,-0.008962887,-0.004844228,-0.004834814,-0.004795511,-0.016456263,-0.007365914,-0.007521542
-0.008607288,-0.008537311,-0.008502067,-0.026895126,-0.01210366,-0.011558271,-0.006219071,-0.006207433,-0.006252804,-0.019511579,-0.0088542,-0.008625402,-0.005097712,-0.005102822,-0.005146477,-0.016437515,-0.007542132,-0.007417086
-0.008914314,-0.008876102,-0.009061361,-0.028817859,-0.01331568,-0.013313612,-0.006431268,-0.006378906,-0.00643481,-0.020069918,-0.009155321,-0.009154269,-0.005251228,-0.005206746,-0.005233887,-0.016820189,-0.007598813,-0.007597902
-0.007440466,-0.007448492,-0.007326158,-0.028565963,-0.012140634,-0.012320966,-0.005705784,-0.005695685,-0.005724022,-0.020547097,-0.008484875,-0.008584098,-0.004823314,-0.004823171,-0.004835467,-0.017279663,-0.007180061,-0.007262366
-0.008714051,-0.008729995,-0.008902872,-0.030857607,-0.012643374,-0.012655634,-0.006280041,-0.006255052,-0.006245229,-0.021212684,-0.009180728,-0.009277957,-0.005185167,-0.005184495,-0.005197757,-0.017542815,-0.007633557,-0.007686192
-0.008541659,-0.008657109,-0.008726646,-0.028342437,-0.013869612,-0.01421699,-0.006375145,-0.006297742,-0.006341999,-0.020525216,-0.009393393,-0.009588688,-0.005370458,-0.005280502,-0.0053213,-0.017149535,-0.007713549,-0.007921191
-0.007998963,-0.007882493,-0.007808828,-0.029550797,-0.012631166,-0.012726185,-0.005824719,-0.005762388,-0.005712487,-0.020780465,-0.009119014,-0.009145207,-0.004809724,-0.004788526,-0.004745564,-0.017119449,-0.007412229,-0.007440604
-0.008974999,-0.008814549,-0.008902228,-0.027470077,-0.013281831,-0.013207171,-0.005955054,-0.005857609,-0.005887273,-0.020125314,-0.008883214,-0.008813129,-0.004901766,-0.004847767,-0.004848332,-0.016695835,-0.007445815,-0.007400753
-0.008300801,-0.008381521,-0.008585277,-0.02701853,-0.011986408,-0.011660797,-0.006174697,-0.006202346,-0.00631653,-0.019734928,-0.008406514,-0.008449576,-0.005012847,-0.005048403,-0.005125392,-0.016613136,-0.006876553,-0.007012555
-0.009415769,-0.009443288,-0.009387008,-0.027144032,-0.012155831,-0.012172661,-0.006460406,-0.006470196,-0.006421928,-0.020059171,-0.008627605,-0.008704438,-0.005307967,-0.00531085,-0.005279559,-0.017033533,-0.007071917,-0.007079039
-0.008537395,-0.008416895,-0.008310447,-0.030058037,-0.012520398,-0.012454335,-0.006049734,-0.005950539,-0.005965024,-0.021102334,-0.00874119,-0.008712742,-0.004989879,-0.004930201,-0.00494045,-0.017565925,-0.007272943,-0.007242274
-0.009788282,-0.009709358,-0.009565905,-0.034533916,-0.016551448,-0.01704224,-0.007114794,-0.007054662,-0.006985462,-0.024016845,-0.011156097,-0.011392764,-0.005762369,-0.005722765,-0.0057067,-0.02010353,-0.009214284,-0.009379566
-0.014512941,-0.014590965,-0.01473395,-0.056741218,-0.0204795,-0.026571798,-0.0102329,-0.010249953,-0.010209321,-0.038694238,-0.01345426,-0.017742387,-0.008399679,-0.00842815,-0.008402028,-0.032330233,-0.010929024,-0.014818339
-0.015076349,-0.015087954,-0.014888175,-0.059771647,-0.020318645,-0.021492002,-0.010297559,-0.010309522,-0.010280587,-0.040895244,-0.013990827,-0.015530093,-0.008325525,-0.008342651,-0.008347353,-0.033641215,-0.011317703,-0.012963003
-0.013211788,-0.013278639,-0.013314099,-0.053730271,-0.019615701,-0.020453966,-0.010025294,-0.01004913,-0.010175304,-0.037901624,-0.013175627,-0.014847086,-0.008344473,-0.008385029,-0.008462792,-0.031419479,-0.010840323,-0.012332861
-0.01363933,-0.013820913,-0.013847807,-0.051520848,-0.017957227,-0.018608518,-0.009310001,-0.009364136,-0.009299454,-0.037374407,-0.012073735,-0.012647572,-0.007691266,-0.00771021,-0.007709159,-0.031386891,-0.0101493,-0.010507377
-0.01491343,-0.014944114,-0.01476221,-0.051688281,-0.0206234,-0.021416329,-0.010361393,-0.010382513,-0.010408299,-0.036569869,-0.0139259,-0.014956754,-0.008394473,-0.008396175,-0.008368399,-0.030758293,-0.011776482,-0.012409985
-0.014931959,-0.015124272,-0.015239756,-0.052858943,-0.02219068,-0.022725899,-0.010971008,-0.011074662,-0.011105501,-0.035931153,-0.015662292,-0.016977388,-0.008988782,-0.009066855,-0.009098345,-0.029873839,-0.012577935,-0.01383486
-0.014333619,-0.014586681,-0.014627494,-0.052104162,-0.020161114,-0.021418422,-0.01011483,-0.010101018,-0.010067745,-0.034110925,-0.014133713,-0.016199268,-0.008242405,-0.008271357,-0.008295804,-0.027908648,-0.011725402,-0.01381452
-0.013049588,-0.013028927,-0.012838724,-0.043723942,-0.019060981,-0.026705087,-0.00990465,-0.009805533,-0.009687419,-0.032225135,-0.013526924,-0.020007525,-0.008126249,-0.008008901,-0.007922624,-0.027143197,-0.011361349,-0.016823311
-0.012429752,-0.012538656,-0.012419447,-0.041174776,-0.018145597,-0.023247847,-0.009853842,-0.009769167,-0.009620308,-0.03086815,-0.013028747,-0.017366752,-0.008010677,-0.007953366,-0.007886052,-0.025852568,-0.010932237,-0.01469204
-0.015795057,-0.015988904,-0.016049706,-0.045238876,-0.022375583,-0.026074977,-0.009640473,-0.009660322,-0.009683611,-0.032442441,-0.013749884,-0.01652329,-0.007629453,-0.007675486,-0.007718474,-0.026921323,-0.010840792,-0.013566882
-0.012648564,-0.012605725,-0.012572562,-0.043806438,-0.01736751,-0.02672553,-0.009215041,-0.009246331,-0.009112025,-0.030601379,-0.011926249,-0.01851323,-0.007432805,-0.007443606,-0.007347315,-0.025356892,-0.009916082,-0.015292339
-0.011027713,-0.011015542,-0.010890295,-0.040114615,-0.016763343,-0.023395531,-0.008856048,-0.008806557,-0.008709109,-0.029036482,-0.012184082,-0.017175031,-0.00740376,-0.007373816,-0.007305662,-0.024316628,-0.010142861,-0.014414057
-0.011752669,-0.011665792,-0.011712102,-0.03807808,-0.016624184,-0.021953092,-0.008722478,-0.008649234,-0.008698509,-0.028203035,-0.011791462,-0.016490843,-0.007162275,-0.007150547,-0.007182556,-0.023667756,-0.009718779,-0.013901897
-0.014306347,-0.014192466,-0.014117924,-0.041944765,-0.019991307,-0.020970553,-0.008943021,-0.008933192,-0.008957175,-0.029645997,-0.012049093,-0.012947784,-0.007095437,-0.007100378,-0.00714326,-0.024309312,-0.009588075,-0.010275764
-0.012983444,-0.013131458,-0.013712951,-0.04156722,-0.017874846,-0.020175129,-0.008966711,-0.008964001,-0.009072612,-0.02907146,-0.011694585,-0.014331788,-0.006996082,-0.006981673,-0.007065414,-0.023626097,-0.009540199,-0.011677904
-0.013578972,-0.013397896,-0.013407544,-0.038590422,-0.017791213,-0.017994086,-0.008965107,-0.008906526,-0.008980216,-0.02867187,-0.012067117,-0.012200072,-0.007113707,-0.007110997,-0.007127317,-0.023431305,-0.009784016,-0.009894307
-0.014152451,-0.013896794,-0.013734428,-0.044077052,-0.018631315,-0.018965814,-0.009596314,-0.009448678,-0.009306087,-0.029474692,-0.012477601,-0.013101874,-0.007641324,-0.007530503,-0.007459828,-0.023966862,-0.010098691,-0.010640067
-0.012805158,-0.012511818,-0.012544809,-0.044051425,-0.018077131,-0.018101243,-0.008707705,-0.008552342,-0.0086157,-0.030328348,-0.012017484,-0.012040624,-0.007168549,-0.00707975,-0.007126928,-0.024823445,-0.009948777,-0.009963566
-0.014275225,-0.014344371,-0.014299754,-0.042086188,-0.01806094,-0.018163908,-0.009296157,-0.009274032,-0.009259931,-0.02905562,-0.011980638,-0.011942803,-0.007465824,-0.00746878,-0.00749395,-0.023971854,-0.010064761,-0.010013104
-0.01397266,-0.013868159,-0.014047308,-0.043626163,-0.019513418,-0.019512213,-0.009557247,-0.009490894,-0.009446081,-0.031218087,-0.012919136,-0.012898701,-0.007603835,-0.007524578,-0.007497128,-0.026017741,-0.010812902,-0.010802354
-0.01257471,-0.012572083,-0.012568714,-0.046820651,-0.017871309,-0.018589873,-0.009145221,-0.009218517,-0.009205595,-0.033105333,-0.013721395,-0.015087905,-0.007401892,-0.007431768,-0.007417971,-0.027530653,-0.0112334,-0.01283367
-0.014882189,-0.014853744,-0.015096121,-0.043502112,-0.020897914,-0.020861,-0.009944738,-0.009929786,-0.009961675,-0.032859785,-0.01400875,-0.013977067,-0.008027866,-0.008002817,-0.008034661,-0.026838695,-0.011629982,-0.011608552
-0.013431455,-0.013471198,-0.013449167,-0.0429517,-0.023694627,-0.023816788,-0.009090507,-0.009058528,-0.008994526,-0.03268483,-0.014191226,-0.014216487,-0.00741624,-0.007399534,-0.007319942,-0.026658748,-0.011264351,-0.011250473
-0.012272576,-0.012145926,-0.011713707,-0.039699108,-0.016688373,-0.016774159,-0.008879116,-0.008809215,-0.008690379,-0.029585527,-0.012641938,-0.012892576,-0.007498603,-0.007483035,-0.007400892,-0.024948871,-0.010416417,-0.010757199
-0.011714515,-0.011700767,-0.011536525,-0.039261018,-0.016881007,-0.016482376,-0.008734437,-0.008756778,-0.008809521,-0.028938727,-0.01263065,-0.012683612,-0.007280317,-0.007288865,-0.00727747,-0.02435373,-0.010589976,-0.01076431
-0.010187332,-0.010479893,-0.010816544,-0.041292343,-0.016222549,-0.016343641,-0.008019429,-0.008135713,-0.00826144,-0.030558233,-0.012351878,-0.012564087,-0.006815628,-0.006866352,-0.006863812,-0.026106261,-0.010324534,-0.010611268
-0.010538918,-0.010280578,-0.010238694,-0.041716085,-0.017674009,-0.018109075,-0.007935555,-0.007894093,-0.007882549,-0.030497675,-0.012176316,-0.012275508,-0.006610475,-0.006575543,-0.006555327,-0.025654413,-0.010108114,-0.010522759
-0.010562342,-0.010421209,-0.010325788,-0.038401841,-0.015887636,-0.017271259,-0.007743704,-0.007667107,-0.007686562,-0.029549617,-0.011493745,-0.012534275,-0.006452652,-0.006420341,-0.006414517,-0.025511529,-0.009592397,-0.010590706
-0.012023306,-0.011740468,-0.011656614,-0.043113431,-0.018661884,-0.018776596,-0.008487402,-0.008354576,-0.008288736,-0.030978092,-0.012403225,-0.013288319,-0.006985588,-0.006898977,-0.006889031,-0.025673105,-0.010064594,-0.011033298
-0.013045163,-0.012943147,-0.012921457,-0.036286393,-0.018363273,-0.018288859,-0.009430615,-0.009372495,-0.009351445,-0.028106061,-0.013413855,-0.013386483,-0.007574492,-0.007535813,-0.007578255,-0.023857115,-0.011295968,-0.011276654
-0.011709745,-0.011616728,-0.011627913,-0.045085368,-0.018961088,-0.020377476,-0.008344659,-0.008252027,-0.008202854,-0.033619127,-0.013743687,-0.014692955,-0.00682225,-0.006772744,-0.006706524,-0.027648906,-0.01100595,-0.011851332
-0.01020705,-0.010308254,-0.010380543,-0.040816954,-0.016375573,-0.016326307,-0.007560697,-0.007531171,-0.007494358,-0.030644311,-0.012681149,-0.012687161,-0.006401992,-0.006385575,-0.006364232,-0.026201334,-0.010368926,-0.010367029
-0.014006819,-0.013917842,-0.013646778,-0.044907585,-0.020799082,-0.021550369,-0.008641426,-0.008589994,-0.008555017,-0.032281438,-0.013049524,-0.013896072,-0.006817637,-0.006783345,-0.006754846,-0.026562483,-0.010743894,-0.011418141
-0.011329348,-0.011197103,-0.011138917,-0.041730659,-0.018433102,-0.018412823,-0.008279118,-0.00823924,-0.008261993,-0.031537195,-0.013284036,-0.013271427,-0.006764263,-0.006726502,-0.006723827,-0.025995908,-0.011183169,-0.011169024
-0.012199964,-0.01217444,-0.012155253,-0.045184386,-0.021540423,-0.021789952,-0.008744942,-0.008731052,-0.008712025,-0.032463284,-0.013676318,-0.014506586,-0.0070954,-0.007077258,-0.007073535,-0.026823481,-0.01110768,-0.011682783
-0.012039501,-0.012009834,-0.012091264,-0.048659348,-0.017982126,-0.018485716,-0.008431509,-0.008413466,-0.008331965,-0.03405862,-0.013140465,-0.013460324,-0.0069541,-0.006925384,-0.006854006,-0.028343916,-0.010746921,-0.011144591
-0.012041514,-0.012011403,-0.011965891,-0.039818955,-0.019299661,-0.019400345,-0.008276159,-0.008322412,-0.008343761,-0.031192696,-0.013559901,-0.013924297,-0.006797426,-0.006835126,-0.006854084,-0.026166049,-0.011261857,-0.01120502
-0.012035969,-0.011872141,-0.011949073,-0.043997421,-0.02018879,-0.019776161,-0.008567052,-0.008525915,-0.00847918,-0.032309236,-0.013510322,-0.013480535,-0.006971372,-0.006997822,-0.006964184,-0.027410239,-0.011167606,-0.011121787
-0.013078552,-0.013073318,-0.012905845,-0.041172019,-0.020849649,-0.019979226,-0.009024295,-0.009004764,-0.008922042,-0.030495029,-0.01358852,-0.013510678,-0.007286014,-0.007276781,-0.007238318,-0.025681795,-0.011341143,-0.011283157
-0.011449792,-0.01139919,-0.01121591,-0.03986772,-0.020642929,-0.020528416,-0.008092305,-0.008044594,-0.007988621,-0.030074221,-0.013251585,-0.013259332,-0.006484057,-0.006479241,-0.006448613,-0.025464397,-0.010585306,-0.010572072
-0.01360175,-0.013515973,-0.013248416,-0.042515783,-0.020354407,-0.019797449,-0.008428373,-0.008418705,-0.008393978,-0.030318076,-0.012865292,-0.012759068,-0.006690492,-0.00669706,-0.006712314,-0.025445396,-0.010443175,-0.010408762
-0.010414253,-0.010551957,-0.010643514,-0.041606977,-0.019016337,-0.018451901,-0.008105529,-0.008191843,-0.008166143,-0.030413558,-0.012677174,-0.012633513,-0.006744755,-0.006771323,-0.006748963,-0.025241646,-0.010530706,-0.010498787
-0.011579656,-0.011539998,-0.011528845,-0.038175319,-0.018798522,-0.018440014,-0.008243332,-0.0082195,-0.00832978,-0.028852019,-0.012677518,-0.012495063,-0.006707205,-0.006712081,-0.006736653,-0.024066813,-0.010423311,-0.01036924
-0.01141922,-0.01149187,-0.011405915,-0.034615772,-0.017622055,-0.016879247,-0.007860598,-0.007908413,-0.007907859,-0.027593474,-0.011932205,-0.011795012,-0.006470773,-0.006481957,-0.006494144,-0.023565925,-0.009869583,-0.009663235
-0.009850302,-0.009871174,-0.009768415,-0.041058536,-0.018435251,-0.016952575,-0.007543364,-0.007509279,-0.007445568,-0.027796833,-0.011814473,-0.011861674,-0.006239673,-0.006232035,-0.006204383,-0.023169537,-0.00970005,-0.0097937
-0.009998025,-0.009970991,-0.009999156,-0.041161983,-0.018781625,-0.019352002,-0.007410021,-0.007432606,-0.007445189,-0.028011981,-0.012518486,-0.013108998,-0.006118099,-0.006149622,-0.006159011,-0.023244169,-0.010094773,-0.010421602
-0.010817294,-0.010758525,-0.010813635,-0.044456566,-0.017195713,-0.016797956,-0.007409002,-0.007378042,-0.007418364,-0.029035112,-0.012160011,-0.012370275,-0.006057252,-0.00606977,-0.006069278,-0.023434529,-0.009764716,-0.009951098
-0.009600723,-0.009578372,-0.009617487,-0.038818466,-0.016171418,-0.017141429,-0.006737854,-0.006765496,-0.006747798,-0.027475983,-0.011327032,-0.011781395,-0.005652223,-0.005655682,-0.005634651,-0.022773716,-0.009028139,-0.009423161
-0.010019003,-0.010011598,-0.010049892,-0.040198135,-0.015884752,-0.016006845,-0.007188009,-0.007087198,-0.007014081,-0.027854465,-0.011057091,-0.011189972,-0.005872264,-0.005819497,-0.005772843,-0.022734735,-0.008943119,-0.009072586
-0.009868658,-0.009877473,-0.009955301,-0.040339112,-0.016215681,-0.016126626,-0.006937561,-0.006948895,-0.006913562,-0.027813816,-0.010534656,-0.010675562,-0.00571779,-0.00575575,-0.005746395,-0.022473621,-0.00845712,-0.008617509
-0.008884591,-0.008811549,-0.008779882,-0.036596295,-0.013779158,-0.013737069,-0.006521867,-0.006476183,-0.006513802,-0.026066981,-0.009812798,-0.009792529,-0.005319166,-0.005313421,-0.005321543,-0.022058079,-0.008112945,-0.008125773
-0.010632919,-0.010636414,-0.010648247,-0.038889152,-0.014562178,-0.014686901,-0.007421208,-0.007412562,-0.007442037,-0.027252811,-0.0102109,-0.010292064,-0.006079599,-0.006067996,-0.006085124,-0.02212219,-0.008393326,-0.008397825
-0.010916447,-0.010785158,-0.010540543,-0.041084757,-0.016277775,-0.016755467,-0.007795231,-0.007742254,-0.007634665,-0.026227331,-0.011368804,-0.011645845,-0.006238542,-0.00624206,-0.006209751,-0.021255429,-0.009298651,-0.009520804
-0.011551068,-0.011523648,-0.011561855,-0.030235958,-0.015932896,-0.015894221,-0.007473885,-0.007437537,-0.007397801,-0.023413073,-0.010613804,-0.01059105,-0.005956593,-0.005904038,-0.005864205,-0.01982764,-0.008624663,-0.008603456
-0.010693589,-0.010484032,-0.010317086,-0.031244598,-0.014541507,-0.014787122,-0.007117774,-0.007003681,-0.006844791,-0.023627657,-0.010016458,-0.010005238,-0.005706393,-0.005624661,-0.005552746,-0.019803248,-0.008176594,-0.008194077
-0.00923634,-0.009222005,-0.009028474,-0.032615903,-0.015926786,-0.01610346,-0.006743806,-0.006660396,-0.006552784,-0.023898165,-0.010394598,-0.010293908,-0.005392118,-0.005319927,-0.00526324,-0.019824812,-0.00845396,-0.008380946
-0.008867413,-0.008693408,-0.00887142,-0.030200213,-0.014927149,-0.014430792,-0.006660648,-0.006613352,-0.00650768,-0.022731567,-0.010418484,-0.010171729,-0.005535177,-0.005461073,-0.005429919,-0.019010796,-0.008348286,-0.008311443
-0.009400466,-0.009566388,-0.009703014,-0.030550529,-0.013570416,-0.013632926,-0.006950202,-0.006906812,-0.006878332,-0.023100913,-0.009474801,-0.009437641,-0.005659006,-0.005614203,-0.005568228,-0.019348945,-0.007765562,-0.007725417
-0.009284959,-0.009250659,-0.008996028,-0.03054525,-0.012903919,-0.013058683,-0.0069797,-0.006926485,-0.006853504,-0.022796237,-0.009584819,-0.009525598,-0.005800603,-0.005748983,-0.005685849,-0.018945953,-0.008096074,-0.008008083
-0.008622115,-0.00841689,-0.008322998,-0.031022697,-0.012398583,-0.012394688,-0.006406496,-0.006326168,-0.006285936,-0.02341607,-0.009161381,-0.009165964,-0.005250962,-0.005210619,-0.005179206,-0.019542968,-0.00772444,-0.007727657
-0.009293283,-0.009095941,-0.008688333,-0.034030195,-0.014213777,-0.014406982,-0.006704932,-0.006617127,-0.006432684,-0.024362427,-0.009722809,-0.010540471,-0.005448616,-0.005383248,-0.005272711,-0.020486683,-0.007901107,-0.008604586
-0.008298371,-0.00828525,-0.008305703,-0.031828827,-0.01373836,-0.014926893,-0.005904921,-0.00584768,-0.005829298,-0.024455078,-0.008911448,-0.010750929,-0.004863587,-0.004813633,-0.00481292,-0.020807135,-0.007395443,-0.008888208
-0.008695588,-0.008606732,-0.008426939,-0.035574736,-0.014116364,-0.014212135,-0.0060662,-0.006063971,-0.006010409,-0.026406118,-0.009571654,-0.010153454,-0.004877789,-0.004866761,-0.004841061,-0.02181395,-0.007847504,-0.008306578
-0.009367537,-0.009365181,-0.009165994,-0.034644117,-0.014045068,-0.01514133,-0.006304461,-0.006326341,-0.006231604,-0.025469578,-0.009316132,-0.010042689,-0.005067249,-0.005088192,-0.005019969,-0.021267916,-0.007603687,-0.008100194
-0.00963819,-0.009623284,-0.009504377,-0.033175213,-0.01395368,-0.015701388,-0.006427939,-0.006392557,-0.006305689,-0.025644536,-0.00890735,-0.011573358,-0.005081524,-0.005078496,-0.00507605,-0.021547892,-0.007339581,-0.009426149
-0.008509685,-0.008659462,-0.008736077,-0.034531451,-0.013510198,-0.013623967,-0.006031264,-0.006070509,-0.006084328,-0.023962079,-0.009206696,-0.009510553,-0.004910803,-0.004928119,-0.00493654,-0.020024817,-0.007401296,-0.007719671
-0.007949401,-0.007949235,-0.008048899,-0.031754604,-0.012883161,-0.014172245,-0.00568381,-0.005648868,-0.005684711,-0.024114744,-0.008378248,-0.009548084,-0.004696846,-0.004681883,-0.004716922,-0.020256511,-0.006918284,-0.007740688
-0.007173673,-0.007236526,-0.007254636,-0.033808061,-0.011264944,-0.012312458,-0.005374871,-0.005383245,-0.005377679,-0.02393484,-0.007967008,-0.009110209,-0.004573815,-0.004575923,-0.004571717,-0.020112282,-0.00661245,-0.007473315
-0.008500537,-0.008506157,-0.008353588,-0.033644133,-0.011699573,-0.01229741,-0.00559812,-0.005574909,-0.005479733,-0.023396154,-0.008549966,-0.008903113,-0.004510414,-0.00448421,-0.004443178,-0.01935555,-0.006995011,-0.007323834
-0.009172219,-0.00922958,-0.009307111,-0.028501232,-0.010940009,-0.01383137,-0.006126478,-0.006155833,-0.006214381,-0.022380475,-0.0081632,-0.010190803,-0.004863391,-0.00490304,-0.004937077,-0.019174708,-0.007030741,-0.008445831
-0.007378269,-0.0076009,-0.007513801,-0.031282355,-0.01020346,-0.013308549,-0.005444161,-0.005510279,-0.005493268,-0.022588353,-0.007621864,-0.009322856,-0.004513204,-0.004579771,-0.004562146,-0.018884882,-0.006477218,-0.007802313
-0.008173694,-0.008116088,-0.008106998,-0.030294622,-0.010044739,-0.015283834,-0.005711697,-0.00566526,-0.005646065,-0.022938794,-0.007607732,-0.010696126,-0.004605713,-0.004586588,-0.004569099,-0.019187009,-0.006308915,-0.008853201
-0.007443875,-0.007406751,-0.007323585,-0.02931006,-0.010364231,-0.010699165,-0.005413689,-0.005394598,-0.005350135,-0.022704966,-0.007379362,-0.007798603,-0.004433656,-0.004425307,-0.00440308,-0.018860261,-0.006197255,-0.006646921
-0.007845691,-0.007835578,-0.007797048,-0.031593206,-0.013420265,-0.013102124,-0.005428588,-0.005387952,-0.005278388,-0.022685481,-0.008456432,-0.008718031,-0.004416447,-0.004421678,-0.004343094,-0.018807953,-0.006738025,-0.006933193
-0.008540663,-0.00847126,-0.00854185,-0.033946977,-0.012101342,-0.011906197,-0.005793418,-0.005764431,-0.005777613,-0.023331629,-0.008197124,-0.008587285,-0.004637605,-0.004655166,-0.0046801,-0.019081577,-0.006498059,-0.007011854
-0.007150039,-0.00703773,-0.007064586,-0.032133245,-0.012726186,-0.013935533,-0.005341219,-0.005310423,-0.005312391,-0.023110404,-0.008425665,-0.009600593,-0.004474338,-0.00445148,-0.00445308,-0.019281146,-0.006952958,-0.007848992
-0.008065857,-0.007951863,-0.007810854,-0.030096411,-0.012595262,-0.013216892,-0.005963086,-0.005907488,-0.005877851,-0.022325991,-0.009119045,-0.00935642,-0.004862627,-0.004812242,-0.00477109,-0.018996748,-0.007501217,-0.007716399
-0.007827646,-0.007653597,-0.007480948,-0.030269114,-0.011252955,-0.011680095,-0.005596148,-0.005428926,-0.005339803,-0.022387852,-0.008299101,-0.008877074,-0.004642793,-0.004542174,-0.004483772,-0.018746528,-0.006937765,-0.007424988
-0.00749861,-0.007584073,-0.007509324,-0.033459487,-0.012595303,-0.013089617,-0.005370993,-0.005315304,-0.005281076,-0.023156455,-0.009088671,-0.009327942,-0.004425742,-0.004388612,-0.004404782,-0.018938673,-0.007459332,-0.007539728
-0.007786889,-0.007641016,-0.00755565,-0.032125077,-0.014527117,-0.014408873,-0.005428098,-0.005408531,-0.005367671,-0.02317335,-0.00952037,-0.009537558,-0.004441647,-0.004442635,-0.004428915,-0.0192033,-0.007615792,-0.007620255
-0.008086317,-0.008093034,-0.007801464,-0.03034944,-0.014226564,-0.014210513,-0.005711181,-0.005750067,-0.005680676,-0.022696215,-0.009286734,-0.009280041,-0.004684099,-0.004692484,-0.00465408,-0.018925498,-0.007497412,-0.007490249
-0.008644572,-0.008597671,-0.008721516,-0.033240568,-0.015054721,-0.014672717,-0.00603094,-0.005988592,-0.006016906,-0.024179066,-0.010057004,-0.010089665,-0.004837034,-0.004790301,-0.004801278,-0.020140296,-0.00823799,-0.008224804
-0.008582512,-0.008467906,-0.00814612,-0.033200846,-0.012046231,-0.012760892,-0.006046637,-0.006078578,-0.005941686,-0.023582624,-0.008846497,-0.009610794,-0.004863577,-0.004869424,-0.004755511,-0.019835419,-0.007564357,-0.008183329
-0.009239611,-0.009225547,-0.009173758,-0.029085577,-0.014048676,-0.014137459,-0.006419139,-0.00643032,-0.006410962,-0.022934356,-0.010113758,-0.010348407,-0.005220657,-0.005201937,-0.005201969,-0.019457219,-0.008345339,-0.008574496
-0.008737394,-0.008682369,-0.008657516,-0.034255475,-0.012829171,-0.01309127,-0.006445879,-0.00641845,-0.006409218,-0.023260533,-0.009301979,-0.009511404,-0.005294785,-0.005259798,-0.005242031,-0.019246569,-0.007777053,-0.007945018
-0.00932693,-0.009279319,-0.009280969,-0.035021357,-0.014152022,-0.014502452,-0.006100557,-0.006084114,-0.006088839,-0.023492718,-0.009895317,-0.009886542,-0.004980129,-0.004974513,-0.004981352,-0.01930437,-0.008044345,-0.007976564
-0.00851675,-0.008571546,-0.008610434,-0.034391525,-0.015536691,-0.015600742,-0.006411108,-0.006362063,-0.006326206,-0.024372164,-0.010467592,-0.010585677,-0.00523958,-0.005203853,-0.005165024,-0.020042975,-0.008377091,-0.008505113
-0.008994948,-0.008743684,-0.008641437,-0.036299931,-0.016842558,-0.016793845,-0.006565822,-0.00645762,-0.006331475,-0.025870742,-0.010818239,-0.010801977,-0.00540163,-0.005310928,-0.005247872,-0.021365637,-0.008456838,-0.008451873
-0.007709174,-0.007655487,-0.007658543,-0.037380289,-0.014940784,-0.015218023,-0.005949007,-0.005841321,-0.005812736,-0.026441629,-0.009675682,-0.009782768,-0.004863064,-0.004792775,-0.00474209,-0.021872103,-0.007972928,-0.008053651
-0.007163591,-0.007059425,-0.007101524,-0.034375362,-0.014806049,-0.014773636,-0.005580494,-0.005543674,-0.005502702,-0.025047122,-0.009435537,-0.00944091,-0.004592983,-0.004545179,-0.004510224,-0.020737828,-0.007679224,-0.007707854
-0.00779536,-0.007775945,-0.007770129,-0.034441817,-0.013511595,-0.01369127,-0.005972007,-0.005915725,-0.005851649,-0.024341984,-0.009299212,-0.009340489,-0.004898158,-0.004868962,-0.004808894,-0.02029204,-0.007670732,-0.007634303
-0.007815944,-0.007818523,-0.007850513,-0.035348805,-0.014960295,-0.015475104,-0.005848758,-0.005745295,-0.005732173,-0.025618461,-0.009719413,-0.009783511,-0.004802632,-0.004711608,-0.004719888,-0.021201652,-0.007937816,-0.007989301
-0.00761836,-0.007719836,-0.007938485,-0.036404244,-0.016489755,-0.016573382,-0.005807168,-0.005824983,-0.005881741,-0.025603951,-0.01033461,-0.01034639,-0.004818481,-0.004837467,-0.004875541,-0.021033556,-0.008363258,-0.008368828
-0.008737257,-0.00870338,-0.008569776,-0.03367796,-0.014361794,-0.014450935,-0.006031796,-0.005984512,-0.005904856,-0.023771846,-0.009934388,-0.009934618,-0.00484411,-0.004820928,-0.004773833,-0.019900134,-0.008096025,-0.008076807
-0.008752268,-0.008743837,-0.008964553,-0.032490941,-0.013316524,-0.013314657,-0.00622166,-0.006195444,-0.00628375,-0.023808599,-0.009762985,-0.009762065,-0.004914105,-0.00490268,-0.004994338,-0.019614758,-0.007832368,-0.007831875
-0.010525212,-0.010500687,-0.010313733,-0.036176665,-0.016707564,-0.016825742,-0.00709963,-0.00710212,-0.007110688,-0.024227387,-0.010532345,-0.010498755,-0.005650587,-0.005624248,-0.005614208,-0.020072936,-0.008351619,-0.008337803
-0.009135611,-0.009009142,-0.00893539,-0.033497585,-0.014736399,-0.014722148,-0.006507691,-0.006461141,-0.006446794,-0.023900086,-0.010008708,-0.010000551,-0.005251612,-0.005238049,-0.005214696,-0.019896331,-0.008232542,-0.00822728
-0.010259002,-0.010143408,-0.010103655,-0.035132966,-0.014905629,-0.015378355,-0.006991817,-0.006943683,-0.006921472,-0.024209722,-0.009872418,-0.0100967,-0.005671316,-0.005653655,-0.005635829,-0.019688385,-0.00807951,-0.008250845
-0.010073479,-0.010225676,-0.01019707,-0.032131205,-0.015238208,-0.016617061,-0.007013529,-0.007017809,-0.006937,-0.023889379,-0.01093151,-0.011364736,-0.005744829,-0.005759972,-0.005700173,-0.019916086,-0.008862968,-0.009304965
-0.010164525,-0.010291245,-0.010107744,-0.028428643,-0.014792311,-0.014816141,-0.00709458,-0.007092276,-0.006978705,-0.022916732,-0.010637112,-0.010685405,-0.005865675,-0.005876632,-0.005804836,-0.019610762,-0.008651641,-0.008708376
-0.010243033,-0.010107722,-0.009981872,-0.030403566,-0.011813,-0.012015436,-0.00676279,-0.006721179,-0.006664326,-0.021797485,-0.009110367,-0.009096738,-0.005478555,-0.005433079,-0.005385913,-0.018685628,-0.007743955,-0.007748336
-0.007517981,-0.007605551,-0.007645458,-0.030262137,-0.013171045,-0.013330835,-0.005857394,-0.005904327,-0.005950803,-0.022568487,-0.009712943,-0.009735533,-0.004812359,-0.004839895,-0.004896667,-0.019301199,-0.008180469,-0.008194872
-0.012238658,-0.011965275,-0.011935271,-0.037490763,-0.017563115,-0.017568614,-0.007945497,-0.007853728,-0.007883036,-0.026828346,-0.011712652,-0.011779025,-0.006351389,-0.006277332,-0.006299471,-0.022314126,-0.009506241,-0.009463633
-0.00993649,-0.009888386,-0.009963867,-0.03408221,-0.016049698,-0.016142198,-0.007058447,-0.006970371,-0.007049255,-0.025627298,-0.011919995,-0.012439836,-0.005730583,-0.005692659,-0.005736111,-0.02182063,-0.009820543,-0.010437358
-0.011906277,-0.011759015,-0.011455185,-0.045862276,-0.017751749,-0.0175998,-0.008288414,-0.008213786,-0.008092667,-0.033480301,-0.013039044,-0.012883728,-0.006764098,-0.00673367,-0.006667421,-0.027611457,-0.010812985,-0.010775201
-0.01317306,-0.013243351,-0.013217217,-0.041377647,-0.019875483,-0.019508257,-0.008713834,-0.008760234,-0.008728448,-0.030482158,-0.013354281,-0.01336679,-0.006907442,-0.006989978,-0.006971076,-0.025979277,-0.010986282,-0.011047096
-0.011620546,-0.011522258,-0.011335775,-0.040451391,-0.017924622,-0.017692621,-0.008316991,-0.008263156,-0.00822053,-0.030271976,-0.012856655,-0.012748353,-0.006819227,-0.006766213,-0.006746606,-0.025915401,-0.010766014,-0.010701373
-0.013230268,-0.013288909,-0.013279735,-0.043022463,-0.017177838,-0.01729662,-0.009506653,-0.009505429,-0.00945678,-0.032154497,-0.01338895,-0.013427371,-0.007734342,-0.007763059,-0.007754486,-0.026807625,-0.011348731,-0.011314441
-0.014247421,-0.014266992,-0.014189986,-0.040247631,-0.021323833,-0.020902528,-0.009677442,-0.009630994,-0.0096093,-0.031143965,-0.014358521,-0.014251406,-0.007813127,-0.007820982,-0.007806752,-0.026209084,-0.011701376,-0.011597054
-0.013172786,-0.013107945,-0.013322555,-0.048101488,-0.019880889,-0.020852482,-0.009115945,-0.009010752,-0.009106332,-0.034385081,-0.013938023,-0.014370037,-0.007339454,-0.007282844,-0.007385871,-0.028323919,-0.011404673,-0.011793697
-0.012594202,-0.012744345,-0.012738572,-0.043068005,-0.020630204,-0.020683665,-0.009444116,-0.00945085,-0.009455003,-0.031180462,-0.014714395,-0.014737165,-0.007931348,-0.007946549,-0.007947253,-0.026397646,-0.012059081,-0.012074244
-0.014700223,-0.014512858,-0.014355909,-0.043285354,-0.021129847,-0.022124081,-0.00995473,-0.00993595,-0.009823287,-0.03402881,-0.014815976,-0.016058597,-0.008164321,-0.008128926,-0.008067092,-0.028474249,-0.012151849,-0.013108346
-0.015682685,-0.015484754,-0.015161413,-0.045362888,-0.025842936,-0.025693292,-0.011187632,-0.010978598,-0.010771457,-0.033698919,-0.01777774,-0.017679852,-0.009196853,-0.009112504,-0.008909564,-0.029181143,-0.014995171,-0.014921813
-0.01842562,-0.018409763,-0.017813464,-0.04195961,-0.026284296,-0.024750195,-0.012001246,-0.012078198,-0.012043756,-0.033584675,-0.018037865,-0.017645588,-0.009814249,-0.009849518,-0.009792228,-0.028689278,-0.01506178,-0.01483101
-0.016609699,-0.016432974,-0.016242667,-0.048744048,-0.024982893,-0.02731898,-0.01163593,-0.011577195,-0.011558123,-0.037094895,-0.018431491,-0.019261913,-0.009624206,-0.00958358,-0.009533863,-0.030998103,-0.01531853,-0.015972765
-0.015963588,-0.015860469,-0.016013935,-0.045728611,-0.022452854,-0.022643272,-0.011280981,-0.011163693,-0.011165958,-0.035156246,-0.017210315,-0.017097657,-0.00926639,-0.009248379,-0.009223373,-0.029855408,-0.014464437,-0.014286124
-0.016452058,-0.016398096,-0.016217102,-0.04400129,-0.023717977,-0.024105601,-0.011287112,-0.011189249,-0.011144841,-0.034310952,-0.017565216,-0.017931654,-0.009177888,-0.009142505,-0.009150837,-0.028755714,-0.014465773,-0.014728701
-0.014498684,-0.014697359,-0.014567545,-0.040293059,-0.023628296,-0.022570446,-0.01127804,-0.011200214,-0.011124006,-0.031382843,-0.016613834,-0.016601989,-0.009232707,-0.009212849,-0.009159818,-0.026835138,-0.01402527,-0.014170072
-0.015021096,-0.014865226,-0.014762007,-0.042046754,-0.026581296,-0.025184684,-0.010854266,-0.010971283,-0.011023806,-0.032993431,-0.017962415,-0.017837506,-0.00907219,-0.009137472,-0.009140002,-0.028204082,-0.015028232,-0.014986377
-0.016833695,-0.016797257,-0.016802122,-0.043324965,-0.026473465,-0.025902398,-0.01180417,-0.011770641,-0.011810842,-0.032137236,-0.017432616,-0.017815387,-0.009224092,-0.0092548,-0.009301553,-0.027161833,-0.014683957,-0.014902197
-0.016229882,-0.016074729,-0.016056299,-0.040295514,-0.024369148,-0.02329081,-0.011328702,-0.011307492,-0.011205267,-0.030642268,-0.016653668,-0.017002753,-0.009203858,-0.009167527,-0.009112853,-0.026006346,-0.013823227,-0.01429202
-0.01389313,-0.013721976,-0.013752192,-0.038173011,-0.023371746,-0.023470738,-0.010072819,-0.010052778,-0.010065917,-0.030736424,-0.015885844,-0.016090214,-0.008215765,-0.008216938,-0.008230815,-0.026637324,-0.012938935,-0.013101756
-0.013383194,-0.013177485,-0.013283427,-0.037881586,-0.021787378,-0.021413868,-0.010035527,-0.009834211,-0.009713765,-0.029967646,-0.015281786,-0.015227128,-0.008309862,-0.008219598,-0.00812013,-0.025843467,-0.0125962,-0.012565981
-0.014106269,-0.014130883,-0.014125621,-0.040329905,-0.02256885,-0.022069293,-0.01003675,-0.010035786,-0.009990843,-0.02895356,-0.015374409,-0.015950075,-0.008080957,-0.008077894,-0.008068499,-0.02449073,-0.012767133,-0.013326109
-0.01418984,-0.014188928,-0.014251829,-0.042103256,-0.0229601,-0.0221041,-0.010120586,-0.010152063,-0.010135252,-0.029290309,-0.015394785,-0.01564135,-0.008161924,-0.008151695,-0.008107296,-0.02461733,-0.012722608,-0.01287217
-0.012468298,-0.012626055,-0.012404907,-0.036103002,-0.01982199,-0.019759308,-0.008800005,-0.008840115,-0.008777571,-0.029028953,-0.014694404,-0.014659763,-0.007197963,-0.007173919,-0.007157382,-0.024598126,-0.011910766,-0.011886233
-0.011413347,-0.011285512,-0.01115523,-0.041042869,-0.020484899,-0.019416042,-0.008479391,-0.008385808,-0.008363455,-0.028645081,-0.014086879,-0.014601207,-0.00704503,-0.007011176,-0.006996603,-0.024080741,-0.011810169,-0.012266129
-0.011928436,-0.011970221,-0.012036643,-0.036436441,-0.021970122,-0.020820703,-0.008502823,-0.008648867,-0.0086943,-0.02754954,-0.014704727,-0.015113406,-0.006881048,-0.006913988,-0.006971089,-0.023585393,-0.011953331,-0.012368685
-0.011987961,-0.01236636,-0.012411612,-0.035504696,-0.021268476,-0.020214459,-0.008255875,-0.008366706,-0.008392676,-0.027218302,-0.014184404,-0.014060276,-0.006944747,-0.006955203,-0.006923829,-0.023412366,-0.011477914,-0.01163167
-0.011605701,-0.011603291,-0.011885225,-0.035763636,-0.021287038,-0.021287607,-0.008183054,-0.008133096,-0.008135239,-0.027836621,-0.013576837,-0.013968299,-0.006697926,-0.006665657,-0.006676373,-0.0234831,-0.011025437,-0.011212251
-0.011746247,-0.01141017,-0.011333526,-0.037584603,-0.018724043,-0.018544331,-0.008275799,-0.008183661,-0.008152203,-0.02714496,-0.012729501,-0.013361433,-0.006807093,-0.006720309,-0.006662384,-0.023050003,-0.010617619,-0.011215534
-0.011306483,-0.011130932,-0.011141018,-0.034327248,-0.017411322,-0.015917141,-0.008330845,-0.008230504,-0.00826469,-0.027154337,-0.011741917,-0.011658692,-0.00688763,-0.006812452,-0.006839772,-0.022888545,-0.009673789,-0.009796554
-0.011967584,-0.011697107,-0.011536517,-0.033182765,-0.019553958,-0.019407353,-0.008118662,-0.008072349,-0.008054771,-0.026011084,-0.0131031,-0.013032412,-0.006568601,-0.006550586,-0.006533101,-0.022105303,-0.010692502,-0.010612693
-0.011526614,-0.011583661,-0.011536302,-0.033784191,-0.017195316,-0.017084437,-0.008061056,-0.008049673,-0.007973494,-0.025360328,-0.011987134,-0.012068259,-0.006616742,-0.006605985,-0.006562801,-0.021615197,-0.010129499,-0.010060019
-0.010444471,-0.010371713,-0.010391899,-0.036385262,-0.017289429,-0.017337485,-0.007419015,-0.007353061,-0.007284925,-0.026942543,-0.012015625,-0.012048583,-0.006128433,-0.006088318,-0.006063379,-0.022720049,-0.009870812,-0.009914005
-0.01093293,-0.01098132,-0.01095797,-0.035380697,-0.017020818,-0.017269189,-0.007758953,-0.007790379,-0.007740383,-0.026952322,-0.011275716,-0.011117305,-0.00625499,-0.006267696,-0.006203428,-0.02263662,-0.009295866,-0.00920198
-0.011683589,-0.011666161,-0.011369043,-0.034925456,-0.016234224,-0.016168788,-0.007786463,-0.007741811,-0.007667421,-0.026121956,-0.011699939,-0.011654141,-0.006348355,-0.006314548,-0.006242766,-0.02185126,-0.009700933,-0.009661278
-0.011068275,-0.011040453,-0.010985249,-0.036160272,-0.016450864,-0.016427627,-0.007984653,-0.007943142,-0.007915053,-0.027580476,-0.012769273,-0.012736553,-0.006378876,-0.006362409,-0.006375928,-0.022834229,-0.010794295,-0.010762274
-0.011177052,-0.011006873,-0.010960537,-0.034855328,-0.015589493,-0.015158641,-0.007934729,-0.007883028,-0.007801597,-0.026364833,-0.01111286,-0.011029186,-0.006336149,-0.006312618,-0.006245024,-0.022137172,-0.009518687,-0.009457945
-0.009574492,-0.009659225,-0.009740494,-0.032881292,-0.015684673,-0.01647513,-0.00660783,-0.006612217,-0.006634461,-0.025191642,-0.011714617,-0.01167053,-0.005427507,-0.00544106,-0.005517563,-0.021339577,-0.009804256,-0.009763587
-0.009941897,-0.009889841,-0.009997978,-0.033086389,-0.015468634,-0.015519316,-0.007026168,-0.006958409,-0.006991997,-0.026054645,-0.011413318,-0.011485754,-0.005639224,-0.005600214,-0.005646217,-0.021851119,-0.009644835,-0.009636332
-0.009844853,-0.009780971,-0.009656784,-0.041772666,-0.016049494,-0.016002656,-0.006975761,-0.006971646,-0.006922833,-0.028139993,-0.011215335,-0.011251184,-0.005777253,-0.005783417,-0.005743497,-0.022621612,-0.00938818,-0.009422245
-0.009368035,-0.009376975,-0.009452597,-0.032966323,-0.014797659,-0.014121009,-0.006845273,-0.006816489,-0.006731333,-0.025430215,-0.011046477,-0.010805017,-0.005619468,-0.005588917,-0.005588144,-0.021378099,-0.009295379,-0.009172988
-0.008937521,-0.008944648,-0.008791091,-0.034487665,-0.014890825,-0.014942162,-0.00670504,-0.006701087,-0.006692124,-0.025714125,-0.01103841,-0.011000143,-0.005479118,-0.005451417,-0.005471107,-0.021650505,-0.009194152,-0.009198475
-0.009162057,-0.00916452,-0.009069973,-0.040806013,-0.01523651,-0.015160453,-0.006837589,-0.006870046,-0.006763286,-0.027531747,-0.010974844,-0.011155634,-0.005616338,-0.005637487,-0.005529013,-0.022524281,-0.008947983,-0.00909194
-0.009847675,-0.009616551,-0.009395319,-0.033872198,-0.013314346,-0.019633352,-0.006525602,-0.006411212,-0.006347779,-0.026603047,-0.010470935,-0.014820647,-0.005339752,-0.005289414,-0.005244394,-0.022733157,-0.008876852,-0.012510098
-0.009586743,-0.009673067,-0.009360677,-0.034279314,-0.01411496,-0.017818234,-0.007234385,-0.007185173,-0.006972471,-0.02599494,-0.010522643,-0.013177196,-0.005975482,-0.005945936,-0.005798038,-0.022285987,-0.009085281,-0.011065829
-0.009592168,-0.009621456,-0.009702226,-0.033631057,-0.015275679,-0.018025271,-0.006247942,-0.006275811,-0.006303111,-0.025790765,-0.010922883,-0.012900769,-0.005117301,-0.005120618,-0.005147887,-0.021921906,-0.009166116,-0.010685369
-0.010317237,-0.010146655,-0.010081347,-0.03305685,-0.013352819,-0.01702433,-0.006799207,-0.006731365,-0.006705292,-0.024851549,-0.010024005,-0.011855195,-0.005634941,-0.005563059,-0.005534178,-0.021025007,-0.008501038,-0.009954339
-0.010634789,-0.010656549,-0.010493771,-0.034028627,-0.015099488,-0.016313557,-0.007021665,-0.007027911,-0.006980809,-0.025367309,-0.010396394,-0.011625776,-0.005576521,-0.005578498,-0.005540295,-0.021393048,-0.008654481,-0.009860656
-0.008721852,-0.00860636,-0.008597059,-0.034020115,-0.01460735,-0.014603793,-0.006405801,-0.006371028,-0.006356028,-0.02572573,-0.010845927,-0.010800742,-0.005290598,-0.005227001,-0.005275545,-0.021480624,-0.008978294,-0.008933939
-0.009367508,-0.009124745,-0.009063687,-0.036576745,-0.017005991,-0.021848691,-0.006736135,-0.006625861,-0.006663625,-0.026877833,-0.01100963,-0.015422731,-0.005437759,-0.005388214,-0.005411331,-0.022441257,-0.008991903,-0.012499156
-0.009718083,-0.009302591,-0.009355745,-0.035641168,-0.014923515,-0.016369497,-0.006465121,-0.006322517,-0.006352709,-0.026653524,-0.010533166,-0.011761015,-0.005311764,-0.005226834,-0.00522074,-0.022390268,-0.008760716,-0.009921996
-0.009591766,-0.009496967,-0.009355679,-0.038522109,-0.015617855,-0.01564527,-0.006981564,-0.006844199,-0.006717016,-0.02690729,-0.010311039,-0.011236662,-0.005787592,-0.005684838,-0.005604509,-0.02209765,-0.008661071,-0.009380207
-0.009857509,-0.009693391,-0.00973039,-0.038532568,-0.015669239,-0.016983271,-0.00698754,-0.006945088,-0.00692184,-0.026956268,-0.010751427,-0.012126518,-0.005803846,-0.005769219,-0.005750961,-0.021879693,-0.009035308,-0.009943511
-0.008830944,-0.008877202,-0.009004666,-0.038065056,-0.015885789,-0.0158392,-0.006158275,-0.006146955,-0.006193928,-0.026639825,-0.010854394,-0.011525333,-0.004978155,-0.004941588,-0.004946653,-0.021479676,-0.008864667,-0.009431105
-0.009277407,-0.009208716,-0.009181237,-0.036848633,-0.014798426,-0.015728573,-0.006135171,-0.006087081,-0.006110673,-0.025420081,-0.010248075,-0.011249971,-0.004962728,-0.004928383,-0.004922279,-0.02072039,-0.008478929,-0.009183787
-0.011145545,-0.011127229,-0.010938608,-0.035736683,-0.015233551,-0.016328992,-0.007361941,-0.007248191,-0.007146436,-0.024867675,-0.010512195,-0.011705578,-0.005816959,-0.005757025,-0.005647604,-0.020292474,-0.008694355,-0.009683978
-0.011284956,-0.011086291,-0.010818129,-0.03391776,-0.01405948,-0.016128092,-0.007799547,-0.007638572,-0.007412298,-0.024992867,-0.010694887,-0.011930004,-0.006394175,-0.00629229,-0.006138134,-0.021220469,-0.009098943,-0.00988319
-0.010405799,-0.010419994,-0.010399579,-0.037937499,-0.017070676,-0.016290959,-0.007237569,-0.007254102,-0.0072493,-0.025468513,-0.011102434,-0.011324349,-0.005790959,-0.005776968,-0.005747725,-0.020705301,-0.00904481,-0.009221837
-0.010328698,-0.01024416,-0.010264228,-0.037117064,-0.016100615,-0.015599515,-0.007304095,-0.007205856,-0.00723278,-0.025044057,-0.011024836,-0.011653315,-0.006019662,-0.00595392,-0.005962337,-0.020446004,-0.009124594,-0.009602639
-0.010627564,-0.010904968,-0.01103693,-0.030063859,-0.013560291,-0.01394132,-0.007087977,-0.007158376,-0.007141455,-0.022162008,-0.00991747,-0.009969287,-0.005868783,-0.005888855,-0.005837127,-0.018756388,-0.008286133,-0.008150865
-0.011100902,-0.010722133,-0.010319385,-0.036882591,-0.018396917,-0.017799947,-0.007348144,-0.007182162,-0.007024054,-0.025033251,-0.012318341,-0.012593597,-0.00598498,-0.005904003,-0.005817785,-0.020517178,-0.010102659,-0.010381301
-0.012074971,-0.011629264,-0.011562419,-0.032350591,-0.014567388,-0.016086028,-0.007474612,-0.007280384,-0.00728687,-0.0237161,-0.010730869,-0.011743435,-0.005846826,-0.005757977,-0.005762783,-0.019911039,-0.008947112,-0.009836945
-0.01161029,-0.01129441,-0.010638531,-0.032004244,-0.01601548,-0.016979994,-0.007764649,-0.007579463,-0.007372664,-0.023203907,-0.01134182,-0.011733317,-0.006187479,-0.006071715,-0.005972355,-0.019758013,-0.009504203,-0.009727026
-0.009930906,-0.009888043,-0.009981177,-0.031997213,-0.015707331,-0.016161096,-0.006559721,-0.006546383,-0.006534529,-0.023427235,-0.010736318,-0.01154921,-0.005356822,-0.005373917,-0.005360012,-0.019503413,-0.008980053,-0.009500122
-0.009497483,-0.009605914,-0.009588914,-0.028630337,-0.014946359,-0.015643723,-0.006332699,-0.006368437,-0.006355738,-0.0212126,-0.010252577,-0.010761709,-0.00510746,-0.005110971,-0.005091352,-0.017963073,-0.008349363,-0.008770544
-0.009055373,-0.009160707,-0.009015829,-0.03064958,-0.01526181,-0.016050366,-0.006205989,-0.006216495,-0.006154378,-0.022452685,-0.010587326,-0.010994647,-0.005030628,-0.005060983,-0.005055569,-0.019149128,-0.008759357,-0.009223745
-0.008987101,-0.009014024,-0.008937709,-0.033993546,-0.014803583,-0.015496003,-0.006589968,-0.006587943,-0.006547493,-0.024954316,-0.010737673,-0.011131384,-0.005501459,-0.005488558,-0.005475279,-0.021107972,-0.008931335,-0.009228677
-0.00889684,-0.00882607,-0.008777484,-0.031954108,-0.014132754,-0.014081265,-0.00647508,-0.006455588,-0.006439131,-0.023771519,-0.010312094,-0.010264259,-0.00538639,-0.005360628,-0.005328127,-0.02003821,-0.008649566,-0.008623761
-0.009047318,-0.008995015,-0.008911688,-0.031830718,-0.014322223,-0.014108698,-0.006485227,-0.006451572,-0.006450111,-0.022996578,-0.010197326,-0.010438866,-0.005343623,-0.005357159,-0.005353707,-0.019574389,-0.00850878,-0.008738513
-0.008601704,-0.008556538,-0.008711914,-0.032105688,-0.013949365,-0.014001219,-0.006163499,-0.00612219,-0.006104294,-0.022985924,-0.010220018,-0.010309363,-0.005134838,-0.005090938,-0.005058095,-0.019453326,-0.008514883,-0.008589064
-0.008737942,-0.00867185,-0.008630643,-0.029859865,-0.013225081,-0.013245557,-0.006027948,-0.005956257,-0.005918554,-0.022170827,-0.009541093,-0.009583125,-0.00494466,-0.004909555,-0.004881211,-0.019103758,-0.008011782,-0.008061691
-0.008350481,-0.008449921,-0.008409388,-0.030594022,-0.014577586,-0.015303354,-0.006061051,-0.006121236,-0.006089563,-0.022656298,-0.009762087,-0.010393169,-0.004983405,-0.005016701,-0.004988384,-0.019255535,-0.007987086,-0.008523667
-0.00919754,-0.009006544,-0.008892401,-0.030653137,-0.014582774,-0.014564494,-0.006430696,-0.006348253,-0.006324862,-0.022532882,-0.010459544,-0.010429042,-0.005359788,-0.00529785,-0.005297133,-0.019035655,-0.008744546,-0.00870353
-0.009346119,-0.009229238,-0.009242356,-0.029459396,-0.014679481,-0.01468593,-0.006570725,-0.006528491,-0.006524989,-0.022123858,-0.010377037,-0.010389755,-0.005405848,-0.00536178,-0.005359972,-0.018862684,-0.008535512,-0.008547074
-0.008709899,-0.008740393,-0.008622501,-0.029156438,-0.0134104,-0.012755865,-0.006011239,-0.006010273,-0.005946247,-0.022719734,-0.009483939,-0.009524025,-0.00490321,-0.004850708,-0.0048274,-0.018789492,-0.007744142,-0.007875621
-0.00746299,-0.007269244,-0.007300334,-0.036067811,-0.012920653,-0.012823231,-0.005626997,-0.005544072,-0.005539166,-0.025305278,-0.00950469,-0.009501512,-0.004726645,-0.004659927,-0.004663439,-0.020555031,-0.007982656,-0.008001794
-0.00880865,-0.008790248,-0.008665945,-0.033166563,-0.012900919,-0.013091226,-0.006159249,-0.006098148,-0.006025613,-0.023910177,-0.009565391,-0.009467776,-0.004974647,-0.004925141,-0.004881152,-0.020082756,-0.00795839,-0.007930239
-0.008079434,-0.008212198,-0.008348952,-0.031480634,-0.013908957,-0.013847522,-0.005874566,-0.005940608,-0.005938745,-0.023129189,-0.009193287,-0.009163421,-0.004823865,-0.004854789,-0.004885282,-0.019422747,-0.007664964,-0.007635572
-0.007881902,-0.007811222,-0.00774111,-0.03450674,-0.012718445,-0.013175915,-0.005846133,-0.005797978,-0.005711695,-0.023813833,-0.009341773,-0.009907527,-0.004772289,-0.004750775,-0.004754351,-0.019882019,-0.007842495,-0.00826898
-0.007435418,-0.007340006,-0.007314572,-0.033172166,-0.014450442,-0.014043325,-0.005733201,-0.005635757,-0.005626599,-0.02350627,-0.009960992,-0.009892755,-0.004739634,-0.004668875,-0.004670047,-0.01968615,-0.008295666,-0.008221961
-0.008394555,-0.008232585,-0.008361543,-0.030940432,-0.014552001,-0.015305388,-0.005817807,-0.005735173,-0.005784703,-0.022427915,-0.009857152,-0.010047618,-0.004758383,-0.004691851,-0.004715741,-0.019294557,-0.008106459,-0.008241703
-0.008299583,-0.008205782,-0.008229058,-0.030857722,-0.013931675,-0.01431445,-0.00599742,-0.005908906,-0.005868352,-0.02361159,-0.009627719,-0.009710062,-0.005057961,-0.005011475,-0.004984055,-0.019950876,-0.00802492,-0.008101848
-0.010243742,-0.009965797,-0.009681344,-0.032714688,-0.015381591,-0.015380643,-0.006626222,-0.00656593,-0.006505297,-0.024302194,-0.010018816,-0.010009922,-0.005468059,-0.005411548,-0.005365848,-0.020525079,-0.008184156,-0.008161073
-0.009927544,-0.009748622,-0.009598016,-0.032610083,-0.014327807,-0.014335114,-0.006438383,-0.006330131,-0.006211652,-0.024332648,-0.009920996,-0.009875707,-0.005137674,-0.005065395,-0.004981941,-0.020529125,-0.008335451,-0.008264094
-0.00826515,-0.008306951,-0.008469926,-0.032790878,-0.013710277,-0.013674577,-0.005846989,-0.00585342,-0.005910223,-0.024848374,-0.0102598,-0.010285012,-0.004742205,-0.004722914,-0.004752483,-0.020702171,-0.008483523,-0.008440831
-0.008652082,-0.008715437,-0.008669944,-0.031649393,-0.014762949,-0.014705977,-0.006100054,-0.006079533,-0.006087034,-0.023835725,-0.010293211,-0.010504296,-0.005067795,-0.005059288,-0.005068523,-0.020005604,-0.008426784,-0.008576555
-0.009504067,-0.009473843,-0.009062822,-0.034305712,-0.015263628,-0.01611216,-0.006334602,-0.006352792,-0.006264266,-0.025414528,-0.010679331,-0.010955175,-0.005092811,-0.005117884,-0.005073378,-0.021132115,-0.008834993,-0.008944535
-0.009622686,-0.009476363,-0.009273254,-0.034740489,-0.014779312,-0.014770213,-0.006550763,-0.006465868,-0.006396796,-0.025819055,-0.010659367,-0.01061835,-0.005248185,-0.005210101,-0.005186519,-0.021606083,-0.008872178,-0.00883595
-0.010752922,-0.010549319,-0.010585717,-0.031086152,-0.015753669,-0.015134094,-0.007006059,-0.006917058,-0.006922045,-0.024787456,-0.011239686,-0.010958995,-0.005744505,-0.005649429,-0.005644468,-0.021031963,-0.009372207,-0.009172918
-0.009933843,-0.009652242,-0.009707308,-0.030860152,-0.015320688,-0.014714166,-0.007645803,-0.007475135,-0.007406172,-0.024479309,-0.010954077,-0.010671684,-0.006257436,-0.006114209,-0.006055189,-0.020645889,-0.009089497,-0.009113071
-0.009121164,-0.009175469,-0.009206975,-0.038514604,-0.016147426,-0.017034042,-0.006744181,-0.006652574,-0.006595595,-0.026247043,-0.011588627,-0.011896905,-0.005513125,-0.005424596,-0.005371024,-0.021268452,-0.009414586,-0.009752563
-0.00980877,-0.009554685,-0.009890249,-0.039472124,-0.018199037,-0.017758782,-0.007104754,-0.007044972,-0.007074415,-0.026647073,-0.011785483,-0.012223381,-0.005790718,-0.005735498,-0.005760824,-0.021884757,-0.009577525,-0.010184201
-0.010818875,-0.010703043,-0.010436376,-0.031718753,-0.015258871,-0.015260663,-0.006976905,-0.006863245,-0.006751066,-0.024550339,-0.010500323,-0.010500911,-0.005716623,-0.005659729,-0.005610534,-0.020978828,-0.008739599,-0.00874225
-0.00934863,-0.009306858,-0.009129319,-0.031900804,-0.01444067,-0.014637482,-0.006635996,-0.006608432,-0.006578212,-0.024562995,-0.010353139,-0.010288816,-0.005536109,-0.005506133,-0.005475886,-0.020944203,-0.008688983,-0.008660343
-0.009790184,-0.009576605,-0.009524985,-0.040944962,-0.01753749,-0.019158023,-0.006482722,-0.006349557,-0.00629253,-0.02627262,-0.01122539,-0.012135732,-0.00532079,-0.005272849,-0.005222234,-0.021089982,-0.009108739,-0.009702044
-0.009735624,-0.009848835,-0.009905901,-0.037914814,-0.015477384,-0.016547506,-0.006569222,-0.00657642,-0.006546271,-0.025346366,-0.010606155,-0.011301676,-0.00539082,-0.005380717,-0.005359054,-0.020790887,-0.008638579,-0.009072948
-0.008458597,-0.008335167,-0.008334666,-0.029291583,-0.012067167,-0.012761433,-0.006463842,-0.006387272,-0.006339603,-0.023545947,-0.009228175,-0.009473156,-0.005275368,-0.005241621,-0.005186746,-0.02011018,-0.007841893,-0.007985324
-0.009785752,-0.009798676,-0.009607411,-0.039015806,-0.015503944,-0.015927089,-0.006395515,-0.0064151,-0.006297082,-0.025730858,-0.010257537,-0.011449171,-0.005196377,-0.005210384,-0.005152672,-0.020913191,-0.008523479,-0.009398041
-0.008357336,-0.008245354,-0.008092425,-0.038853381,-0.015741685,-0.017185711,-0.006061039,-0.006008319,-0.005907427,-0.02576641,-0.010379244,-0.011366849,-0.004996656,-0.00496568,-0.004888115,-0.02113596,-0.008464651,-0.009198323
-0.008290969,-0.008107809,-0.008195367,-0.038912968,-0.015210916,-0.017207316,-0.006052976,-0.005918653,-0.00594856,-0.025470663,-0.010378634,-0.0114768,-0.00511396,-0.005037947,-0.005036614,-0.020605281,-0.008380641,-0.009341374
-0.007961382,-0.008093615,-0.00795098,-0.038798533,-0.01423622,-0.015910171,-0.006109108,-0.00615109,-0.006055933,-0.025426423,-0.009972132,-0.010568103,-0.005075784,-0.005067694,-0.005041648,-0.020672897,-0.008134444,-0.008510754
-0.007935857,-0.007839449,-0.007853427,-0.036587961,-0.012100105,-0.01206753,-0.006163365,-0.006079088,-0.006069081,-0.024672466,-0.009073077,-0.009017431,-0.005202896,-0.005105168,-0.005080868,-0.020242568,-0.007714128,-0.007609371
-0.009278711,-0.009239352,-0.009167897,-0.029970321,-0.014040043,-0.013964168,-0.006458578,-0.006399272,-0.006390611,-0.023137161,-0.010011566,-0.009956442,-0.005211907,-0.005177255,-0.005169154,-0.019452969,-0.008178744,-0.008110531
-0.00797321,-0.007977596,-0.007813949,-0.037941214,-0.015378575,-0.017195794,-0.005976787,-0.005939453,-0.005800306,-0.025274498,-0.009995632,-0.010646391,-0.00498019,-0.004971097,-0.004914726,-0.020610799,-0.008145242,-0.008532354
-0.00721247,-0.0072879,-0.007121402,-0.03431322,-0.014559097,-0.015432139,-0.005951406,-0.005922077,-0.005887001,-0.024543603,-0.010154641,-0.011060553,-0.004969411,-0.004971054,-0.00496471,-0.020329472,-0.00836146,-0.009059719
-0.00912221,-0.009037138,-0.008834792,-0.037843102,-0.014037321,-0.013947721,-0.006566424,-0.006554182,-0.006531622,-0.025003702,-0.01021827,-0.010367754,-0.005308002,-0.005325199,-0.005319798,-0.020532209,-0.008355637,-0.008391891
-0.009146459,-0.008898879,-0.008734604,-0.032887784,-0.013061685,-0.013656721,-0.006607419,-0.006561971,-0.006482921,-0.023871514,-0.009917495,-0.010109562,-0.00543005,-0.005401071,-0.005349037,-0.019755164,-0.008303452,-0.008461469
-0.010012673,-0.01013044,-0.010131542,-0.034321677,-0.014388136,-0.014115678,-0.007165982,-0.00717283,-0.007127172,-0.02390043,-0.010511711,-0.010415992,-0.00584247,-0.005858313,-0.005857011,-0.019836695,-0.008646965,-0.008731356
-0.010292697,-0.010256686,-0.010097788,-0.029539397,-0.015354617,-0.015575397,-0.006946829,-0.006942473,-0.007002883,-0.022044803,-0.010451936,-0.010461036,-0.005794666,-0.005802205,-0.005862341,-0.018415844,-0.008508323,-0.008482627
-0.010404805,-0.010394358,-0.010374389,-0.027754579,-0.014347281,-0.014219,-0.007110832,-0.007106735,-0.007096426,-0.022174379,-0.010426536,-0.010304158,-0.005671312,-0.005657791,-0.00562344,-0.018717029,-0.008660892,-0.00856139
-0.009628954,-0.009513266,-0.009491899,-0.031937159,-0.015395377,-0.015396675,-0.007088019,-0.007100393,-0.007068373,-0.022724184,-0.010190816,-0.010187297,-0.0059505,-0.0059581,-0.005955553,-0.019166612,-0.008386374,-0.008383746
-0.010341869,-0.010037903,-0.009993945,-0.031545303,-0.014469508,-0.014659393,-0.007356969,-0.007280766,-0.007315138,-0.022748355,-0.010101729,-0.010180231,-0.006033037,-0.00596951,-0.005989978,-0.019309998,-0.008463106,-0.00844037
-0.009607112,-0.009484082,-0.009418639,-0.037611271,-0.014544179,-0.015028047,-0.007252211,-0.007159523,-0.007062565,-0.024525471,-0.010468614,-0.010578583,-0.005966276,-0.005895474,-0.005838371,-0.020052741,-0.008715007,-0.008780113
-0.008918867,-0.008908509,-0.008842823,-0.031866104,-0.01454524,-0.014448126,-0.006445404,-0.006360942,-0.006398482,-0.022643683,-0.009860433,-0.009804973,-0.005297741,-0.005256087,-0.0053133,-0.018957031,-0.008043766,-0.007998647
-0.009424386,-0.009183233,-0.009331783,-0.027995564,-0.012418561,-0.012456164,-0.006619289,-0.006527253,-0.006537303,-0.022268891,-0.009303465,-0.009201281,-0.005387174,-0.005348098,-0.005342154,-0.018917357,-0.007792296,-0.00774636
-0.008414444,-0.008375111,-0.00829239,-0.036394951,-0.012795145,-0.012330328,-0.006208072,-0.006139372,-0.00610953,-0.02383538,-0.009739161,-0.009852117,-0.005124648,-0.005084409,-0.005055956,-0.019569711,-0.008033701,-0.008333908
-0.008790129,-0.008593389,-0.008684168,-0.038719142,-0.016105155,-0.017270231,-0.00653952,-0.006453835,-0.006385053,-0.025689805,-0.010598375,-0.010981373,-0.005398359,-0.005320686,-0.005299344,-0.020964935,-0.008653265,-0.00883928
-0.009309051,-0.009421579,-0.009630501,-0.038294644,-0.016068471,-0.015770631,-0.006705016,-0.006796842,-0.006782084,-0.025420037,-0.011298433,-0.011346059,-0.00561773,-0.005603032,-0.005562077,-0.020957496,-0.009387772,-0.009494518
-0.009964353,-0.009850019,-0.009901659,-0.036581334,-0.017547316,-0.017541002,-0.00688298,-0.006836934,-0.00688675,-0.025512173,-0.011519771,-0.011606816,-0.005605357,-0.005578726,-0.005625496,-0.021371025,-0.009514923,-0.009570657
-0.012811071,-0.012708321,-0.012630504,-0.038641985,-0.01547614,-0.015482609,-0.008202192,-0.008064055,-0.00795956,-0.026360994,-0.010711368,-0.010718299,-0.006479431,-0.006417772,-0.006345013,-0.021627232,-0.00900025,-0.00901978
-0.009270412,-0.009134972,-0.009320572,-0.035900909,-0.015776977,-0.016869169,-0.006267672,-0.006216318,-0.006290388,-0.02511973,-0.010977476,-0.0115587,-0.00510358,-0.005073391,-0.005124172,-0.021045665,-0.009216544,-0.009668886
-0.008825427,-0.00888572,-0.008667668,-0.040729583,-0.014859926,-0.014373606,-0.006541668,-0.006580455,-0.006429928,-0.026566455,-0.01048437,-0.010451063,-0.005354777,-0.005378058,-0.005304796,-0.021642459,-0.008785712,-0.00868965
-0.008968876,-0.009111011,-0.009282292,-0.040245332,-0.015728902,-0.015958211,-0.00627046,-0.006310389,-0.006368602,-0.026950023,-0.0110417,-0.011122606,-0.005081724,-0.005104823,-0.005150313,-0.022326166,-0.009128816,-0.009064745
-0.007969129,-0.007843258,-0.007622278,-0.032742194,-0.012636783,-0.01283667,-0.005614442,-0.005572058,-0.005583254,-0.024121891,-0.009281135,-0.009242435,-0.004719413,-0.004701631,-0.004712806,-0.020394096,-0.007933489,-0.007846336