"V1","V2","V3","V4","V5","V6","V7","V8","V9","V10","V11","V12","V13","V14","V15","V16","V17","V18"
-0.0336114249738681,-0.0336027917098468,-0.0344042073687259,-0.068324015605642,-0.0422693543302808,-0.0457773340441006,-0.0187792274298077,-0.018607322444344,-0.0184191990645255,-0.0367248120969962,-0.0207434502932207,-0.0199595014146737,-0.0128977485279798,-0.0127634831972304,-0.0129839474261273,-0.0255458004385964,-0.0146722768316011,-0.0149310672166752
-0.0336114769231511,-0.0335991933901804,-0.0343137853640742,-0.068324015605642,-0.0422566519379298,-0.0456740525489695,-0.0187792894588152,-0.0186304853581507,-0.0184152544827711,-0.0367248120969962,-0.0207141024696724,-0.0199965500231436,-0.0128977952352711,-0.0127727122231551,-0.0130406783918452,-0.0255458004385964,-0.014639771476521,-0.0148426202588207
-0.0325316052429995,-0.0333772462422207,-0.0335660476160902,-0.068324015605642,-0.0422443735757117,-0.0456542127700857,-0.0187256182363357,-0.0187713288186631,-0.0184254850215108,-0.0367248120969962,-0.0207499705338678,-0.0200391549538147,-0.0126939848056176,-0.0127705725256297,-0.0128044290265833,-0.0255458004385964,-0.0146604026904546,-0.0148990291194319
-0.0328842957879832,-0.0333604164649742,-0.0337790641786606,-0.068324015605642,-0.0421359011318763,-0.045730045315109,-0.018562551062254,-0.0184450809725222,-0.0182971989576614,-0.0367248120969962,-0.0203488194942309,-0.0199847430322976,-0.0127150243213147,-0.0128229948711237,-0.0129150371765459,-0.0255458004385964,-0.0145611574216841,-0.0149186689795428
-0.0328842955302932,-0.033345761104514,-0.0338322832509368,-0.068324015605642,-0.0421287325857762,-0.0457429997066676,-0.0185625508368524,-0.0184543335233754,-0.0183237526234852,-0.0367248120969962,-0.020303453118398,-0.0199859903536993,-0.0127150243485769,-0.0128137434379115,-0.0128746284012198,-0.0255458004385964,-0.0145554576358048,-0.0149126794924919
-0.0330088387919696,-0.0334468884779154,-0.0341391227575241,-0.068324015605642,-0.0421275086057888,-0.0459719622817469,-0.0188521026681949,-0.0185454273494231,-0.0183757713071029,-0.0367248120969962,-0.0202987583580009,-0.0200951919499471,-0.0127560754790506,-0.0127927598807526,-0.0128376477244327,-0.0255458004385964,-0.0145568339276001,-0.0148872328878025
-0.0334469602708774,-0.0338313640466084,-0.0340598999565376,-0.068324015605642,-0.0421920403446797,-0.0457757587878154,-0.0185231749067869,-0.0184299162335638,-0.0184821235431427,-0.0367248120969962,-0.0203186790210738,-0.0200370868295363,-0.0128925129254246,-0.0130339822712521,-0.0129121265620918,-0.0255458004385964,-0.0145792562878616,-0.0149107688532951
-0.0330662649884819,-0.0338190712469324,-0.033767261471446,-0.068324015605642,-0.0421500869225281,-0.0456925193571006,-0.0184374689747531,-0.0184100228509056,-0.0183984468323588,-0.0367248120969962,-0.0203621188279385,-0.0201937102248343,-0.0128389059565726,-0.0128934000734323,-0.012863486961712,-0.0255458004385964,-0.0145545180700451,-0.0147945143079159
-0.0330509844734907,-0.0338190061287144,-0.0336597554656897,-0.068324015605642,-0.0421563332259607,-0.04559808304226,-0.018445257588263,-0.018410053708572,-0.0183934055648557,-0.0367248120969962,-0.0203207671407263,-0.0204608490792851,-0.0128322907743865,-0.0128933862768447,-0.0128396519809607,-0.0255458004385964,-0.0145345969065455,-0.0150488862237218
-0.0335422916137117,-0.0337014477598596,-0.0337092392146725,-0.068324015605642,-0.0421750212996666,-0.0455910416433705,-0.018549580974814,-0.0183065212779795,-0.018459271704753,-0.0367248120969962,-0.0203566880071869,-0.0207420875855797,-0.0130042730476577,-0.0129060995128009,-0.0128595843333648,-0.0255458004385964,-0.0145400206825814,-0.0151822276128408
-0.033149316107256,-0.0332451813913916,-0.0337249143256693,-0.068324015605642,-0.0421948482601307,-0.0455323519420506,-0.0186113998585206,-0.0184325669679417,-0.0185159366726169,-0.0367248120969962,-0.020337262371127,-0.0206532211065062,-0.0128122672568828,-0.012671749243114,-0.0128194376020466,-0.0255458004385964,-0.0145457825546382,-0.0152359209670694
-0.032747876581833,-0.0336601987083575,-0.0339010150342404,-0.068324015605642,-0.0421855190366261,-0.0455942581375747,-0.0187467301225086,-0.0184166557764656,-0.018593380839881,-0.0367248120969962,-0.0203411286668187,-0.0206186628321041,-0.0130923968067033,-0.0130063133554303,-0.0127578306913709,-0.0255458004385964,-0.0145423171819274,-0.015180800452791
-0.0334661882822828,-0.034179543028013,-0.0337741220205624,-0.068324015605642,-0.0422201066588133,-0.0456397523299438,-0.0188153695876532,-0.0187042378510528,-0.0185606501299002,-0.0367248120969962,-0.0198967869219367,-0.0204903730587111,-0.0130484502074248,-0.012854006244719,-0.0127826560239915,-0.0255458004385964,-0.014542705276158,-0.0148324533887894
-0.0337373284709871,-0.033785240819138,-0.0345063010168271,-0.068324015605642,-0.0422061172059533,-0.045682403514084,-0.0188031748474832,-0.0188303270521836,-0.0186148424411814,-0.0367248120969962,-0.0199032393757291,-0.0203835274980702,-0.0129174310560182,-0.0127203816042692,-0.0128413536859772,-0.0255458004385964,-0.0145360122489771,-0.0147939780065702
-0.0336954093689138,-0.0344961060584075,-0.0330800292782238,-0.068324015605642,-0.0422594967992993,-0.045841032851255,-0.0188308305344863,-0.0187886347699949,-0.0187832316710364,-0.0367248120969962,-0.019994503455284,-0.0203513111654667,-0.01280784365312,-0.0127452123922462,-0.0128530920317761,-0.0255458004385964,-0.0145694713608112,-0.0148459823902681
-0.0338903810774373,-0.0345532098613539,-0.0330630181462327,-0.068324015605642,-0.0422673317054958,-0.0457896765534052,-0.0188470323761539,-0.0188219631581464,-0.0188070995289466,-0.0367248120969962,-0.0200074028022416,-0.0201401926881012,-0.0128037660218931,-0.0127488357319053,-0.0128469962296979,-0.0255458004385964,-0.0145646659977241,-0.0148618800050954
-0.0346224240842255,-0.0344920927707443,-0.0332227277166557,-0.068324015605642,-0.042323822093588,-0.0460089946546588,-0.0189663282780722,-0.018992540343594,-0.018894751852623,-0.0367248120969962,-0.0200296493119536,-0.019954545467679,-0.0128381924087605,-0.0127605498958172,-0.0128441854918625,-0.0255458004385964,-0.0145541906541097,-0.0148297082228384
-0.0341938756591392,-0.0347946873375347,-0.033961240773237,-0.068324015605642,-0.0422982196975577,-0.0461398109029081,-0.0189574889859582,-0.0188849786214564,-0.0189399665983126,-0.0367248120969962,-0.0200151309824615,-0.0199126923353339,-0.012785044802994,-0.0127999665228867,-0.0129120739869479,-0.0255458004385964,-0.0145665568814353,-0.0148511510803441
-0.0339225194229114,-0.0345544673160538,-0.0344631379281528,-0.068324015605642,-0.0423069799785295,-0.0461322331060556,-0.019019983708049,-0.0188760032239085,-0.0187666123777574,-0.0367248120969962,-0.020032632623777,-0.0202528661488045,-0.0126414885981766,-0.012876898783403,-0.0128747155176751,-0.0255458004385964,-0.0145625556654558,-0.0149759329514727
-0.0337351406581026,-0.034337321030779,-0.0343359387295547,-0.068324015605642,-0.0423105830540145,-0.0458421292498733,-0.018847214304644,-0.0188256905049696,-0.0187576694445014,-0.0367248120969962,-0.0200357736321519,-0.0203423939178344,-0.0127750764344092,-0.0128791601843135,-0.0128569792448793,-0.0255458004385964,-0.014566803790957,-0.0150380840418633
-0.0322943113173418,-0.0311848330605839,-0.031651132637804,-0.068324015605642,-0.0422621172040854,-0.0457975542265671,-0.0187819486146103,-0.0188566688775428,-0.0186729235539959,-0.0367248120969962,-0.0201003526182978,-0.0200636445157834,-0.0127069015901389,-0.0127331236883094,-0.0127190308770602,-0.0255458004385964,-0.014550920572948,-0.0149879921299216
-0.0317546602302889,-0.0316525680416766,-0.0321216861925326,-0.068324015605642,-0.0422740776804823,-0.0456957878383933,-0.0190261994877724,-0.0188448195698053,-0.0187349315843495,-0.0367248120969962,-0.020046795265732,-0.0199496912106661,-0.0126324981553394,-0.0127679376042371,-0.0127494066743425,-0.0255458004385964,-0.0145579352205424,-0.0149026470472691
-0.0313902020157094,-0.0315053969797034,-0.0321377331487309,-0.068324015605642,-0.042230567182235,-0.0458053933456285,-0.0187630744690013,-0.018855378183003,-0.0186027610969223,-0.0367248120969962,-0.0200115001075495,-0.0199002749791109,-0.0125350040825839,-0.0126781974245463,-0.012796037147184,-0.0255458004385964,-0.0145340987606452,-0.0148786468364328
-0.0311605903385881,-0.0317396860193419,-0.0323937706153082,-0.068324015605642,-0.0422329498237634,-0.0456368269083793,-0.0189180404234239,-0.0187956065584467,-0.0188010066820598,-0.0367248120969962,-0.0200090626870591,-0.0199770846366211,-0.0125197833409297,-0.0126185230277511,-0.0125832510860501,-0.0255458004385964,-0.0145367189829821,-0.0149681152091035
-0.0311213478871433,-0.0316325709555766,-0.0323692481410626,-0.068324015605642,-0.0422991067505969,-0.0452890636928277,-0.0189312031828953,-0.0189807730417739,-0.0189426878511679,-0.0367248120969962,-0.0200148078833462,-0.0199146229112531,-0.0125509546861012,-0.0124882502754531,-0.0126349695403633,-0.0255458004385964,-0.0145000983733061,-0.0148557506033111
-0.0315725618492658,-0.0322634246100853,-0.0328932021615172,-0.068324015605642,-0.0422997090603613,-0.0453677209210595,-0.0189134450043667,-0.0191044491283976,-0.0191182971502652,-0.0367248120969962,-0.0200208129516307,-0.0198907613786916,-0.0126427844063708,-0.0125865820400353,-0.012638669793711,-0.0255458004385964,-0.0144951690624594,-0.0149339113678816
-0.0315725802324436,-0.0323058174607564,-0.032836120665853,-0.068324015605642,-0.0423093721545037,-0.0454906026373141,-0.0189134548168877,-0.0190513745385101,-0.019004306010986,-0.0367248120969962,-0.0200211999465561,-0.0200856620011051,-0.0126427942914383,-0.0126200557502633,-0.01253903015956,-0.0255458004385964,-0.0144933436123681,-0.0149430537412403
-0.0315092970248524,-0.0320109859285099,-0.0323673884019473,-0.068324015605642,-0.0423285316487039,-0.045650207214993,-0.0187585204046351,-0.0188982758454223,-0.0190929601495025,-0.0367248120969962,-0.0200313395675239,-0.0200577804006271,-0.0124294369492036,-0.0126952572466513,-0.0126693094769985,-0.0255458004385964,-0.0144815536498436,-0.0149681714185471
-0.0315174809542604,-0.0320694952534233,-0.0323280477615952,-0.068324015605642,-0.0423284741270912,-0.0456088018857214,-0.0188097797328077,-0.0191277968929729,-0.0190290408745136,-0.0367248120969962,-0.020020862503724,-0.0200263736966307,-0.0124737124419978,-0.0126009671937244,-0.012617315802382,-0.0255458004385964,-0.0144788591253961,-0.0149728625555811
-0.0315174818069423,-0.0320668947665286,-0.0323443685547803,-0.068324015605642,-0.0423538998452756,-0.0455109146856566,-0.0188097776631256,-0.0191400403565925,-0.0190279874262829,-0.0367248120969962,-0.0199834654142095,-0.0199978509067032,-0.0124737110922991,-0.0126026707455781,-0.012628712199595,-0.0255458004385964,-0.0144630058021793,-0.0148515700804756
-0.0317820158827414,-0.0323761989721067,-0.032423401655048,-0.068324015605642,-0.0423558580140702,-0.0455070048837923,-0.0189288985143844,-0.0189262068444531,-0.0190166822416299,-0.0367248120969962,-0.0200026629933905,-0.0199850619235385,-0.0124846129342443,-0.0125374877397175,-0.0126985298254225,-0.0255458004385964,-0.0144824230136395,-0.0148344936632757
-0.0317822134006475,-0.0323349415618321,-0.0324290363398116,-0.068324015605642,-0.0423592184381719,-0.04541351323363,-0.0189289924891184,-0.0188495485995987,-0.0190003972048139,-0.0367248120969962,-0.020025981711001,-0.020026561333585,-0.0124845057083812,-0.0125986479080451,-0.0125841232750166,-0.0255458004385964,-0.0144955984193263,-0.0148623451484307
-0.0317820128384411,-0.0323750999699886,-0.0324112155498009,-0.068324015605642,-0.0423816623602941,-0.0452728203292446,-0.0189288971661394,-0.0189670617217817,-0.0190395939916104,-0.0367248120969962,-0.0200966935538118,-0.0202549168011915,-0.0124846152905559,-0.0125117029432013,-0.0126199686168354,-0.0255458004385964,-0.0144429182998848,-0.0148409119504095
-0.0317821825346623,-0.0324200623028537,-0.0324724382721459,-0.068324015605642,-0.0423923106035958,-0.0451835812971552,-0.0189289747560132,-0.0189810533690066,-0.0190145911684407,-0.0367248120969962,-0.020081475254278,-0.0202897130896911,-0.012484553288245,-0.0124729548920352,-0.0125621180137413,-0.0255458004385964,-0.0144355872700522,-0.0148302016701228
-0.0318383977239871,-0.032158150458366,-0.0324132744510173,-0.068324015605642,-0.0423962959895778,-0.0451024576001982,-0.0187335858278926,-0.018580795117951,-0.0188497973941961,-0.0367248120969962,-0.0200707141066581,-0.0203625830780722,-0.0127487761690041,-0.0124745386438117,-0.0125559116727581,-0.0255458004385964,-0.0144313519194126,-0.0149496255444585
-0.0316638453557039,-0.0318899772032367,-0.0326765534327142,-0.068324015605642,-0.0423866253316429,-0.0450978437399808,-0.0187847300156268,-0.0188693375440991,-0.0190388719650249,-0.0367248120969962,-0.020066368566983,-0.0202568661422653,-0.012562121629694,-0.0126457223242969,-0.012664946947877,-0.0255458004385964,-0.0144277163072642,-0.0148890782323493
-0.0315820657731687,-0.0320151606964128,-0.0322750074113442,-0.068324015605642,-0.0423893067522085,-0.0450100617680676,-0.018896878126544,-0.0188315449902122,-0.0188625518385972,-0.0367248120969962,-0.0200704686904613,-0.0202991690098756,-0.0124670799177964,-0.0124471432912693,-0.012514705883361,-0.0255458004385964,-0.0144367160515437,-0.0150059288780499
-0.0312810712157653,-0.0317984700949965,-0.0321676771727675,-0.068324015605642,-0.0423808555649704,-0.0449270219559633,-0.0187558821724766,-0.0189175102337347,-0.0187368283103516,-0.0367248120969962,-0.0200691223691059,-0.0203136936019692,-0.0124680618308808,-0.0125067761031453,-0.0126491639522647,-0.0255458004385964,-0.014442686566407,-0.0148958276102228
-0.0319344556489275,-0.0320169555634604,-0.0325666662800485,-0.068324015605642,-0.0423844463529841,-0.0450795475132324,-0.0190743631165768,-0.0189927296027996,-0.0188408451669596,-0.0367248120969962,-0.0200126844493703,-0.0201764677889161,-0.0124322671062368,-0.0124386530139979,-0.0123491742208227,-0.0255458004385964,-0.0144264494239066,-0.0148788085441846
-0.0317518568184565,-0.0318057080867181,-0.033426848753799,-0.068324015605642,-0.0423817017477852,-0.0449629187249724,-0.0186928934553225,-0.0189257612547733,-0.0189816125826552,-0.0367248120969962,-0.0200154897496273,-0.0200518030001963,-0.0121781783090135,-0.0124029180938588,-0.0124783266283036,-0.0255458004385964,-0.0144240716192661,-0.0148149960062808
-0.0317531382883321,-0.0317820956840659,-0.033102407023902,-0.068324015605642,-0.0423756729912352,-0.0447213393876824,-0.0186899945209676,-0.0189288871545737,-0.0189472755925591,-0.0367248120969962,-0.0199998282245571,-0.0201238936494197,-0.012170695789014,-0.012389048505332,-0.0124796270350275,-0.0255458004385964,-0.0144352768856561,-0.0147908627062579
-0.0317518578453686,-0.0318004605132363,-0.0331194408289855,-0.068324015605642,-0.0423690914130894,-0.0447693826596908,-0.0186928916270512,-0.0189232587363942,-0.0189448537126378,-0.0367248120969962,-0.019997872425684,-0.020161740419086,-0.0121781781095062,-0.0124033193246565,-0.0124508472954827,-0.0255458004385964,-0.0144331215616509,-0.0147553366123879
-0.0316616039499612,-0.0323828516020507,-0.0331334541886542,-0.068324015605642,-0.042365135771809,-0.0447639417190154,-0.0189112686167443,-0.018907914511667,-0.0188757661155481,-0.0367248120969962,-0.0199899298891787,-0.0202285442583087,-0.0123832743095871,-0.0124710626665679,-0.0125081084578803,-0.0255458004385964,-0.0144378708784029,-0.0146929440837782
-0.0317961254486054,-0.0322313352984517,-0.0344378888311754,-0.068324015605642,-0.0423817308903841,-0.0448495227327257,-0.0189648621709411,-0.018831641345105,-0.0188722589094579,-0.0367248120969962,-0.020008574197435,-0.0200965838696242,-0.0125884608578946,-0.0124787735048931,-0.0125293593468356,-0.0255458004385964,-0.0144409263403088,-0.0147738439552216
-0.0317761071499208,-0.0322881522799552,-0.0346343291486933,-0.068324015605642,-0.0423776884462484,-0.0448723802374356,-0.0189733712350052,-0.0188741017182846,-0.0188453713898775,-0.0367248120969962,-0.0200042686953312,-0.019992036735696,-0.0125497453492895,-0.012464889161682,-0.0125216300721934,-0.0255458004385964,-0.0144384882275673,-0.0146977081967969
-0.0317185567562843,-0.032110577629351,-0.0331823427146728,-0.068324015605642,-0.042381071361441,-0.0450060998393796,-0.0190106047689629,-0.0190100923957703,-0.0190083483136064,-0.0367248120969962,-0.0200072171198751,-0.0198745448504477,-0.0122592180100157,-0.0122107997763245,-0.0124008689870956,-0.0255458004385964,-0.0144250360437778,-0.0147588915344275
-0.0317185802861719,-0.0321087573297823,-0.0331585781297258,-0.068324015605642,-0.0423968545469976,-0.0451220527283062,-0.0190106060979876,-0.0190152981729451,-0.0190628722755679,-0.0367248120969962,-0.0200342937968912,-0.0200867030163607,-0.0122592549213121,-0.0121980768122952,-0.0124041087836675,-0.0255458004385964,-0.0144102212264441,-0.0147187804236939
-0.0319913722614075,-0.0325170825400265,-0.0336163359405785,-0.068324015605642,-0.0424169900976508,-0.0454282229537987,-0.0188918117564939,-0.0189651225209405,-0.0189567577343031,-0.0367248120969962,-0.0201058956933981,-0.0201198502527468,-0.0122323628329476,-0.0121213485503963,-0.01250470739319,-0.0255458004385964,-0.0144279006512431,-0.0148035211775356
-0.0317963583515461,-0.0326003367969328,-0.0335658463104667,-0.068324015605642,-0.0424348436899716,-0.0453208329385691,-0.018762400520187,-0.0188963901780384,-0.0188483988657935,-0.0367248120969962,-0.0201310691092066,-0.0201758599678359,-0.0122314687676567,-0.0122129874937724,-0.0123647918474387,-0.0255458004385964,-0.0144277738161247,-0.014761564477048
-0.0317963578808448,-0.0325836865091499,-0.0334755423809272,-0.068324015605642,-0.0424170080536164,-0.0452365925803348,-0.0187624005709234,-0.0188556034987114,-0.0187676671013593,-0.0367248120969962,-0.0200769643870979,-0.0202951416569508,-0.012231468376338,-0.0121894037160024,-0.012332521349024,-0.0255458004385964,-0.0144212773611627,-0.0147125953298427
-0.0317961924640029,-0.032515066208024,-0.0339537559433059,-0.068324015605642,-0.0424177864747585,-0.0451927621059826,-0.0187624055108561,-0.0189187567094359,-0.0188017139625029,-0.0367248120969962,-0.0200554315221488,-0.0202682091580456,-0.0122313240731008,-0.0121693837947023,-0.0123896371379051,-0.0255458004385964,-0.0143996685515556,-0.014714753187363
-0.0322714549689501,-0.0327079775069768,-0.0330993655564968,-0.068324015605642,-0.0424171909588402,-0.0453012477118327,-0.0184776715014705,-0.0186221553143281,-0.01873809256849,-0.0367248120969962,-0.0200524348839711,-0.0202130405829225,-0.0123789899959951,-0.0122921695637098,-0.0125640873133121,-0.0255458004385964,-0.0143969273618366,-0.0147428955257875
-0.0322535157739334,-0.032811134267727,-0.0329603915944697,-0.068324015605642,-0.0424003801020368,-0.0453231345261738,-0.0184516321082732,-0.0183094108587007,-0.0186847913770848,-0.0367248120969962,-0.0200734039227765,-0.0200825142695146,-0.012420817526677,-0.0124271651388223,-0.0126379583111559,-0.0255458004385964,-0.014396927402555,-0.0147705857629743
-0.0321731757622372,-0.03302071510407,-0.0331305258251255,-0.068324015605642,-0.042398084612209,-0.0452479083861326,-0.0186795043031345,-0.0186497670766403,-0.0186230891368854,-0.0367248120969962,-0.0200980819568572,-0.0200631314910547,-0.0124318027759444,-0.0125167637857641,-0.0124949214587174,-0.0255458004385964,-0.0143877243519439,-0.0147117230885945
-0.032173162363127,-0.033020712511208,-0.0330898134329155,-0.068324015605642,-0.0424139266551063,-0.0453797774539092,-0.0186795480666691,-0.0186497699727243,-0.0186018372458696,-0.0367248120969962,-0.0200417174666796,-0.0201339446438078,-0.0124318309231169,-0.0125167679636801,-0.0125220736501659,-0.0255458004385964,-0.0144228719883822,-0.0147658074688552
-0.0321731935911968,-0.0330207119496979,-0.033108156913063,-0.068324015605642,-0.0423714524155422,-0.0453841119296844,-0.0186795821808364,-0.0186497645473936,-0.018587593743568,-0.0367248120969962,-0.0201236047258675,-0.020159393066788,-0.0124318365154662,-0.0125167683533368,-0.0125223428354967,-0.0255458004385964,-0.0144287039760575,-0.0147660275781713
-0.0321687647405562,-0.0330120140166387,-0.0331071530381619,-0.068324015605642,-0.0423679712073033,-0.0453161897800967,-0.0186911257139779,-0.0186064513701582,-0.0185872968413549,-0.0367248120969962,-0.0201259081459363,-0.0203026598382685,-0.0124392521419099,-0.0125249311102125,-0.0125227802619708,-0.0255458004385964,-0.0144284570884138,-0.0147085147140207
-0.0324691581727155,-0.033121433571307,-0.0330915346279871,-0.068324015605642,-0.0423601730043914,-0.0452690594201572,-0.0184780568236105,-0.0187316475441897,-0.0184052096441623,-0.0367248120969962,-0.0201135175255005,-0.0203108167901401,-0.0124983771837942,-0.0125206497211358,-0.0124642658047351,-0.0255458004385964,-0.0144252126482115,-0.0147261002008017
-0.032469156045741,-0.0331329316069563,-0.0331056878264534,-0.068324015605642,-0.0423770222065769,-0.0453328042554634,-0.0184780593172854,-0.018721764414624,-0.0184132998873774,-0.0367248120969962,-0.0200910564761416,-0.0204175263662877,-0.0124983680790488,-0.0125239310805223,-0.0124718572810162,-0.0255458004385964,-0.0144212146748842,-0.0147193173506838
-0.0324157796636792,-0.0329588755807325,-0.0331191221923551,-0.068324015605642,-0.0423603592725713,-0.0454431109418017,-0.0185053274775262,-0.018592511255554,-0.0183055241226108,-0.0367248120969962,-0.0201058001786431,-0.0203758341009202,-0.0125214513564645,-0.0125506081860313,-0.0124556398230076,-0.0255458004385964,-0.014423544193279,-0.0147616440666497
-0.0324356028617863,-0.0329591064177604,-0.0332165127673145,-0.068324015605642,-0.0423593588735106,-0.0457218159138145,-0.0185139018957999,-0.018592583146601,-0.0182790837154174,-0.0367248120969962,-0.0201068118900324,-0.0203861355576426,-0.0125293377109528,-0.0125503453592116,-0.0125043791443648,-0.0255458004385964,-0.0144240947510771,-0.0146540907269409
-0.0324356023134549,-0.0329495337533388,-0.0332116356327536,-0.068324015605642,-0.0423513241227644,-0.0457912781257301,-0.0185139017123434,-0.0185918572818405,-0.018253135100712,-0.0367248120969962,-0.0201156501706777,-0.0203426200683951,-0.0125293374864596,-0.01252555634732,-0.0125089560008124,-0.0255458004385964,-0.0144292891151801,-0.0146236892371693
-0.0321612087836658,-0.0325979616671668,-0.0329584461016857,-0.068324015605642,-0.0423336033803528,-0.0458553907614081,-0.018573023486852,-0.0184219302982515,-0.0182744762732319,-0.0367248120969962,-0.0201079833754624,-0.0201801253522125,-0.0124233629610771,-0.0124726235278216,-0.012424747932959,-0.0255458004385964,-0.0144232616599665,-0.0146221555587608
-0.0326672378068393,-0.032742487437531,-0.0331772989735189,-0.068324015605642,-0.0423554062962442,-0.0459283212027062,-0.0185781591954159,-0.0184654537308343,-0.018266517205458,-0.0367248120969962,-0.020090870924781,-0.0204381117218048,-0.0125322190614363,-0.0125352535711723,-0.0125220964810356,-0.0255458004385964,-0.014425821983564,-0.0145696997680068
-0.0326672374355108,-0.0327802347067971,-0.033178854794512,-0.068324015605642,-0.0424032316592854,-0.0457123202901594,-0.0185781585158286,-0.0184852272197301,-0.0182663906003696,-0.0367248120969962,-0.0201307824085041,-0.0206018814505846,-0.0125322196084191,-0.0125440887034679,-0.0125627592746197,-0.0255458004385964,-0.0144439965352851,-0.0147589425179886
-0.0326672345713115,-0.0327312198720317,-0.0331814502837766,-0.068324015605642,-0.0424050813349626,-0.0456601477511265,-0.0185781567985838,-0.0184507486135571,-0.0182723543799395,-0.0367248120969962,-0.0201279962147024,-0.0208268589376879,-0.0125322188158721,-0.0126170665156342,-0.0125489094792992,-0.0255458004385964,-0.0144338201257051,-0.0145929623938497
-0.0322839991979612,-0.0328150839724346,-0.0328624084734832,-0.068324015605642,-0.0424145251852529,-0.0455060917640071,-0.018467319674499,-0.0185043345474167,-0.0181467048629175,-0.0367248120969962,-0.0201587159595266,-0.0205655249252054,-0.0125033195206976,-0.0124965883523912,-0.0124491801062091,-0.0255458004385964,-0.0144390879614584,-0.0146972038983585
-0.0322451377140733,-0.032612409498449,-0.0331450279305768,-0.068324015605642,-0.0424028873567292,-0.0455471713906336,-0.018547319957882,-0.0184974450901566,-0.0183205210011552,-0.0367248120969962,-0.0201583263397339,-0.0205438220721862,-0.0125595962364067,-0.0124936932779643,-0.0124220175991358,-0.0255458004385964,-0.0144554071310939,-0.0145913484643136
-0.0315918573128815,-0.0326528312199766,-0.0333925184547319,-0.068324015605642,-0.0424065698292309,-0.0456094624611806,-0.0187115082713682,-0.0185085550330605,-0.0183153282024366,-0.0367248120969962,-0.0201674628980274,-0.0205147452231661,-0.0124617888990992,-0.0126557994046994,-0.0126397919183556,-0.0255458004385964,-0.0144412488382085,-0.0144777970073692
-0.0317551180299447,-0.0326442289098111,-0.0333654249062109,-0.068324015605642,-0.0423851371955361,-0.0456900207010571,-0.0187936231837009,-0.0186817700859221,-0.018232874151072,-0.0367248120969962,-0.019983215595012,-0.019958846852114,-0.012249796486644,-0.0125903118784714,-0.0124778490772777,-0.0255458004385964,-0.0143671222815424,-0.0143271583111683
-0.0317551089351308,-0.0326563654380584,-0.0333660986494668,-0.068324015605642,-0.0423842640221878,-0.045570306953605,-0.0187936261309172,-0.0186691722229437,-0.0182568593627953,-0.0367248120969962,-0.0199616583310582,-0.0199646309736167,-0.0122497997119429,-0.012571439938695,-0.0124582295918845,-0.0255458004385964,-0.0143676552648505,-0.0143928162644908
-0.0317117229101726,-0.0325306405759701,-0.0333566964140244,-0.068324015605642,-0.0423551990238987,-0.0456779037183675,-0.0188159671528562,-0.0187399932767181,-0.0182271896567006,-0.0367248120969962,-0.0199897501481202,-0.0202607910875718,-0.012253389872689,-0.0125030520993673,-0.0124738348288703,-0.0255458004385964,-0.0143521911966667,-0.0141580369245706
-0.0317964753628253,-0.0327245586289887,-0.0332651033001989,-0.068324015605642,-0.0423335817840392,-0.0455378037371193,-0.018758163594407,-0.0185900937259549,-0.0181931998107335,-0.0367248120969962,-0.0200056980273823,-0.0202285828807702,-0.0124907647758806,-0.0125033607198908,-0.0125871395577741,-0.0255458004385964,-0.0143447184424063,-0.014263864576511
-0.0314576053633316,-0.0319287423203935,-0.033122341101911,-0.068324015605642,-0.0423184565006013,-0.0454695662720922,-0.0188630519258781,-0.018834474035883,-0.0185241977470383,-0.0367248120969962,-0.0200227109371542,-0.0202660783427438,-0.0121049219374759,-0.0124428830102181,-0.0123284891174005,-0.0255458004385964,-0.014325693734824,-0.0142157786728905
-0.0314575975453043,-0.0320024802961543,-0.033147053512579,-0.068324015605642,-0.0423118306974266,-0.0454342562594874,-0.0188630491487126,-0.0187126908322759,-0.0184666656950879,-0.0367248120969962,-0.0200200265486719,-0.0203478184161203,-0.0121049205849043,-0.012435394770673,-0.0123407960860038,-0.0255458004385964,-0.0143297778494871,-0.0142089768934383
-0.032193899526048,-0.0324048304573179,-0.0327439880593977,-0.068324015605642,-0.0423561544341266,-0.0454873540726117,-0.0187656319431138,-0.0188891791054197,-0.0186660915055253,-0.0367248120969962,-0.0199360642869975,-0.0202830127265167,-0.0124665429547982,-0.012382586499574,-0.0123069343073111,-0.0255458004385964,-0.0143478740738862,-0.0141987585158491
-0.0326941125189642,-0.0328619386350067,-0.0331901472105626,-0.068324015605642,-0.0424022906990173,-0.0453733150197395,-0.0185667208948848,-0.0188690329262978,-0.0186997224474821,-0.0367248120969962,-0.0199141597462884,-0.0201860829747856,-0.0124028739341618,-0.0124164607134589,-0.0123536308041909,-0.0255458004385964,-0.014318816803927,-0.0142094974611724
-0.0322750073627556,-0.0325921474894159,-0.033001085265059,-0.068324015605642,-0.0424200694448998,-0.0453741477514531,-0.0183153961653714,-0.0185449424205622,-0.0185766015489849,-0.0367248120969962,-0.0199730002573871,-0.0200106884923743,-0.0124224158023911,-0.012444410194659,-0.0124865249344455,-0.0255458004385964,-0.0142312993432785,-0.0141948858549732
-0.0324137567620375,-0.0325303795615072,-0.0325090739265295,-0.068324015605642,-0.0424132128270944,-0.0456461007442553,-0.0183582922240402,-0.0183837461511194,-0.0184787338056316,-0.0367248120969962,-0.0199694460481843,-0.0198180488141341,-0.0124284214087985,-0.0124465713291887,-0.0125218796992719,-0.0255458004385964,-0.0142125631820134,-0.0141790659505198
-0.0332568334719078,-0.0330202145953829,-0.0329911661841465,-0.068324015605642,-0.0424193887844758,-0.0454884704055239,-0.0184329446215477,-0.0181262789509164,-0.0183549213512043,-0.0367248120969962,-0.0199657480928356,-0.0197129486275801,-0.0123867816371161,-0.0123409215399275,-0.0125525374989396,-0.0255458004385964,-0.0141971117734789,-0.0141814384410583
-0.0332567885336831,-0.0330603617335709,-0.0329979984632967,-0.068324015605642,-0.0424245065339933,-0.0452253775646536,-0.0184327720576608,-0.01815953403062,-0.0183489229105063,-0.0367248120969962,-0.0199623868499672,-0.0199420875214704,-0.0123867111802842,-0.0123233256719324,-0.0125262983015567,-0.0255458004385964,-0.0141797815331006,-0.0142831326616871
-0.0329430602276541,-0.0325759169706744,-0.0327678520493382,-0.068324015605642,-0.0425865573985691,-0.045334969349515,-0.0179376368913709,-0.0183552265992319,-0.0180277951670364,-0.0367248120969962,-0.0197412124232385,-0.0198480271444209,-0.0124090847099509,-0.012321881786983,-0.0124299071272143,-0.0255458004385964,-0.0141643699259407,-0.0142162032776035
-0.0325887984809686,-0.0328007660162282,-0.0325644235668756,-0.068324015605642,-0.0426384233418432,-0.0452689305741808,-0.0179173332794069,-0.0180489355439069,-0.0178073655246229,-0.0367248120969962,-0.019718487511557,-0.0196614923333433,-0.0123342648642416,-0.0122431636608113,-0.0122603612281915,-0.0255458004385964,-0.0141430619331159,-0.0142702396723766
-0.0325889400537932,-0.0327930459946502,-0.0325107454347148,-0.068324015605642,-0.0426429120328777,-0.0453112885720322,-0.0179171437991776,-0.0180410080091052,-0.017872216152001,-0.0367248120969962,-0.0197165942952989,-0.0197325353715549,-0.0123344019710751,-0.0122443131843936,-0.0122769607814377,-0.0255458004385964,-0.0141397662274164,-0.0142267422517773
-0.0329041995557331,-0.0325461270309437,-0.0323843288666731,-0.068324015605642,-0.0426915717643945,-0.045410456065875,-0.0182149841465592,-0.0177899701290776,-0.0176348921898931,-0.0367248120969962,-0.0196997797315787,-0.0197069205680951,-0.0123636482811281,-0.0125450962581527,-0.0125850818263191,-0.0255458004385964,-0.0140971890147475,-0.0141369166583202
-0.032872019061563,-0.032578998697419,-0.0323147071366249,-0.068324015605642,-0.0427424176207264,-0.0453700936485043,-0.0182309760578005,-0.0177147913909738,-0.0175738434546442,-0.0367248120969962,-0.0197367260806011,-0.0198198519329298,-0.012337206232281,-0.0125556252169075,-0.0124761052036368,-0.0255458004385964,-0.0141786903806479,-0.0142339331403646
-0.0329091386678006,-0.0325800092427436,-0.0323803381115788,-0.068324015605642,-0.0427428781862018,-0.0454602952650782,-0.0181909381016694,-0.017726013588619,-0.0177035486487387,-0.0367248120969962,-0.0197293885244197,-0.0199787096274952,-0.0123475908829668,-0.012553352013997,-0.012609845059176,-0.0255458004385964,-0.0141504930358465,-0.0141416372235658
-0.032907959349921,-0.032571191460397,-0.032353478060273,-0.068324015605642,-0.0427354073878881,-0.0453418751157514,-0.0181916203908424,-0.0178115000247421,-0.0176813351211493,-0.0367248120969962,-0.0197270528468926,-0.0197913491788954,-0.0123464546737042,-0.0125310895751832,-0.0125869211058817,-0.0255458004385964,-0.0141620882593127,-0.0141445025951098
-0.0317946595017626,-0.0325418589503471,-0.0324004476933656,-0.068324015605642,-0.0422354551252419,-0.045503195041687,-0.0181058246031896,-0.0178668589526534,-0.0175758598213544,-0.0367248120969962,-0.0198742730761779,-0.0195877033771407,-0.0122604585227986,-0.0121748033025989,-0.0123433681941715,-0.0255458004385964,-0.0140570493217343,-0.0141741578623065
-0.0319404438278094,-0.0336972862718433,-0.0335583419535916,-0.068324015605642,-0.0422333066244319,-0.0456117220093062,-0.0178716139357789,-0.0178300804267643,-0.0175365352430796,-0.0367248120969962,-0.0198906683868561,-0.0197417769874512,-0.0122400414232041,-0.0123184610153565,-0.0120737300413645,-0.0255458004385964,-0.0140619534200135,-0.0140993827520407
-0.0319667902163081,-0.0337085040339649,-0.0334648349765286,-0.068324015605642,-0.0422368711412722,-0.0456679732625134,-0.0178676710817338,-0.0177462646931132,-0.0175894307981321,-0.0367248120969962,-0.0198889193455196,-0.019668045509528,-0.0122315818935719,-0.0121877072288024,-0.0120154535171828,-0.0255458004385964,-0.0140750560020623,-0.0142777701280203
-0.0332948638649967,-0.0339364263154141,-0.0333639574257816,-0.068324015605642,-0.0422858145569844,-0.045727693463115,-0.01799312237536,-0.0178227604623975,-0.0175423531767864,-0.0367248120969962,-0.0199353189392486,-0.0197516736394114,-0.0120971692856062,-0.0120359269881812,-0.01228751343202,-0.0255458004385964,-0.0141005505232456,-0.014106325773219
-0.0332870433890338,-0.0339297545286118,-0.0331595071745816,-0.068324015605642,-0.0422958549913565,-0.0460704235854579,-0.0179795758188084,-0.0178033244574547,-0.017608900984654,-0.0367248120969962,-0.0200067477117286,-0.0199109023681446,-0.0121016515655719,-0.0120802849140494,-0.0120996910155256,-0.0255458004385964,-0.0140822812366028,-0.0142723558352696
-0.0335122243790686,-0.03353990533078,-0.0333839029677165,-0.068324015605642,-0.0424691396865022,-0.0462189352691174,-0.0182807237096768,-0.0184448559134573,-0.018344526608517,-0.0367248120969962,-0.0198682522313092,-0.0196715850213071,-0.0123553270122076,-0.0124400154587787,-0.0122804816787841,-0.0255458004385964,-0.0141929794126156,-0.0143199686795353
-0.0336197676034685,-0.0337494870297564,-0.0333468840342085,-0.068324015605642,-0.0424580542999812,-0.0460577574558581,-0.0182828786000972,-0.0181435590337273,-0.0181151605759768,-0.0367248120969962,-0.019865384366417,-0.0198318484331074,-0.0122647020610599,-0.0122394400196252,-0.0123089640603658,-0.0255458004385964,-0.0141989598597761,-0.0143918807968409
-0.0336197689168821,-0.0337832902479746,-0.0333724960580987,-0.068324015605642,-0.0424687163199316,-0.0460092294357258,-0.0182828782258564,-0.0181577033089766,-0.018123386951029,-0.0367248120969962,-0.0198647347972889,-0.0198648964618619,-0.0122647020366315,-0.0122488145043589,-0.0122987873875562,-0.0255458004385964,-0.0142044049727922,-0.0143520888208524
-0.034144501397104,-0.0343984821011833,-0.0328170673979383,-0.068324015605642,-0.0424791765604842,-0.0457809229709486,-0.018098955279855,-0.0180448869948769,-0.0179927682968094,-0.0367248120969962,-0.0198726678865447,-0.0203470336753311,-0.0122453081122465,-0.0123665889106468,-0.0124329396102511,-0.0255458004385964,-0.0141963568187517,-0.0142750776510057
-0.0338197826861482,-0.0342238060590887,-0.0330582931254873,-0.068324015605642,-0.0424948545563254,-0.0460450501426733,-0.0179780369493652,-0.0182291361829754,-0.0180573946264795,-0.0367248120969962,-0.0198741659163129,-0.0205604497031999,-0.012413747296061,-0.0123475550568799,-0.0121343044977296,-0.0255458004385964,-0.014263778115104,-0.0143171818253472
-0.0317770519376662,-0.0322258749208123,-0.0320818416465395,-0.068324015605642,-0.0424450071224476,-0.0460080782768665,-0.0183713600496794,-0.0182263935677386,-0.0182196774970352,-0.0367248120969962,-0.0198247334855121,-0.0203162535180217,-0.0124649330185973,-0.0121314373744737,-0.0121851999567261,-0.0255458004385964,-0.0142638259144558,-0.0142976034633636
-0.0320818619976036,-0.032009093506999,-0.0324852180795144,-0.068324015605642,-0.0424978809261282,-0.0458927471576284,-0.0183214673209501,-0.0182540835253131,-0.0180166996190895,-0.0367248120969962,-0.0198236428768706,-0.0203190290931589,-0.0123761736310495,-0.0123104704655136,-0.0121349214185713,-0.0255458004385964,-0.0143100840414147,-0.0143862207728449
-0.0331720964112412,-0.0327183277016288,-0.032266837006663,-0.068324015605642,-0.0424814460396687,-0.0459547713440192,-0.0181059553837613,-0.0182846273868526,-0.0180616810975799,-0.0367248120969962,-0.0198000607308641,-0.0200287754251548,-0.0125288587334442,-0.0121902834423516,-0.0121346004208892,-0.0255458004385964,-0.0143103548837206,-0.0142828677585159
-0.0332673548395254,-0.0327815208743071,-0.0332715833531665,-0.068324015605642,-0.0424679023558595,-0.0458253712255312,-0.0180127213081385,-0.0182499251626005,-0.0179839123463927,-0.0367248120969962,-0.01976063462847,-0.0200218569176767,-0.0124688937616966,-0.0123087553012705,-0.012128367840454,-0.0255458004385964,-0.0143185516418779,-0.0142825235299795
-0.0332763475930747,-0.0326913595710118,-0.0329121972610662,-0.068324015605642,-0.0424638879751393,-0.0457809438226124,-0.0180101930435757,-0.0182453892598241,-0.0180452869170433,-0.0367248120969962,-0.0197769079405868,-0.0203699232910169,-0.0124730437760346,-0.0123362850682644,-0.0121040318215915,-0.0255458004385964,-0.0143239452817726,-0.0143343722005822
-0.0332723474172167,-0.0335453946842202,-0.0322962979555542,-0.068324015605642,-0.0424604191029885,-0.0458247871764344,-0.0178852399411032,-0.0179720230237771,-0.0180870311094565,-0.0367248120969962,-0.0197738742228834,-0.0203826510983627,-0.0124900012221045,-0.012409848580797,-0.0121292577643279,-0.0255458004385964,-0.0143050318947609,-0.0143743833266021
-0.0332283850565051,-0.0336677362091178,-0.0322475695029448,-0.068324015605642,-0.0424612105058146,-0.0458789708871173,-0.0180414043019331,-0.0182822621501984,-0.018089612179711,-0.0367248120969962,-0.019772958256155,-0.0203715533880938,-0.0126445102644506,-0.0120381355254217,-0.0120956901037244,-0.0255458004385964,-0.0143096311628384,-0.0142552381803713
-0.0331532494433473,-0.0332395120672887,-0.0320995381852809,-0.068324015605642,-0.0424194605319895,-0.0458191212602728,-0.018193029163107,-0.0183494310964008,-0.0182494440673577,-0.0367248120969962,-0.0198027000100154,-0.0199944490764677,-0.0123942044683863,-0.0122584909356562,-0.0120123940120664,-0.0255458004385964,-0.0142373869867453,-0.0142326151006669
-0.0343243499100109,-0.0345332642661935,-0.0342651029709204,-0.068324015605642,-0.0423656706790069,-0.0458994189960174,-0.0181580666481434,-0.0181524333935393,-0.0180801183045594,-0.0367248120969962,-0.019774246923248,-0.020076014853012,-0.0122880758030864,-0.0124365607350718,-0.0122820443868616,-0.0255458004385964,-0.0142754681614136,-0.0142869689429288
-0.0346815704909211,-0.0347468405614051,-0.0343711475706095,-0.068324015605642,-0.0424059216725615,-0.0457799617745715,-0.018197943430113,-0.0181944142566636,-0.01799378001691,-0.0367248120969962,-0.0197830873060299,-0.0200336200011213,-0.0125140950805321,-0.0124275426884871,-0.0122977082973702,-0.0255458004385964,-0.0142457076230395,-0.0143978511000572
-0.034424768008767,-0.0348903171497845,-0.0334505866389191,-0.068324015605642,-0.0424563640927395,-0.0458238399888367,-0.0179848546787818,-0.018108299902794,-0.0180430896956482,-0.0367248120969962,-0.0198304663512142,-0.019848184057729,-0.0124879095127198,-0.0125035410634274,-0.0122412652702175,-0.0255458004385964,-0.0142461335412488,-0.0144053953671138
-0.0352006488419003,-0.0351764007139608,-0.0340827586379092,-0.068324015605642,-0.0425915214518651,-0.0457492725293931,-0.0181007836429705,-0.0181006498023885,-0.0179860051498973,-0.0367248120969962,-0.0196327442307856,-0.0198334150913191,-0.0124900721272297,-0.0124982027363759,-0.0122563220154028,-0.0255458004385964,-0.0138176258370581,-0.0142528628754436
-0.0352055604087561,-0.0341351951429178,-0.0339651097752228,-0.068324015605642,-0.042561319325941,-0.0458367239734368,-0.0180765284771678,-0.0178464811553794,-0.0179475313110112,-0.0367248120969962,-0.0196141093130915,-0.0198751211947632,-0.0125002135236591,-0.0123733382606759,-0.0122100342527237,-0.0255458004385964,-0.0137626505236812,-0.0144108657738726
-0.0346172509255547,-0.034900121270637,-0.0337953081173579,-0.068324015605642,-0.0425659263303277,-0.0458873551817853,-0.0180047246425815,-0.0180669702482972,-0.0179357647927809,-0.0367248120969962,-0.0196198334131112,-0.0198974166417882,-0.0124856921790489,-0.0126190461615898,-0.0122054982051478,-0.0255458004385964,-0.0137536564174579,-0.0143671233754263
-0.0345128229389788,-0.0354875392953492,-0.0338713696844068,-0.068324015605642,-0.0425522041015563,-0.0459953134279788,-0.0181179444353401,-0.018064641288011,-0.0176740402985402,-0.0367248120969962,-0.0196145516301255,-0.0199042694097783,-0.0123410908643755,-0.0123254088994755,-0.0121589539210223,-0.0255458004385964,-0.0137473086021482,-0.0143053966386208
-0.0344971134370418,-0.0346687887149742,-0.0336691153847314,-0.068324015605642,-0.0425547073664025,-0.0459187035844591,-0.018130092111518,-0.0181467026427898,-0.0180969241498322,-0.0367248120969962,-0.0196169466771197,-0.0198834085336532,-0.0123194599331293,-0.0125316032665902,-0.0123255154514269,-0.0255458004385964,-0.0137501894395821,-0.0143678412769549
-0.034510508944821,-0.0345244805078487,-0.0337032548055807,-0.068324015605642,-0.0425576184807264,-0.0454949539673781,-0.0181181866033216,-0.0180969653108832,-0.0180084657325211,-0.0367248120969962,-0.0196201801140496,-0.0197366194414993,-0.012318594785498,-0.0126163173051797,-0.0123524197177058,-0.0255458004385964,-0.0137476789015415,-0.014327901746545
-0.0351963191400172,-0.0353624953511418,-0.0349937667313823,-0.068324015605642,-0.0425910933922845,-0.0455906816310296,-0.0180911724952821,-0.0182069832850472,-0.0180821317781083,-0.0367248120969962,-0.0196235466000455,-0.0196815818860334,-0.0125924263262153,-0.0124252862163419,-0.0122885213301497,-0.0255458004385964,-0.0137737098920897,-0.0143572766507435
-0.0348619758015237,-0.034981843911049,-0.0343349559111438,-0.068324015605642,-0.0427857716198689,-0.045261385362367,-0.0178699600743131,-0.0179049106714484,-0.0178838065263724,-0.0367248120969962,-0.019640018580061,-0.0194872912015051,-0.0122447540475375,-0.0122632408272909,-0.0121420869104198,-0.0255458004385964,-0.0137863486968095,-0.0142723208141657
-0.0346795665523171,-0.0349727104708376,-0.0349960361425864,-0.068324015605642,-0.0428008689031301,-0.0453750984502683,-0.0180075573127119,-0.0179255581584677,-0.0181157417181166,-0.0367248120969962,-0.0196612919593516,-0.0195683084901551,-0.0123456154939146,-0.0121989379191053,-0.0122584866118926,-0.0255458004385964,-0.013797528885869,-0.0143295105884842
-0.0349713763764322,-0.0351243624530479,-0.035230950749106,-0.068324015605642,-0.0427999216309641,-0.0453926882036596,-0.017952883380949,-0.0179607732327999,-0.0179353198395802,-0.0367248120969962,-0.0196546761133483,-0.0193723728634065,-0.0123102693703309,-0.0122708150448227,-0.0120935083829523,-0.0255458004385964,-0.0137783023458297,-0.0143558514533968
-0.034998960984504,-0.0351534511362401,-0.0350991834536386,-0.068324015605642,-0.0427994916688587,-0.0450717010453741,-0.0179637038008668,-0.0179379265465914,-0.0179992633737727,-0.0367248120969962,-0.0196539507878361,-0.0193269590654206,-0.0123122575501749,-0.0120989015594051,-0.0121319462334469,-0.0255458004385964,-0.0137770573144741,-0.0142145144525944
-0.0347432359545647,-0.0349115342139904,-0.0346867463284698,-0.068324015605642,-0.0427884967997825,-0.0449365820508032,-0.0179760656864495,-0.0180079603693436,-0.0181586068910725,-0.0367248120969962,-0.0196588871333593,-0.0193499173840945,-0.0123659509720666,-0.0122331365540886,-0.0121190735739668,-0.0255458004385964,-0.0137754040583461,-0.0142535185489634
-0.0351374974500439,-0.0352356607937623,-0.0351272532927654,-0.068324015605642,-0.0428453353083208,-0.0451076537008641,-0.0179680668662227,-0.0179465658693094,-0.0180194824240055,-0.0367248120969962,-0.019633865918416,-0.0193028475845294,-0.012423180916206,-0.0121624917047078,-0.0121548968285314,-0.0255458004385964,-0.0138253578762201,-0.0142302649799083
-0.0347428397560406,-0.0346626245551711,-0.0349545879503075,-0.068324015605642,-0.0428258408978562,-0.0454519640405424,-0.0177922215686141,-0.0178410989893696,-0.0180702195899255,-0.0367248120969962,-0.019612785688478,-0.0197018864027415,-0.0123950314269076,-0.012302241735711,-0.0121160193244417,-0.0255458004385964,-0.0138039004010582,-0.0142390456017253
-0.0345155584132175,-0.0346110176390338,-0.0347364264066644,-0.068324015605642,-0.0428160204345379,-0.0453428268145724,-0.0178280577107633,-0.0179698635689766,-0.0180363602868037,-0.0367248120969962,-0.0196170729860603,-0.0197389770437155,-0.0124471277513487,-0.0122877764994566,-0.0120811040116919,-0.0255458004385964,-0.0138021424422956,-0.0142904506262243
-0.0345233217027968,-0.0346297201594637,-0.0347481267568661,-0.068324015605642,-0.0428189072394992,-0.0457334812225525,-0.0178454055044786,-0.0179874034445127,-0.0181344886955837,-0.0367248120969962,-0.0196346564573061,-0.0196111889456608,-0.01243292107602,-0.0122041316579843,-0.0122060809684994,-0.0255458004385964,-0.0138208672247946,-0.0142616231624263
-0.0345840312701758,-0.0348032038772332,-0.0347703061184621,-0.068324015605642,-0.042789748014234,-0.0454104411892764,-0.0178912874236889,-0.0178523431922842,-0.0177512944930937,-0.0367248120969962,-0.0196360541148071,-0.0197076252230971,-0.0122521938780637,-0.0118567659680397,-0.0120144633074511,-0.0255458004385964,-0.013838931807029,-0.0142449661475826
-0.0351923527227869,-0.0350233523628135,-0.0347078374133286,-0.068324015605642,-0.0427705218599901,-0.0454189174043814,-0.0176207166168862,-0.0175044890831258,-0.0174280840775445,-0.0367248120969962,-0.0196473222605914,-0.0196959552549696,-0.0120649018486757,-0.0119398928405668,-0.0119906962298751,-0.0255458004385964,-0.0138377358899359,-0.0142301379387773
-0.0356196950078222,-0.0355283244701141,-0.0346757384887663,-0.068324015605642,-0.0427879309845885,-0.0453165331849023,-0.0175544189749401,-0.0175670816889161,-0.0175889950252207,-0.0367248120969962,-0.0196478910474845,-0.0196711408987729,-0.0118665248569585,-0.0118381687582879,-0.0119980415231723,-0.0255458004385964,-0.0138272682606142,-0.0142810114170245
-0.0353756051084731,-0.0360550798814525,-0.0362738852857682,-0.068324015605642,-0.0428153890107889,-0.0445418154502435,-0.0177323634624478,-0.0176002631060544,-0.0176798391043125,-0.0367248120969962,-0.0196464228266847,-0.0197002933908863,-0.0121695531863679,-0.0119662115419397,-0.0120585643768859,-0.0255458004385964,-0.0138254727377487,-0.0140504236288094
-0.0353257785029493,-0.0358142601704251,-0.0359966159494804,-0.068324015605642,-0.0428709524704313,-0.0451306026204463,-0.0178562819976069,-0.0179479924312305,-0.0181469753806475,-0.0367248120969962,-0.0196294068661295,-0.0197600708613956,-0.0122658944413234,-0.0122357716387004,-0.0123075005271268,-0.0255458004385964,-0.0138181445712167,-0.0142121004819716
-0.0365574854073062,-0.0357955596540615,-0.0365281057818101,-0.068324015605642,-0.0429321040959578,-0.0452394307140361,-0.0179908530913702,-0.0180773398464481,-0.0181375686464098,-0.0367248120969962,-0.0196449199977806,-0.0197566841537214,-0.0122425110519426,-0.012307487822948,-0.0122940671271517,-0.0255458004385964,-0.0138454254842048,-0.0142396349808637
-0.0314416650506188,-0.0316343426270474,-0.0323000812014774,-0.068324015605642,-0.0398367885119572,-0.0458665436339894,-0.0173298057533181,-0.0173817913186059,-0.0177003170995991,-0.0367248120969962,-0.0187050507978068,-0.0201455150665085,-0.0120302212279625,-0.012117116017485,-0.0120299905684085,-0.0255458004385964,-0.0134894774973515,-0.0143981868749313
-0.0316903598888553,-0.0314869564992308,-0.0321866918905497,-0.068324015605642,-0.039893364469225,-0.0457644267588539,-0.0177026056491698,-0.0177347972724189,-0.0177345781906904,-0.0367248120969962,-0.0187258726831669,-0.0203235559817746,-0.0119426257982796,-0.0120585881611626,-0.012125633974022,-0.0255458004385964,-0.0134818702999711,-0.0144755762746152
-0.0316974371336949,-0.0314338963030747,-0.0320746552775071,-0.068324015605642,-0.0398932539901553,-0.045592104159136,-0.0176941882019029,-0.0177885072438772,-0.0176611322019273,-0.0367248120969962,-0.0187304825935318,-0.0204135448458127,-0.0119364389236561,-0.0120133414586894,-0.01211916824702,-0.0255458004385964,-0.013482120934582,-0.014418810898592
-0.031810352454538,-0.031562492735938,-0.032213788611179,-0.068324015605642,-0.0398907426347955,-0.045423276943043,-0.017607743947533,-0.0177600322328972,-0.0178414825390506,-0.0367248120969962,-0.0187265608558399,-0.020325142476789,-0.0120344571202514,-0.0120734423018446,-0.0119447892074067,-0.0255458004385964,-0.0134863655746711,-0.0144041278830148
-0.0318104907752935,-0.0315417928232802,-0.0322511546551858,-0.068324015605642,-0.0398510202688008,-0.0456046669903116,-0.017604955894152,-0.0177579495525893,-0.0175856435611546,-0.0367248120969962,-0.0187276795209161,-0.0203464334386667,-0.0120350768392138,-0.012135749589955,-0.0120197349455129,-0.0255458004385964,-0.0134803456246068,-0.0144624986518875
-0.0317911521597614,-0.0316274841710262,-0.0322932448037992,-0.068324015605642,-0.039821111348061,-0.045922746433701,-0.0176179880653639,-0.0176736118010888,-0.017703157076364,-0.0367248120969962,-0.0187339182564697,-0.0203955685594412,-0.0120650740467516,-0.0119948994777148,-0.0119998322287968,-0.0255458004385964,-0.0134601864612989,-0.0145879212821448
-0.031791151141557,-0.0317225203884258,-0.0322260056723041,-0.068324015605642,-0.0398465665189649,-0.0459039041809671,-0.0176179803203682,-0.0175696085348354,-0.0177595635794148,-0.0367248120969962,-0.0187363196170537,-0.0203840228108347,-0.0120650884405476,-0.0119985608137496,-0.0120738511846936,-0.0255458004385964,-0.013450651130959,-0.0146417989410035
-0.0315596303973354,-0.0315206228278034,-0.0319926237799398,-0.068324015605642,-0.0398177542956466,-0.0459037433225102,-0.0177902289521849,-0.0177429985241249,-0.0177874184496628,-0.0367248120969962,-0.0187174977211947,-0.020475145416881,-0.0119823410556093,-0.0121365886110035,-0.0120231949167118,-0.0255458004385964,-0.0134466543813419,-0.0145297467433166
-0.0322471735021216,-0.0319692733321488,-0.0322204365361771,-0.068324015605642,-0.0398338361658561,-0.045604014484641,-0.0177610179502132,-0.0175969247678647,-0.0179031220373038,-0.0367248120969962,-0.0187228613240778,-0.0203068581605626,-0.0120609360926115,-0.0120573029963159,-0.0120438715490347,-0.0255458004385964,-0.0134429269565456,-0.0147960157871309
-0.0322458536798897,-0.0319772894769975,-0.0321400783872815,-0.068324015605642,-0.039733284470762,-0.04591041652229,-0.0177794266553794,-0.0176317337507827,-0.0179439797690996,-0.0367248120969962,-0.0186996185433822,-0.020303253690171,-0.0120609784008671,-0.0120577888232681,-0.0120322383088318,-0.0255458004385964,-0.0134604415631564,-0.0145759692510247
-0.0320700368515637,-0.0318865065653099,-0.0321145473533938,-0.068324015605642,-0.0397105275194839,-0.0459752477600115,-0.0175282910993434,-0.0175572391559743,-0.0175883598976706,-0.0367248120969962,-0.0186871700353104,-0.0204510867361744,-0.0119982915101637,-0.0119950744014513,-0.0119270403556505,-0.0255458004385964,-0.0133892606171677,-0.0145481825909449
-0.0319645461671476,-0.031946250054573,-0.0321006933043943,-0.068324015605642,-0.0397146961490104,-0.0461388335020211,-0.0174451639234339,-0.0175666237527724,-0.0175916150468702,-0.0367248120969962,-0.0186972667099185,-0.0204617718243978,-0.0118575253873167,-0.0120502146145591,-0.0119853076853749,-0.0255458004385964,-0.0134033082316068,-0.0146900994195033
-0.0322886923268952,-0.0322629896370307,-0.0325356703933003,-0.068324015605642,-0.039743441432029,-0.0462552552392191,-0.0172792077210462,-0.0173960989615003,-0.0175659722159835,-0.0367248120969962,-0.0187033882458198,-0.0204551683776289,-0.0119446512652114,-0.0119647616663655,-0.0119168264624664,-0.0255458004385964,-0.0133939128075334,-0.0147949159372871
-0.0322886918191251,-0.0323694902399826,-0.032512076629191,-0.068324015605642,-0.0397813286067619,-0.0462583160352513,-0.0172792082121479,-0.0174733429706688,-0.0175402228189932,-0.0367248120969962,-0.0187098432176314,-0.0204699656809749,-0.0119446521661406,-0.0119177616524356,-0.0118956748413549,-0.0255458004385964,-0.013395170580815,-0.0148040235185985
-0.0322886919210977,-0.0323741416807989,-0.0325426277754657,-0.068324015605642,-0.0397826520424422,-0.0462461627364038,-0.0172792063505365,-0.0174750030716149,-0.0175800391383292,-0.0367248120969962,-0.0187339090139066,-0.0204045436242398,-0.0119446514664457,-0.0119295440724511,-0.0119268856679188,-0.0255458004385964,-0.0133943474328363,-0.0148276656682434
-0.0317274372698042,-0.0324667587604162,-0.0327177862770181,-0.068324015605642,-0.0397402471977221,-0.04601381262845,-0.0170759473151589,-0.0171761939832656,-0.0174985107437899,-0.0367248120969962,-0.0187422369359124,-0.0204044164236806,-0.0117821889427591,-0.0117559634326997,-0.0118295193864874,-0.0255458004385964,-0.0133822479135803,-0.0147921171032908
-0.0317274381954685,-0.0324806180212294,-0.0326782763840651,-0.068324015605642,-0.0397315089427711,-0.0463786919023117,-0.0170760266187359,-0.0171577936142965,-0.0174704740778032,-0.0367248120969962,-0.0187490832352939,-0.0205674667116357,-0.0117821377782454,-0.0117647953262484,-0.0119065177285429,-0.0255458004385964,-0.0133887204423039,-0.0146579833068119
-0.0324304671905584,-0.0326601491798405,-0.0323371176730912,-0.068324015605642,-0.0397628250917335,-0.0466352962881768,-0.0169508760555046,-0.0172337648010173,-0.0176296476011818,-0.0367248120969962,-0.0187511412930258,-0.0205966023463829,-0.011907485743987,-0.0117859139892196,-0.0118769549982561,-0.0255458004385964,-0.01339165514008,-0.0145452450363729
-0.0324100352041515,-0.0321931698385859,-0.032676791524006,-0.068324015605642,-0.0397482558681945,-0.0465443534522361,-0.0170793170607346,-0.0172457598804621,-0.017525298793817,-0.0367248120969962,-0.0187500017827976,-0.0205498195064873,-0.0120339170272687,-0.0116409837187766,-0.0117771882371867,-0.0255458004385964,-0.0133807695944518,-0.0145779627440386
-0.0324096918329723,-0.0320834860142988,-0.0326680618219609,-0.068324015605642,-0.0397182016460594,-0.0466536251877787,-0.017079456519458,-0.0172450571267279,-0.0174736836434541,-0.0367248120969962,-0.01877378442533,-0.0203125445699696,-0.0120338640260573,-0.0116448657081628,-0.0117674138228178,-0.0255458004385964,-0.0133934877977742,-0.0146895955355353
-0.0321524675400698,-0.0324213352323761,-0.032618251426483,-0.068324015605642,-0.0397109254372191,-0.0468800365294868,-0.0172548756587528,-0.0172216543257857,-0.0175974078652644,-0.0367248120969962,-0.0187678871674764,-0.0203716825105656,-0.0119416039828214,-0.0118820738108304,-0.0117057694902637,-0.0255458004385964,-0.0133908332328367,-0.014740873270049
-0.031963323035833,-0.0320471727710485,-0.0326990769966056,-0.068324015605642,-0.0397093104859098,-0.0468952019140874,-0.0172062476623315,-0.0172697784197929,-0.0176965933608796,-0.0367248120969962,-0.0187691050929294,-0.0204936988265169,-0.0118383759091006,-0.0116689313708601,-0.0116609949089034,-0.0255458004385964,-0.0134023271931964,-0.0146674172712554
-0.0319633231996097,-0.0320539381263795,-0.0321982217207695,-0.068324015605642,-0.0397292018323196,-0.0468614959239985,-0.017206247708971,-0.0172481123255023,-0.0175907292052893,-0.0367248120969962,-0.0187724597199365,-0.0205296088587689,-0.0118383758304676,-0.0116774871135356,-0.0116426426399691,-0.0255458004385964,-0.0134083312194168,-0.0146870649006912
-0.0319476660685884,-0.031980612931303,-0.0325466705026849,-0.068324015605642,-0.0397738600335009,-0.0467204647637507,-0.0173030189059563,-0.0175206576662694,-0.0173751077742917,-0.0367248120969962,-0.0187678070293588,-0.0204963168082316,-0.0118484368591084,-0.0117968716016472,-0.011649310770359,-0.0255458004385964,-0.0134170940625333,-0.0147347292961325
-0.0321755443955423,-0.0324699641032804,-0.032846994919129,-0.068324015605642,-0.0397770450606817,-0.0467729665979883,-0.0172555425272025,-0.0171678663951055,-0.017190705522716,-0.0367248120969962,-0.0187683083157953,-0.0205650944333049,-0.0116627122240587,-0.0116855616843525,-0.0117011670034068,-0.0255458004385964,-0.0134178557433116,-0.0147048725854875
-0.0321866094398728,-0.032477132264081,-0.0326771260449484,-0.068324015605642,-0.0398031883118364,-0.047050577577496,-0.0172760270771535,-0.0171644939338754,-0.0172339634181645,-0.0367248120969962,-0.0187771946499607,-0.0207277798122845,-0.0116563140233233,-0.0116795258432566,-0.0116700909319663,-0.0255458004385964,-0.0134390356456787,-0.0148590695482658
-0.0327149652971946,-0.0329254832719712,-0.0327746603230174,-0.068324015605642,-0.0398264300618818,-0.047097839739122,-0.0172064313708466,-0.0172591902546023,-0.017245800979086,-0.0367248120969962,-0.018807273354059,-0.0204884163338208,-0.011836842990334,-0.0116765372417089,-0.0116889329319843,-0.0255458004385964,-0.013449004317331,-0.0148624162648507
-0.0327149078127285,-0.0329205707833126,-0.0327904344935598,-0.068324015605642,-0.0397577395022311,-0.047127134466466,-0.0172065047216895,-0.0172679479695364,-0.0172257235955193,-0.0367248120969962,-0.0188237487115939,-0.0205652514600968,-0.0118368965840815,-0.0116231525640705,-0.0117035914100489,-0.0255458004385964,-0.0134302385841798,-0.0148203862604269
-0.031832866055401,-0.0321450273905609,-0.0329834782026291,-0.068324015605642,-0.0397529145668018,-0.0470063007413712,-0.0172845294198561,-0.0173795287474858,-0.0172637768805531,-0.0367248120969962,-0.0188266277343158,-0.0205720205823909,-0.0117608587502837,-0.0117776154972746,-0.0115684477940861,-0.0255458004385964,-0.013433606209888,-0.0146942131806449
-0.0318328653108257,-0.0322907949668009,-0.0329973196421317,-0.068324015605642,-0.0396750075403978,-0.0466883705923751,-0.0172845151601475,-0.017372444820454,-0.0172552683548174,-0.0367248120969962,-0.0188311877151328,-0.0204850170590362,-0.0117608796633592,-0.0117550884365877,-0.0115736091539401,-0.0255458004385964,-0.0134561260721332,-0.014735992042081
-0.032048432282273,-0.031880022732787,-0.0327936964739349,-0.068324015605642,-0.0396766874246175,-0.0467321721920147,-0.0171062665317837,-0.0173642138649833,-0.0173689216130786,-0.0367248120969962,-0.0188369320116431,-0.0207070832582384,-0.0115784102579198,-0.011625296065129,-0.0116477906987165,-0.0255458004385964,-0.0134821993057025,-0.0146794791784536
-0.0321914911419276,-0.0320906691284456,-0.0324905039650778,-0.068324015605642,-0.0397664578036353,-0.0465079126357587,-0.0174974828762927,-0.0172710231027775,-0.0173894844335201,-0.0367248120969962,-0.0188442675457872,-0.0207306845389377,-0.011730287622993,-0.0117056054398214,-0.0116642681755945,-0.0255458004385964,-0.0134890845593862,-0.0145999694673301
-0.0318758666005616,-0.0316656654349133,-0.0314373950461328,-0.068324015605642,-0.0397010656767176,-0.0466388125325383,-0.0170270301489016,-0.017022025509988,-0.0174121480374562,-0.0367248120969962,-0.0188666308716366,-0.0204569067076903,-0.011545909300574,-0.011621068379399,-0.0115595340627929,-0.0255458004385964,-0.0134739952776049,-0.0145589661487501
-0.0316851217026149,-0.0313180862222695,-0.0322341770173966,-0.068324015605642,-0.0397010444533828,-0.0469279384173749,-0.017254122389485,-0.0176965621630207,-0.0177142278832822,-0.0367248120969962,-0.0188735400142549,-0.0205723041614992,-0.011785266471593,-0.0118235541780222,-0.0116866752668428,-0.0255458004385964,-0.0135040205218354,-0.01462716020964
-0.0316852067512414,-0.0313091033645501,-0.0324653398312355,-0.068324015605642,-0.0396680599340756,-0.0471859954664251,-0.0172517835218649,-0.0176832417179626,-0.0178465440628403,-0.0367248120969962,-0.0188577388211704,-0.0206402882802338,-0.0117860222786007,-0.0118457351052224,-0.0116250536156518,-0.0255458004385964,-0.0135151284601456,-0.0146650090316212
-0.0316930225171972,-0.0313571437721247,-0.0321328370065363,-0.068324015605642,-0.0396652748550707,-0.0473000706821741,-0.0171330590731843,-0.0172095430993261,-0.0172418218369968,-0.0367248120969962,-0.0188488234760152,-0.020596834150327,-0.0118053961219024,-0.0116680728085587,-0.0116750078403631,-0.0255458004385964,-0.0135147541224242,-0.0147185468213985
-0.0316930225161018,-0.031348712009759,-0.0316126293056344,-0.068324015605642,-0.0396750725143002,-0.0473288080604842,-0.0171330590738993,-0.0172528684718315,-0.0174867211233082,-0.0367248120969962,-0.0188566065694469,-0.0206699562703163,-0.0118053961242206,-0.011691787062562,-0.0115679850569096,-0.0255458004385964,-0.013517840104644,-0.0149005576386727
-0.0317536584831433,-0.0313925770880459,-0.0313161283795612,-0.068324015605642,-0.0396893642533019,-0.0472696406185809,-0.0172106182549981,-0.0176863398159927,-0.0180256085516725,-0.0367248120969962,-0.018869524836876,-0.0205099954041324,-0.0117375798799876,-0.0116865860775838,-0.0115081278679275,-0.0255458004385964,-0.0135053659327247,-0.0147259753323092
-0.0317528242761016,-0.0313802664546788,-0.0312854371103402,-0.068324015605642,-0.0396707848160782,-0.0467164063051501,-0.017210529147253,-0.017654737448198,-0.0179057436448275,-0.0367248120969962,-0.0188688506387738,-0.0204605394501156,-0.0117376182805065,-0.0116663288428525,-0.0115102512781908,-0.0255458004385964,-0.0134921757409507,-0.0147437347805394
-0.0318140338488845,-0.0316051777056539,-0.0313492694341854,-0.068324015605642,-0.0396747305451937,-0.0469022977346851,-0.017246998023853,-0.0174757487166426,-0.017909210832861,-0.0367248120969962,-0.018866727276359,-0.0205095905099466,-0.0118325833588422,-0.0116343454522077,-0.0115758721727829,-0.0255458004385964,-0.0134912898984931,-0.0146495331603235
-0.0317910386558819,-0.0315969789165435,-0.0313958048716972,-0.068324015605642,-0.0397067649004039,-0.047074938409477,-0.0173597966671632,-0.017404971857545,-0.0180794163093746,-0.0367248120969962,-0.018868030734932,-0.0204647919076137,-0.0118658231987158,-0.0116557975423661,-0.0115623780892308,-0.0255458004385964,-0.0134960165721088,-0.0148611836828644
-0.0317022183949953,-0.0316122264075068,-0.0313300169762592,-0.068324015605642,-0.039561779999997,-0.0469988400242501,-0.0170761369432707,-0.0168525420502429,-0.0177098487129205,-0.0367248120969962,-0.018866108144062,-0.020320394566052,-0.0117186678509991,-0.0116662537517052,-0.0116351053598338,-0.0255458004385964,-0.0135782422943456,-0.014840126264772
-0.0319413425838665,-0.0318148926426919,-0.0317797302894156,-0.068324015605642,-0.0395506437865179,-0.046655222624822,-0.0167736927878211,-0.0167135484397466,-0.0172973156001922,-0.0367248120969962,-0.0188767086365028,-0.0202571235626396,-0.0117868987257304,-0.0115618053390792,-0.0116148493839636,-0.0255458004385964,-0.0134638532237587,-0.014687249723097
-0.0320829769842867,-0.0321348528596281,-0.0318095218090653,-0.068324015605642,-0.0395207657519622,-0.0468096688992526,-0.0166843835647109,-0.0167270960818128,-0.0172022513215971,-0.0367248120969962,-0.0188560807800433,-0.0201605852944752,-0.0116626343213129,-0.011521508978083,-0.0117279910386656,-0.0255458004385964,-0.0134806125953422,-0.0145580754227081
-0.0320896520878465,-0.0321611649749149,-0.0317715408804988,-0.068324015605642,-0.0395220559127581,-0.0464916876586443,-0.0166813732468702,-0.016793950775997,-0.0172382461685238,-0.0367248120969962,-0.0188548245947031,-0.0197456787014024,-0.0116916299753531,-0.0115171653404738,-0.0117121878110808,-0.0255458004385964,-0.0134831576808093,-0.0145828428744233
-0.0320910424930697,-0.0321600046216484,-0.0317979746883111,-0.068324015605642,-0.0395255543001563,-0.04583901205754,-0.0166807956391452,-0.0168948642443181,-0.017252782185539,-0.0367248120969962,-0.0188475618057181,-0.0198939838538726,-0.0117378828726459,-0.0114835194887651,-0.0116968869250933,-0.0255458004385964,-0.013488665192033,-0.0146526384934873
-0.032060999455257,-0.031812095001101,-0.0313010805327949,-0.068324015605642,-0.0394455831817847,-0.0462602284715261,-0.0167786015305203,-0.0167485038432486,-0.0170483975239799,-0.0367248120969962,-0.0187721313134412,-0.0203705105583608,-0.0117532518336541,-0.0115728992888365,-0.011748629126651,-0.0255458004385964,-0.0134186519735273,-0.0147135388105678
-0.0320602401023054,-0.0317450357218432,-0.0312355299083586,-0.068324015605642,-0.0394324236884235,-0.0463464031172397,-0.0167786049746308,-0.0168614142301406,-0.0170350616263739,-0.0367248120969962,-0.0187902372194706,-0.0200601933786928,-0.0117533420263491,-0.011642274727059,-0.0117758896122075,-0.0255458004385964,-0.0134265352949989,-0.0148227386198725
-0.0320051143927984,-0.0316044556315551,-0.0321913216416756,-0.068324015605642,-0.0393391532981113,-0.0463676067290245,-0.0167816665581317,-0.0170321793479988,-0.0173057997644222,-0.0367248120969962,-0.0188230667648562,-0.0199926382403705,-0.0118689510063588,-0.0115723054511776,-0.0116410737167577,-0.0255458004385964,-0.0134282461205091,-0.0148788176709823
-0.0326188421387074,-0.0314562427000076,-0.0315086060221539,-0.068324015605642,-0.0393916860750093,-0.0463692180915151,-0.0166068387931734,-0.0168728800517919,-0.0171828927943402,-0.0367248120969962,-0.0187924917606109,-0.0198380663516477,-0.0119220714071043,-0.0116373596719327,-0.0116921444499013,-0.0255458004385964,-0.0134062605422679,-0.0148361095864938
-0.0318696015779485,-0.0317539146898426,-0.0315042754351809,-0.068324015605642,-0.0393627820733314,-0.0462146177725251,-0.0167891283345168,-0.0169286986651606,-0.0171491848071977,-0.0367248120969962,-0.0187729036509819,-0.019713015186106,-0.0117724259089588,-0.011575848230829,-0.0116457284213949,-0.0255458004385964,-0.0134167499806423,-0.0149415874390083
-0.0318709529980105,-0.0317323888760966,-0.0315002717333369,-0.068324015605642,-0.0396307920751735,-0.0457832525632547,-0.0167852351777966,-0.016864873303026,-0.0171973544536609,-0.0367248120969962,-0.0187608442940061,-0.0195802202592145,-0.0117731297646567,-0.0115756071604987,-0.0116020070109898,-0.0255458004385964,-0.0133854433929723,-0.0149055293961916
-0.0320442424930785,-0.0314617993952268,-0.031319607793169,-0.068324015605642,-0.0396500525222349,-0.0461597228081444,-0.0168926272263979,-0.0170169375138655,-0.017178147357064,-0.0367248120969962,-0.0187634507429315,-0.0193455563766414,-0.0118771837880304,-0.0115393547668952,-0.0116628050024943,-0.0255458004385964,-0.0133807121223381,-0.0147715777967116
-0.0320243718251618,-0.0315340487496474,-0.0320214534664385,-0.068324015605642,-0.0395769973835469,-0.0455742369072426,-0.0166093763014154,-0.0168160762373978,-0.0169896734669462,-0.0367248120969962,-0.0187581230119242,-0.0196864347034915,-0.01176687836925,-0.0115939010353383,-0.0115575370525924,-0.0255458004385964,-0.0133929106701233,-0.0148352366234005
-0.0320265961768453,-0.0315596576575777,-0.0315834183064697,-0.068324015605642,-0.039683164494368,-0.0459071722097975,-0.0166029787557566,-0.0168087333205745,-0.0169483211966645,-0.0367248120969962,-0.018751263101551,-0.0193754244120748,-0.0117605279656413,-0.0115922541121696,-0.0116102819486285,-0.0255458004385964,-0.0133406312959292,-0.0146255975597914
-0.0320251141233754,-0.0315656925360782,-0.0319966739965242,-0.068324015605642,-0.0398025870398322,-0.0454018326067835,-0.0166089807652347,-0.0168113763933663,-0.0169585288855806,-0.0367248120969962,-0.0186431293050546,-0.0194631130336797,-0.0117649172572106,-0.0115984903873899,-0.0116004272097793,-0.0255458004385964,-0.0133229390397964,-0.014541447952784
-0.0320306217730686,-0.031370837712627,-0.0319637187902203,-0.068324015605642,-0.0398332772641419,-0.0454210369470646,-0.0169829008406534,-0.0166115602318044,-0.016686020835482,-0.0367248120969962,-0.0186431172943988,-0.0195220919504445,-0.0116615151448568,-0.0114669791259369,-0.0113446501719463,-0.0255458004385964,-0.0133074191226661,-0.0145206465524967
-0.0311847357675081,-0.031234125100292,-0.0326775618199154,-0.068324015605642,-0.039816133864284,-0.0462204749275556,-0.0167389375915893,-0.0164622624508197,-0.0166944855458039,-0.0367248120969962,-0.0186596982462909,-0.020196630474383,-0.0115278299012613,-0.0114221922055319,-0.0113644760651352,-0.0255458004385964,-0.0133135855301661,-0.0148051625410025
-0.0318265340569218,-0.0310998943412681,-0.0318954295327329,-0.068324015605642,-0.0398898709367948,-0.0463071586510826,-0.0165523171922054,-0.0165313578989419,-0.0165513333867887,-0.0367248120969962,-0.0186835192496046,-0.0202405187521174,-0.011422846718814,-0.0114638193768367,-0.0113547709787018,-0.0255458004385964,-0.0133155261955035,-0.0147222823228817
-0.0326861345929019,-0.0313515894495728,-0.0322825253415955,-0.068324015605642,-0.039941591039282,-0.0464843066030253,-0.0166872181832578,-0.0165362531627498,-0.0166033224773968,-0.0367248120969962,-0.0186759258076806,-0.0201738912431585,-0.0115919663013656,-0.0113665505872029,-0.0112489573951384,-0.0255458004385964,-0.0133295112388323,-0.014873509487308
-0.0326386058115811,-0.0314297771644529,-0.0319851619870311,-0.068324015605642,-0.0399081864173883,-0.0464793841031682,-0.0166814841151395,-0.016583261149424,-0.0166738661503649,-0.0367248120969962,-0.0187056309441127,-0.0206178794028859,-0.0116256008230042,-0.0113124144177845,-0.0112506224333688,-0.0255458004385964,-0.0133448069688472,-0.0148539425342841
-0.0326901087041624,-0.031296382340652,-0.0320607702256805,-0.068324015605642,-0.0400334566028123,-0.0465395165497125,-0.0166873466128518,-0.0165518387699863,-0.0167572052885957,-0.0367248120969962,-0.0186728176025778,-0.0207475893257129,-0.0115801719827299,-0.0113608665265336,-0.0112110601217093,-0.0255458004385964,-0.0133537509966514,-0.0150841669032038
-0.0326448715067653,-0.0312850300408628,-0.0311410359469836,-0.068324015605642,-0.039969500718227,-0.0466629069651504,-0.0166051309045002,-0.0166062424780547,-0.0165505200521533,-0.0367248120969962,-0.0186807083228591,-0.0202684518260804,-0.0115290823350045,-0.0114113624236009,-0.0113900252749414,-0.0255458004385964,-0.0133539053349954,-0.0149178825666563
-0.0322590825399622,-0.0315546203150168,-0.0311787768792909,-0.068324015605642,-0.0399843007374025,-0.0461302476557315,-0.0163584041575785,-0.0165791870368395,-0.0165479026743756,-0.0367248120969962,-0.0186886003784304,-0.0205029842292141,-0.0116308836337946,-0.0114308186642334,-0.0113239517512539,-0.0255458004385964,-0.0133697641122057,-0.0148528154607306
-0.0321760436892348,-0.0317324358288484,-0.0315846705317135,-0.068324015605642,-0.0399548267318933,-0.0455666936941514,-0.0165040163112797,-0.0165605028756335,-0.0167163738375053,-0.0367248120969962,-0.0186810026111288,-0.0205437272410031,-0.0116221959300905,-0.0115461546081772,-0.011375614952361,-0.0255458004385964,-0.0133339727143293,-0.0150557744375676
-0.0321376019016834,-0.0317227797446206,-0.0314634404119515,-0.068324015605642,-0.039992428376882,-0.045409279290837,-0.0165168239022797,-0.0165649356811188,-0.0167045572438879,-0.0367248120969962,-0.0186605541845722,-0.0205313205404903,-0.0116192715642192,-0.0115680342730815,-0.011354783611706,-0.0255458004385964,-0.0133420591697074,-0.0152644186430351
-0.0320845264820908,-0.0321818384094275,-0.0312497613850487,-0.068324015605642,-0.0400482414482546,-0.0455428764726353,-0.0168073736918605,-0.016745261163068,-0.0166957256885977,-0.0367248120969962,-0.0186634975758324,-0.0206669956399238,-0.0116655193157845,-0.0115703392977084,-0.0113012554245189,-0.0255458004385964,-0.0134453949361899,-0.0147795175502265
-0.0320871748572457,-0.0322222814800835,-0.0313048060716494,-0.068324015605642,-0.0401453483972138,-0.0454762714807432,-0.01675650389227,-0.0168111480247079,-0.0167016685402178,-0.0367248120969962,-0.0186984319326086,-0.0207748393231629,-0.0116639473029956,-0.0115646787267887,-0.0112168866361579,-0.0255458004385964,-0.0134439276852341,-0.0148832636042631
-0.0319481556544569,-0.0321646759874686,-0.0312982223304191,-0.068324015605642,-0.0401284935285702,-0.0455152713630393,-0.0167442648607711,-0.0166450735441939,-0.0166848368185642,-0.0367248120969962,-0.0186908097727501,-0.0207431257196012,-0.0116788540565917,-0.0115378889916139,-0.0112305275930286,-0.0255458004385964,-0.0134329052156107,-0.0148459976469012
-0.0319444717095082,-0.0320186229050329,-0.0318251890669183,-0.068324015605642,-0.0400910303927787,-0.0452639704862147,-0.0164267480859354,-0.0165503559799256,-0.0168171095901042,-0.0367248120969962,-0.0187042863717223,-0.0205521005715542,-0.011434727283395,-0.0112367267282691,-0.0112027720866303,-0.0255458004385964,-0.0134480439586086,-0.0148777334074759
-0.0319407991839965,-0.0319414207599925,-0.0319429724174973,-0.068324015605642,-0.0400883316717775,-0.0453987091626869,-0.0164296148742813,-0.0165410504091894,-0.0167861780983441,-0.0367248120969962,-0.0186937411644618,-0.0202290252980432,-0.0114394323693478,-0.0114804071687522,-0.0112005586219403,-0.0255458004385964,-0.0134445130199397,-0.0148562002172268
-0.0321632527627059,-0.0324248747502731,-0.0315177145480295,-0.068324015605642,-0.0400898318888976,-0.0457261228415266,-0.0164281491314666,-0.0165196317831631,-0.0168998679211209,-0.0367248120969962,-0.0187269277775295,-0.0200036992572046,-0.0115145751121259,-0.0116762864242063,-0.0112480429966794,-0.0255458004385964,-0.0134135878613465,-0.0148833095395357
-0.0321632485184574,-0.0323044215321034,-0.0311985456544461,-0.068324015605642,-0.0401103088769331,-0.0460357849180918,-0.0164281521883265,-0.0165564762705294,-0.0169343499862445,-0.0367248120969962,-0.0187305147798582,-0.0206090086773206,-0.0115145774396643,-0.0116375050815881,-0.0112183291623541,-0.0255458004385964,-0.0134125577531571,-0.0148095161904098
-0.032149958586205,-0.0321725550737963,-0.0309126326600389,-0.068324015605642,-0.0400216150002694,-0.0459069739303799,-0.016437701732453,-0.0165007413834309,-0.0166812775442125,-0.0367248120969962,-0.0186688485079189,-0.020572827609798,-0.0115276275515238,-0.0116370462162941,-0.0111698258010954,-0.0255458004385964,-0.0134648553676473,-0.0147805274576156
-0.0319725488726897,-0.0317507335000142,-0.0313071441977079,-0.068324015605642,-0.0400466806772694,-0.0457931311344871,-0.0166264467225513,-0.0164820821493804,-0.0165638788020307,-0.0367248120969962,-0.018653524817995,-0.0198843533537308,-0.0116153997152068,-0.0115035489396384,-0.0115307405759276,-0.0255458004385964,-0.0134571899143641,-0.0147378757415025
-0.0326712521171273,-0.0327853617362543,-0.032677021540444,-0.068324015605642,-0.040213497487372,-0.0454319979950067,-0.0167640223777187,-0.0165858094996926,-0.0166240143337327,-0.0367248120969962,-0.0185116129152989,-0.0195185041802306,-0.0115491044997791,-0.0112926112298008,-0.0113107180091603,-0.0255458004385964,-0.0134865115148185,-0.0146014917855363
-0.0325431683627621,-0.0325803739870407,-0.032277860136422,-0.068324015605642,-0.0398515898440881,-0.0450016597522216,-0.0167674471678975,-0.0166923731429146,-0.0164924562537267,-0.0367248120969962,-0.018744350577491,-0.0198159966005497,-0.011527509978578,-0.0112625095018943,-0.0113054513650721,-0.0255458004385964,-0.0133994165553173,-0.014539986796069
-0.0327799434774297,-0.0323155739823808,-0.0323443609658285,-0.068324015605642,-0.0400921173486012,-0.0448513830921075,-0.0165176584048329,-0.016563107726135,-0.0166101232803216,-0.0367248120969962,-0.0183917567464188,-0.0197359597664172,-0.0113158337341993,-0.0112034993566758,-0.011211529586779,-0.0255458004385964,-0.0134969032536905,-0.0142816409319727
-0.0335495599551261,-0.0323599905663253,-0.0313970582372566,-0.068324015605642,-0.0398263085989956,-0.0447143337579301,-0.0165712921675772,-0.0165005805323193,-0.0163076974950827,-0.0367248120969962,-0.0185362026309223,-0.0192430410470637,-0.0114121905231603,-0.0113429233033278,-0.0112591858098182,-0.0255458004385964,-0.013472800217128,-0.0143292974465191
-0.0317418740289764,-0.031272463377468,-0.0316978652742409,-0.068324015605642,-0.0398546589767169,-0.04486829297325,-0.0165503296419674,-0.0166403884745913,-0.0164931633871194,-0.0367248120969962,-0.018474001013483,-0.0191937158510239,-0.0113571428897938,-0.0112849152720662,-0.0112485658354191,-0.0255458004385964,-0.0134847584211008,-0.0143640701174358
-0.0317370409541593,-0.0312908687774072,-0.0316291581222067,-0.068324015605642,-0.0398352446579674,-0.0450868290957234,-0.0165691375152079,-0.0165737364859553,-0.0164907342431647,-0.0367248120969962,-0.018572335511982,-0.0193106251591729,-0.0113732207475579,-0.0113069962553544,-0.0112447745089789,-0.0255458004385964,-0.0134809093244924,-0.0145856802714132
-0.031608194538436,-0.031504119352049,-0.0311267819343808,-0.068324015605642,-0.0398270041608985,-0.0452755052319257,-0.0166381685799593,-0.0165177118599008,-0.0162988626258667,-0.0367248120969962,-0.0185663058258987,-0.0192863907038052,-0.0115582791863681,-0.0113724589136639,-0.0112952621447873,-0.0255458004385964,-0.0134976931294427,-0.0146111314286116
-0.0319483325929992,-0.0317149581910828,-0.0313023611724854,-0.068324015605642,-0.0397526859684112,-0.045658806740157,-0.0168356375702068,-0.0165160324310706,-0.0163739292739116,-0.0367248120969962,-0.0185655161423881,-0.0195213643627977,-0.0114511490361636,-0.0113141104598344,-0.0111820812757361,-0.0255458004385964,-0.0134765549290591,-0.0145471852946461
-0.0323744470870926,-0.0317411797154665,-0.0312203219228259,-0.068324015605642,-0.0397388220984613,-0.0466499566824163,-0.0169713724348077,-0.0168382563784909,-0.0165341556085973,-0.0367248120969962,-0.0184523352110386,-0.0197539521092411,-0.0113576293679074,-0.0114172599710731,-0.0113035442771171,-0.0255458004385964,-0.013350942882026,-0.0147422462241023
-0.0334703550343589,-0.0325320886584536,-0.0322574180973896,-0.068324015605642,-0.0397739101804809,-0.0469059232963459,-0.0167698533734647,-0.016782522066926,-0.0164252287757346,-0.0367248120969962,-0.0185032691596382,-0.0198451480381674,-0.0115263896408026,-0.0113313353221705,-0.0113200282384866,-0.0255458004385964,-0.0133813129863421,-0.0148279433279425
-0.0309824979742135,-0.0314360184763518,-0.0311892684749432,-0.068324015605642,-0.0397332472551409,-0.0468171814445042,-0.0170849029329485,-0.0168584234500744,-0.0165979751635192,-0.0367248120969962,-0.0184799373823435,-0.0198445679344375,-0.0114749058361981,-0.0113311880634331,-0.0113964388097555,-0.0255458004385964,-0.0134181898746303,-0.0147775633159415
-0.0313401207566762,-0.0326773402744865,-0.0309053106288056,-0.068324015605642,-0.0398888595749744,-0.0469300554149921,-0.0168275080968915,-0.0166044030149632,-0.016596022322089,-0.0367248120969962,-0.0185813353045057,-0.0200312595053581,-0.0115490616021113,-0.0114872007884863,-0.0113805093782629,-0.0255458004385964,-0.0134833331887254,-0.0148128868793193
-0.0341804067610938,-0.0329587085446583,-0.0315984582075068,-0.068324015605642,-0.0396008271789195,-0.0469115285055802,-0.0164193744489393,-0.0162017936754102,-0.0163812853767375,-0.0367248120969962,-0.0184482229951746,-0.0199432040257563,-0.0113145978287252,-0.0113021050949307,-0.0114035118662354,-0.0255458004385964,-0.0133120297372682,-0.0150015664830085
-0.0333725646872667,-0.0337512619018933,-0.0312829115403898,-0.068324015605642,-0.0396492954517527,-0.0461132330725012,-0.0165898922524197,-0.0163709176582681,-0.0165658879340539,-0.0367248120969962,-0.0183780318286107,-0.01986340487832,-0.0112074320180814,-0.0111168899888094,-0.0111598727467726,-0.0255458004385964,-0.0132931928855621,-0.0147939856498584
-0.0333725445941234,-0.0338535431955785,-0.0313107887654834,-0.068324015605642,-0.0396258175976173,-0.0456489536039572,-0.0165899142273214,-0.0164087463838581,-0.0165862443396136,-0.0367248120969962,-0.0183988536703103,-0.0199838977062,-0.0112074386935342,-0.0110723857062558,-0.0111989216666775,-0.0255458004385964,-0.0132897016177844,-0.0146795909952341
-0.0338544052732383,-0.0326677083248715,-0.031246961075332,-0.068324015605642,-0.0396299293520717,-0.045438508735291,-0.0162997695193418,-0.0165736682850963,-0.0164643974879855,-0.0367248120969962,-0.0184044033767724,-0.0198113754889273,-0.0113458001106182,-0.0112172329302758,-0.0111710394778512,-0.0255458004385964,-0.0132918368072222,-0.0147239204720399
-0.0341653559224077,-0.0344494408357319,-0.0332554432513284,-0.068324015605642,-0.0395942597956414,-0.0454187949280293,-0.0163923641673332,-0.0162578140127763,-0.0162829981106016,-0.0367248120969962,-0.0183877743955234,-0.0195581918364225,-0.011362753345414,-0.0112535482012523,-0.0111917085133068,-0.0255458004385964,-0.0132887884090819,-0.0148011103723184
-0.0341651954022483,-0.0343737703204521,-0.0334730108167409,-0.068324015605642,-0.0395747456968125,-0.0454462915217348,-0.0163923572482038,-0.016250700166563,-0.0163085798887931,-0.0367248120969962,-0.0183849362827685,-0.0199791497977735,-0.0113627388848534,-0.0112330140864501,-0.0110569615677829,-0.0255458004385964,-0.0132912900606129,-0.0147034359454141
-0.0342554797582929,-0.0342551835479261,-0.0325194902429542,-0.068324015605642,-0.0396512541103744,-0.0457217759488378,-0.01646412694026,-0.0165275104007268,-0.0163517849169815,-0.0367248120969962,-0.0183638829777547,-0.0200084718747196,-0.011234907701697,-0.0111367697792155,-0.0110250295994969,-0.0255458004385964,-0.0133287335178875,-0.0147106358053758
-0.0336611254763389,-0.0323286906268862,-0.031176292831421,-0.068324015605642,-0.0395371064099132,-0.0462781724082632,-0.0164942849096365,-0.016585494422103,-0.016455437912761,-0.0367248120969962,-0.0183872890957449,-0.01993970974227,-0.0113290868094069,-0.0112080120354942,-0.0110362424662532,-0.0255458004385964,-0.0133365579052681,-0.0148661738142467
-0.0346557111713223,-0.0347805464113516,-0.031840896344179,-0.068324015605642,-0.039497018247432,-0.0465289265747707,-0.0163860437476533,-0.0163982561086559,-0.0165455183933606,-0.0367248120969962,-0.0183730857613135,-0.0199327668167672,-0.0111457291250449,-0.0112462721100084,-0.0111026868465231,-0.0255458004385964,-0.0133256270556124,-0.0149446803222886
-0.034581710440606,-0.0337234024054795,-0.0312943251445531,-0.068324015605642,-0.0396151836812627,-0.0465760367052641,-0.0163606918193476,-0.0164280392858404,-0.0164502885871179,-0.0367248120969962,-0.0184305360662672,-0.0196991722729067,-0.0111145281240742,-0.0110852254898878,-0.0110118305702193,-0.0255458004385964,-0.0133429952169663,-0.0149632115386843
-0.0344166936746437,-0.0325563279223923,-0.0313549976290172,-0.068324015605642,-0.0396235696841722,-0.0462003732574672,-0.0164044475391859,-0.0163013172445717,-0.0164027476952402,-0.0367248120969962,-0.0184231122215664,-0.0200686272455901,-0.0110349839757172,-0.0110853086822821,-0.0110805543755269,-0.0255458004385964,-0.0133371976431512,-0.0148483606644659
-0.0339365998499157,-0.0329025131344862,-0.0320399180584864,-0.068324015605642,-0.0397167750589694,-0.0457617133609437,-0.0163282974431963,-0.0161311312240175,-0.0163891563598428,-0.0367248120969962,-0.0183869048481149,-0.0199388822265723,-0.0111102391127825,-0.0111239019967915,-0.0110557138900316,-0.0255458004385964,-0.0133061725530553,-0.0149049998004017
-0.0348162279762904,-0.034014413403203,-0.0319429414074758,-0.068324015605642,-0.039705579027778,-0.0458225266657985,-0.0164263624418126,-0.0163022920944966,-0.0162340645976498,-0.0367248120969962,-0.0183700894470946,-0.0200541898830992,-0.0114276346289894,-0.0111986616383978,-0.0111445761479114,-0.0255458004385964,-0.0132965119815714,-0.0149026584649031
-0.0348162260032812,-0.0341650316784351,-0.0317348748904219,-0.068324015605642,-0.039769353521628,-0.0456442941444245,-0.0164263615476986,-0.0161980969674731,-0.0162810949414831,-0.0367248120969962,-0.0183822141502382,-0.0203990950977979,-0.0114276340777847,-0.0111835025006005,-0.0110822957368924,-0.0255458004385964,-0.0132936033104488,-0.0150301174645184
-0.0343370588243784,-0.0337713866632483,-0.0313820826362813,-0.068324015605642,-0.0397026846011833,-0.0455406786043635,-0.0164384778292903,-0.0163282849961424,-0.0162437969265103,-0.0367248120969962,-0.0184398991527634,-0.0201387914678518,-0.0111782867319441,-0.0110379536844759,-0.0109852408186796,-0.0255458004385964,-0.0132510150925693,-0.0150842680366416
-0.0336728863869432,-0.0334632467352736,-0.0318955703285685,-0.068324015605642,-0.0397344211127881,-0.0460712285916409,-0.0164317279135105,-0.0164944404768999,-0.0164274518772034,-0.0367248120969962,-0.0184556177742761,-0.0202850230732377,-0.0110722537124738,-0.0111107180713653,-0.0110874903017481,-0.0255458004385964,-0.0132367440989928,-0.0151078400967903
-0.0323735523187263,-0.0336892311793059,-0.0317791425172738,-0.068324015605642,-0.0397141876034712,-0.046037412328566,-0.0165691956369912,-0.0164987137833938,-0.0165154223560089,-0.0367248120969962,-0.0184056728791454,-0.0202778129744507,-0.0112827776544512,-0.0111604258360848,-0.0112176955988622,-0.0255458004385964,-0.0132810160025764,-0.015180779875973
-0.033926600373546,-0.0337710202187526,-0.0316232914726225,-0.068324015605642,-0.039710269617835,-0.045747202320767,-0.0165627804253719,-0.0163801802550679,-0.0164757563908333,-0.0367248120969962,-0.0184457359297187,-0.0202172395440855,-0.011385612420316,-0.0110980253182694,-0.0111305966860054,-0.0255458004385964,-0.0132948564528223,-0.015114700372946
-0.0342597165586222,-0.0336527506686453,-0.0323375166161135,-0.068324015605642,-0.03970457565283,-0.0456390456155973,-0.0166171899539474,-0.0163322856449984,-0.0164728166421904,-0.0367248120969962,-0.0183902808862479,-0.0203414805889141,-0.0113277266968305,-0.0112047855216491,-0.0110578834959553,-0.0255458004385964,-0.0132914522800149,-0.0150469860365561
-0.0339588096850901,-0.0345592214958311,-0.0336874238290465,-0.068324015605642,-0.0398076884176444,-0.0452975265223449,-0.0164474254168193,-0.0161303061267083,-0.0162560700765043,-0.0367248120969962,-0.0181875111326153,-0.0201481565878057,-0.0111611156779082,-0.0110956987923832,-0.0109383550509879,-0.0255458004385964,-0.0133130408633192,-0.0149421093847501
-0.0341894320273567,-0.0335724694141995,-0.0317549692432071,-0.068324015605642,-0.0397800218557028,-0.0450883556569556,-0.0163526901548127,-0.0162849249196441,-0.0161670873222367,-0.0367248120969962,-0.018192770347865,-0.0201665081545804,-0.0111136663888609,-0.0110798722172493,-0.0109552380778186,-0.0255458004385964,-0.0133327604806926,-0.0147588048477992
-0.0341894312412205,-0.0335491651327497,-0.0317786066967798,-0.068324015605642,-0.0397805206955465,-0.0454659126030199,-0.0163526897064757,-0.0162804795443857,-0.0161822343221242,-0.0367248120969962,-0.0181859690365749,-0.0202447974489052,-0.0111136663331445,-0.0110672360794893,-0.0109427304014781,-0.0255458004385964,-0.0133518061565089,-0.0147849838129078
-0.0334009816754382,-0.0333315929876462,-0.0317676231507916,-0.068324015605642,-0.0398116491446576,-0.0450464913923809,-0.016393544157941,-0.0164771872656953,-0.0161504247451278,-0.0367248120969962,-0.0182296679892879,-0.0202253848292679,-0.0111432050742876,-0.0111536447076826,-0.0109428322006209,-0.0255458004385964,-0.0133389732049932,-0.0148560530885095
-0.0342708069805078,-0.0337149565067307,-0.0325149194881339,-0.068324015605642,-0.0397659268391632,-0.0450765733287996,-0.0162458332142485,-0.0163553792920628,-0.0162155714491609,-0.0367248120969962,-0.0182118756372576,-0.0204123225257435,-0.011184408540905,-0.0110586606228052,-0.0108631505055061,-0.0255458004385964,-0.0133597449359354,-0.0147806144131098
-0.0342708072095758,-0.0337965651575614,-0.0325484662845914,-0.068324015605642,-0.0398202012581316,-0.0450364551737901,-0.0162458344507802,-0.0163923570942877,-0.0161759581294148,-0.0367248120969962,-0.018246656704241,-0.0202770309907193,-0.0111844077489176,-0.011060941987281,-0.0108776195667284,-0.0255458004385964,-0.0133584704028926,-0.0148292332488467
-0.0311329155798081,-0.0309816328856756,-0.0308419249166118,-0.068324015605642,-0.0397928717392591,-0.0451618714482391,-0.0164980377510413,-0.0163908400989118,-0.0161753763883182,-0.0367248120969962,-0.0182973719436688,-0.0204196811298064,-0.0111246560530318,-0.0109139208842475,-0.0109600914774841,-0.0255458004385964,-0.0133286677031615,-0.0151040938931778
-0.0308893772599014,-0.0309839420805804,-0.0305784145245096,-0.068324015605642,-0.0398063140631085,-0.0451297481997426,-0.0163729342369533,-0.0164131882221914,-0.016062594434004,-0.0367248120969962,-0.0182721051409965,-0.0203055969935577,-0.0110455317921322,-0.0110228516285093,-0.0109417719759549,-0.0255458004385964,-0.0133245669630991,-0.0151029172071213
-0.0308893472126217,-0.0310188551891667,-0.0305640970049029,-0.068324015605642,-0.039765964475396,-0.0447878011326335,-0.0163731569351193,-0.0163626446801857,-0.0160680642976701,-0.0367248120969962,-0.0184071495929488,-0.0202084642948067,-0.0110455055671734,-0.0110055095025691,-0.0109453884676146,-0.0255458004385964,-0.0132995902459616,-0.0148780320491282
-0.0306247384941881,-0.0311596104182414,-0.0302717936300415,-0.068324015605642,-0.0397735258407004,-0.0441754997786949,-0.0165998182021772,-0.0165111199958983,-0.0164213939265575,-0.0367248120969962,-0.0185760300999695,-0.0203267902097857,-0.0109615258402623,-0.0110382200230588,-0.0109548638515654,-0.0255458004385964,-0.0132537135241941,-0.0147235627418737
-0.030621211653048,-0.0312918885790486,-0.0302760288834168,-0.068324015605642,-0.0398369204833657,-0.044141539084461,-0.0165974142417699,-0.0164808886867735,-0.0163753301863191,-0.0367248120969962,-0.0185665284853716,-0.020365638486179,-0.0109625785165799,-0.0110399746132548,-0.0109501000237923,-0.0255458004385964,-0.0132741992993142,-0.0147675413169927
-0.0306212138398056,-0.0308228539305508,-0.0303140769320631,-0.068324015605642,-0.0398420788266918,-0.0442841685131626,-0.0165974137027321,-0.0162278728285538,-0.0163761998801535,-0.0367248120969962,-0.0185709948799783,-0.0204007402030268,-0.0109625768728128,-0.0111293823524543,-0.010939840257006,-0.0255458004385964,-0.013270780357016,-0.0149326311001465
-0.030609324431939,-0.0308125504070215,-0.0302602292212857,-0.068324015605642,-0.039860336762368,-0.044260768201537,-0.0165892866920194,-0.0162487641533928,-0.0164333404858756,-0.0367248120969962,-0.0185852156503197,-0.0203833133711015,-0.0109717008404045,-0.0111268799917336,-0.0109329536526594,-0.0255458004385964,-0.0132855161620807,-0.0147299455864953
-0.0306209829545941,-0.0307965934890776,-0.0303372065461663,-0.068324015605642,-0.0398435534752704,-0.0437130001474572,-0.0165972713011716,-0.0163040561220286,-0.0163839075736282,-0.0367248120969962,-0.0185766812644808,-0.0203237324593095,-0.0109627795697115,-0.0111065765564627,-0.0109470634361916,-0.0255458004385964,-0.0132904098758775,-0.0147789609211077
-0.0308065111228979,-0.0305676707054304,-0.0305429391666063,-0.068324015605642,-0.0397006907884875,-0.0436894585058976,-0.0162207900378845,-0.0160420744797239,-0.0162331965298654,-0.0367248120969962,-0.0181830803253522,-0.0202903797911386,-0.0109931185643078,-0.0108906773020804,-0.0109760354063048,-0.0255458004385964,-0.0132676228052087,-0.0146241046804568
-0.0308065114342482,-0.0306639545141989,-0.0306253347029593,-0.068324015605642,-0.0396675408874967,-0.043841496265037,-0.0162207901199853,-0.0160889746920029,-0.0163276998494177,-0.0367248120969962,-0.0181962319616542,-0.0202689741038506,-0.0109931185311997,-0.0109255219152487,-0.0110086296621684,-0.0255458004385964,-0.0132692842053983,-0.014730936687838
-0.0306725880645647,-0.0306847459832589,-0.0308936040610616,-0.068324015605642,-0.0396682024342455,-0.0441226862695904,-0.0161706507535078,-0.0160907134015705,-0.0162824063994425,-0.0367248120969962,-0.0181806101870575,-0.0205805192130397,-0.0110142221674786,-0.010926325670932,-0.0110287299993285,-0.0255458004385964,-0.0132464061467958,-0.0149531696594505
-0.0313429087907027,-0.0309065978529297,-0.0312842294225808,-0.068324015605642,-0.0396220246070306,-0.0439570997852656,-0.0160383213051925,-0.0161385153439321,-0.0159137585727505,-0.0367248120969962,-0.0181623344550596,-0.0203036836778438,-0.0110507171504085,-0.0110381824902091,-0.0110221477027053,-0.0255458004385964,-0.0132472028480152,-0.0149275892917293
-0.0310939642825059,-0.0306685441812397,-0.030726945760252,-0.068324015605642,-0.0396330326501646,-0.0440656695167911,-0.016386743221671,-0.0162407610650987,-0.0160541063915941,-0.0367248120969962,-0.0181567961007109,-0.0201369481616815,-0.0111166304320668,-0.0109159009402022,-0.0107269183734232,-0.0255458004385964,-0.013239234401672,-0.0148786677987921
-0.030328815504221,-0.0303369467261915,-0.0302490094059716,-0.068324015605642,-0.0395782089555569,-0.0445385946181725,-0.0160093456003107,-0.0158562115089765,-0.0159017798060915,-0.0367248120969962,-0.0182507362916181,-0.0197828821840081,-0.0109804128696942,-0.0108672473729021,-0.0107549954310891,-0.0255458004385964,-0.0132583583411297,-0.014860104746363
-0.0303302194756807,-0.030299758970562,-0.0302465815362946,-0.068324015605642,-0.039579701309338,-0.0444352976909502,-0.0160393941066451,-0.0157911154555302,-0.0157960158900923,-0.0367248120969962,-0.0182297657881553,-0.0200629154475212,-0.0110089880584134,-0.0108693191938326,-0.0107414453877988,-0.0255458004385964,-0.013250687137139,-0.0148026335190905
-0.0303301417124827,-0.0303172652310112,-0.0301519273868398,-0.068324015605642,-0.0396560410625011,-0.0443026260352639,-0.0160396435313848,-0.0158165351428673,-0.0157222097029683,-0.0367248120969962,-0.0182103843070621,-0.0197729838299409,-0.0110087327051683,-0.010878914921465,-0.0107397067270622,-0.0255458004385964,-0.0132428281380017,-0.0148422634050166
-0.0303288161392944,-0.030341216410181,-0.0302636047708833,-0.068324015605642,-0.0396659075377176,-0.0444120597637081,-0.0160093308377014,-0.0158552599186594,-0.0157927444728999,-0.0367248120969962,-0.0181233153470586,-0.020075174550888,-0.0109804150492907,-0.0108620127939169,-0.0107452364480975,-0.0255458004385964,-0.0132474825626813,-0.0149520524224339
-0.0305307850865417,-0.0305241227549349,-0.0302062696725331,-0.068324015605642,-0.0396877687803658,-0.0444702587753082,-0.0160520649695262,-0.0158042450502709,-0.0159728384380481,-0.0367248120969962,-0.0181227027899511,-0.0202546157340067,-0.0109861967917601,-0.0109169926567431,-0.0107643692924504,-0.0255458004385964,-0.0132459970174068,-0.0150327232792691
-0.0309734765968574,-0.0312906949718249,-0.030668296240085,-0.068324015605642,-0.0397090333814031,-0.0441434855943128,-0.0158137096123657,-0.0161014634891341,-0.016036482640386,-0.0367248120969962,-0.0181176446784098,-0.0204422526945278,-0.0110263953191273,-0.0108436672514627,-0.0107781170442733,-0.0255458004385964,-0.0132935334382641,-0.0149525516513057
-0.0309332463231619,-0.030972158109575,-0.0303594306399488,-0.068324015605642,-0.039710329575201,-0.0442961400737146,-0.0157880177067584,-0.0160367087750832,-0.0160328113293172,-0.0367248120969962,-0.0181188485517176,-0.0202951538959171,-0.011019963488101,-0.0108431545178723,-0.0106425207637536,-0.0255458004385964,-0.0132927447886455,-0.0149980420174358
-0.0303205255825831,-0.0304663478209238,-0.0312925155003983,-0.068324015605642,-0.039912310719906,-0.0443019893170703,-0.0160599069289852,-0.0159152450280584,-0.0162270743673983,-0.0367248120969962,-0.0180898556861106,-0.0203211308093494,-0.010945002171961,-0.0108681139494885,-0.0106705209882179,-0.0255458004385964,-0.0133268869971081,-0.0150766387858978
-0.0312832467348931,-0.0316500916679571,-0.031603437227076,-0.068324015605642,-0.0398160521328136,-0.0444986535389465,-0.0159050131649053,-0.0158185073248896,-0.0159356453890351,-0.0367248120969962,-0.018104762773374,-0.0202246270654034,-0.0109875459921552,-0.0106998414531344,-0.0109596635101263,-0.0255458004385964,-0.0133347578143728,-0.0151474934682364
-0.0302394225552962,-0.0309468923972968,-0.0309655325633477,-0.068324015605642,-0.0398762451095561,-0.0443391361364011,-0.0160040580642588,-0.0159518369293058,-0.0159653571796389,-0.0367248120969962,-0.0181725851544875,-0.0210068098192586,-0.0110459001268464,-0.0109179515420818,-0.0109549366042319,-0.0255458004385964,-0.0133448606916131,-0.0152293595117115
-0.0302362590459109,-0.0308163604642399,-0.0310909458275721,-0.068324015605642,-0.0398713778812373,-0.0454452480809632,-0.0160030211389737,-0.0159559273254392,-0.01599304496212,-0.0367248120969962,-0.0181920577538789,-0.0206751287144539,-0.0110456199360804,-0.0109214181275351,-0.01098001806526,-0.0255458004385964,-0.0133214261926251,-0.0153000372843785
-0.0302363685911664,-0.0308853817000127,-0.0312422354736045,-0.068324015605642,-0.0398653943565186,-0.0452260902707492,-0.0160030139436131,-0.0159760203664391,-0.0159733207342466,-0.0367248120969962,-0.0182009326331866,-0.0206260247306372,-0.0110456679213011,-0.0108739305158622,-0.0110159823720156,-0.0255458004385964,-0.0133257518848854,-0.0153365809740696
-0.0300694641579592,-0.0303901094206763,-0.0310643320149136,-0.068324015605642,-0.0398537058373264,-0.045721482683599,-0.016176135094984,-0.0159968455785526,-0.0160387936247704,-0.0367248120969962,-0.018220795111441,-0.0206238559057633,-0.010889274924854,-0.010940560227964,-0.0109806345375206,-0.0255458004385964,-0.0133261426870423,-0.0153752242525004
-0.0317220439896746,-0.0305055376132563,-0.0315834764341869,-0.068324015605642,-0.0399306144839376,-0.0461636358535399,-0.0166413439063449,-0.0166144743694749,-0.0169515906505543,-0.0367248120969962,-0.0183598578193166,-0.0207032748730764,-0.0112211196205678,-0.0110489908300355,-0.0109879012749731,-0.0255458004385964,-0.0134562846274551,-0.0154175150278106
-0.0304562414005273,-0.0316579972442019,-0.0319750512556032,-0.068324015605642,-0.040210075823381,-0.0461857960711609,-0.0167650583608198,-0.0165566323133231,-0.0166175435862938,-0.0367248120969962,-0.0184699767055895,-0.0210708659560018,-0.0110556470491951,-0.0112808195839726,-0.0110761865061962,-0.0255458004385964,-0.0135623410747733,-0.0154068333215958
-0.0308126346805338,-0.0305709884927937,-0.0313554311334262,-0.068324015605642,-0.0401147230093926,-0.0457860414124011,-0.0167582534374795,-0.0167446208724985,-0.0168128022394132,-0.0367248120969962,-0.0185569526360457,-0.0209300045895382,-0.0111128824833282,-0.0110450329867692,-0.0109824326223419,-0.0255458004385964,-0.0134510633452376,-0.0155211812522431
-0.0327047423248969,-0.0323986318550665,-0.032395021073171,-0.068324015605642,-0.0401074179091091,-0.0459279933646388,-0.0165745603347983,-0.0165781006516047,-0.0164350761878162,-0.0367248120969962,-0.0185610357570569,-0.0211853875184092,-0.0110465355110256,-0.011115650131789,-0.0110520915171942,-0.0255458004385964,-0.0134577017100264,-0.0156298295552778
-0.0312526105699797,-0.0320958296586301,-0.0321636732320191,-0.068324015605642,-0.0401120086290677,-0.0454874351851792,-0.0167608675239366,-0.0164753641338943,-0.0166793135571863,-0.0367248120969962,-0.0185519012230934,-0.0207750251327348,-0.0110976827900607,-0.0111153715681717,-0.0111701307658726,-0.0255458004385964,-0.0134725368144733,-0.0155903888185133
-0.0311793931700944,-0.0320934981741393,-0.0322154251031733,-0.068324015605642,-0.0401493748313143,-0.0453439745730951,-0.0167607195286293,-0.016475850799589,-0.0166841118272875,-0.0367248120969962,-0.018565187667635,-0.0208574451835756,-0.0110945143084745,-0.0111152466550419,-0.011185305307303,-0.0255458004385964,-0.0134642332468118,-0.0156388329731815
-0.0312966919683237,-0.0307260299109532,-0.0317176238053862,-0.068324015605642,-0.040101843777235,-0.0457310444418677,-0.016732896439851,-0.0163758850328491,-0.0167067233696786,-0.0367248120969962,-0.0185494855410535,-0.0208931910844355,-0.011130662698736,-0.0111546899240152,-0.0111702716062507,-0.0255458004385964,-0.0134386531921266,-0.0156680425838549
-0.0307795202748508,-0.0304935456208388,-0.0314725358378339,-0.068324015605642,-0.0402195230451843,-0.0456185650348569,-0.0167298951144596,-0.0168337370331395,-0.0166608642451281,-0.0367248120969962,-0.0185049467827131,-0.0210476211740237,-0.0110460857423535,-0.0111438773602232,-0.0110990856062009,-0.0255458004385964,-0.0134913929003994,-0.0156349736653548
-0.030848721247481,-0.0304775481361026,-0.0310463451889998,-0.068324015605642,-0.0402111731172505,-0.0454044110171352,-0.0166829712254304,-0.0166975519585443,-0.0166501993710359,-0.0367248120969962,-0.0185089167872005,-0.0210558601846284,-0.0110074931337503,-0.0111189917336733,-0.0111094611436068,-0.0255458004385964,-0.013500143140118,-0.0155814606595092
-0.0308487218234558,-0.0304575571723995,-0.0310859136316545,-0.068324015605642,-0.040210516520489,-0.0451722519230162,-0.0166829724244105,-0.0168156770522543,-0.016633931266639,-0.0367248120969962,-0.0185115542614245,-0.0208540755904988,-0.0110074939455457,-0.0111435417005666,-0.0111031879329366,-0.0255458004385964,-0.0134860461586246,-0.0155951281323049
-0.0307695795138218,-0.0306120019660497,-0.0304046521949617,-0.068324015605642,-0.0402109767762085,-0.0450507608624294,-0.0165783374822678,-0.0168111054748404,-0.0165527708835018,-0.0367248120969962,-0.0184895593425292,-0.0206912516104154,-0.0110930016624065,-0.0110628499082076,-0.011126053232977,-0.0255458004385964,-0.0135157416391118,-0.0155294459065854
-0.0307174472565392,-0.030539280155298,-0.0307171225772548,-0.068324015605642,-0.0402183231554756,-0.0449998828804778,-0.0168347252082739,-0.0166059148120593,-0.0162737399759767,-0.0367248120969962,-0.0185324651167268,-0.0205928628795168,-0.0111442757785136,-0.0111732435329156,-0.0112075274686386,-0.0255458004385964,-0.0135198385801756,-0.0155146293141263
-0.0307206661752206,-0.0304831146005698,-0.0305466738053819,-0.068324015605642,-0.0402703217960132,-0.0447550858178711,-0.0168394137440592,-0.0167116238768746,-0.0163519551263672,-0.0367248120969962,-0.0185306998945445,-0.0206249998719113,-0.011157193639106,-0.0111649267148385,-0.0111843840026198,-0.0255458004385964,-0.0134890310770162,-0.0154493752502382
-0.0307205029152022,-0.0305523928258631,-0.0305763816611912,-0.068324015605642,-0.0402640859137104,-0.0453071451937729,-0.0168392164684013,-0.0165073139980377,-0.0162361744158501,-0.0367248120969962,-0.0185496417152419,-0.0209948871980607,-0.0111571814840389,-0.0111895916803141,-0.0111746529391835,-0.0255458004385964,-0.0134919233817036,-0.015627094822062
-0.0308562928814272,-0.0307739998971236,-0.0305238919152334,-0.068324015605642,-0.0402797884579879,-0.0453448363565225,-0.0167925915707589,-0.0164608927177263,-0.0164048190149624,-0.0367248120969962,-0.0185465823842692,-0.0207349520811546,-0.0110880159483863,-0.0111454374399748,-0.0112042438735048,-0.0255458004385964,-0.0134902718560837,-0.0156201899349039
-0.0309937639086227,-0.0305130094974652,-0.0311133230159059,-0.068324015605642,-0.0403151608399478,-0.0451511409142946,-0.0166947023440761,-0.0164442704293249,-0.0164387408940968,-0.0367248120969962,-0.0185357504542373,-0.0206516809636404,-0.0110931490240392,-0.0112156092989382,-0.0113247539040522,-0.0255458004385964,-0.0134809567409362,-0.0155209941655262
-0.0310432660008309,-0.0306285277639627,-0.0315327668604806,-0.068324015605642,-0.0403392347435786,-0.0454736539850331,-0.016768174986274,-0.0163927078470244,-0.016361575926564,-0.0367248120969962,-0.0185425753047544,-0.0209142504564132,-0.0110298441928093,-0.0111184377276363,-0.0113574030817965,-0.0255458004385964,-0.0134879505054088,-0.0155159747817178
-0.0310450404356722,-0.0306987711993945,-0.0314974253395911,-0.068324015605642,-0.0403332765977288,-0.0451998805468596,-0.0167696592923957,-0.0162548839293747,-0.0163678052170991,-0.0367248120969962,-0.0185576226545363,-0.0207516707070348,-0.0110346340150785,-0.0110458091533416,-0.0113575812246969,-0.0255458004385964,-0.0134945755922049,-0.0154850039069058
-0.0310107422909382,-0.0308661502680222,-0.031464827127749,-0.068324015605642,-0.0403093368374411,-0.0449795739696896,-0.0167031644557813,-0.0164934362437212,-0.0163087556824493,-0.0367248120969962,-0.0185565240506179,-0.0205087054089785,-0.0113005079095884,-0.0112280826659758,-0.0112325092198348,-0.0255458004385964,-0.0134930985497963,-0.015496699371934
-0.0312789899234176,-0.0307764316264137,-0.0308485345762363,-0.068324015605642,-0.0402907694558724,-0.045058008874191,-0.0165767477313054,-0.016542286789053,-0.0164566873387705,-0.0367248120969962,-0.0185831764826708,-0.0207537650858005,-0.0112791265563497,-0.0111728408173228,-0.0111046504006661,-0.0255458004385964,-0.0135059114829196,-0.0154777619972248
-0.0310548519859039,-0.030831042638112,-0.0307026565968401,-0.068324015605642,-0.0403500233658899,-0.0447861300581248,-0.0165799218046104,-0.0165018763121514,-0.0163677674855738,-0.0367248120969962,-0.018577746186238,-0.0207682514341276,-0.011213697027808,-0.0112396996027083,-0.0113127229213063,-0.0255458004385964,-0.0135168687349757,-0.0154794397030299
-0.0310778380873931,-0.0311695380120243,-0.031306073723258,-0.068324015605642,-0.0403659950283189,-0.0452676509966354,-0.0167351015351162,-0.0166255682670267,-0.0165239228299786,-0.0367248120969962,-0.0185764913250132,-0.020701756741298,-0.0111383061013357,-0.0111623375735088,-0.0111151157435861,-0.0255458004385964,-0.0135108302351872,-0.0155358281952129
-0.0310778548364959,-0.0311704307267782,-0.0316318434168625,-0.068324015605642,-0.0403663966104689,-0.0447630375151577,-0.0167350812366528,-0.0166477281905811,-0.0164761103853403,-0.0367248120969962,-0.0185780876420293,-0.0208243357180726,-0.0111382919214431,-0.0111633810026991,-0.0109565744639281,-0.0255458004385964,-0.0135119414128224,-0.0154126598931159
-0.0312953520168211,-0.0313066373039469,-0.0317624937748771,-0.068324015605642,-0.0403850773929654,-0.044943403494941,-0.0167432577688296,-0.0167149602097102,-0.0167325086039644,-0.0367248120969962,-0.0185545345867933,-0.0209143900253496,-0.0111360814764176,-0.0111629522898923,-0.011057241510135,-0.0255458004385964,-0.0134907651514342,-0.0153983762659199
-0.0312953350018711,-0.0313149117611214,-0.031675614196498,-0.068324015605642,-0.0404437931255883,-0.0447599571090658,-0.0167432267981235,-0.0167651093868159,-0.0167811069405802,-0.0367248120969962,-0.0185846536308316,-0.020972855469456,-0.011136089088865,-0.0111516921414579,-0.0110807762195253,-0.0255458004385964,-0.0135281505013432,-0.0154810883655356
-0.0312953367021601,-0.0313149159673255,-0.0316985550546036,-0.068324015605642,-0.0404112102142702,-0.0449089359807469,-0.0167432253424747,-0.0167651136258559,-0.016770515981832,-0.0367248120969962,-0.0185754057100524,-0.0209815114343633,-0.0111360922800359,-0.011151693875293,-0.0110792451192234,-0.0255458004385964,-0.0135263608930705,-0.0154698921476867
-0.0313121306311846,-0.0313440148520852,-0.0311006473320504,-0.068324015605642,-0.0404343044187396,-0.0451955021363654,-0.0166941491907067,-0.0164911781987569,-0.0167231936076924,-0.0367248120969962,-0.0185581023734205,-0.0209551608595023,-0.0110980672326045,-0.0111561996000728,-0.0111751647106471,-0.0255458004385964,-0.0135474094883403,-0.015582562796923
-0.0314037089340021,-0.0315153321170108,-0.0317078744653969,-0.068324015605642,-0.0404550324389944,-0.0451224278544403,-0.0162962087263399,-0.016627172908268,-0.0166553756348988,-0.0367248120969962,-0.0185597553278509,-0.0207924754959802,-0.0109540750551118,-0.0112139381661967,-0.0110264214924054,-0.0255458004385964,-0.0135615917935555,-0.0154799681046648
-0.0319751724227203,-0.0318187780166695,-0.0320897554279845,-0.068324015605642,-0.0405403065349447,-0.0453233305087128,-0.0165004488161957,-0.0166276899355454,-0.016513382922846,-0.0367248120969962,-0.0183338453826416,-0.0210719507366563,-0.0112091650127767,-0.0109821207479945,-0.0112217320374619,-0.0255458004385964,-0.013607749420613,-0.0155776718033478
-0.0319751671622614,-0.0316967353972219,-0.0321202795732467,-0.068324015605642,-0.0404772720748786,-0.0447656441722751,-0.0165004489968934,-0.0168148012835214,-0.0165690399900179,-0.0367248120969962,-0.0183317604733461,-0.0207919025615147,-0.0112091641839902,-0.0110096405542853,-0.0112015142079744,-0.0255458004385964,-0.0136123897310908,-0.0153856148673269
-0.0330726394832999,-0.0321388033812906,-0.0317600287893125,-0.068324015605642,-0.0404760021726407,-0.0447738737618217,-0.0166530167795206,-0.0167687835688104,-0.0166329221482843,-0.0367248120969962,-0.0183535445763449,-0.0208561142634207,-0.0114467552479532,-0.0111374038109102,-0.0110656295273321,-0.0255458004385964,-0.0136124762202087,-0.0152237362486793
-0.0323786989633224,-0.0315834959221456,-0.0316833838525999,-0.068324015605642,-0.0405170764109477,-0.0447397004917026,-0.0166744311550904,-0.0166263762065326,-0.0164968573104477,-0.0367248120969962,-0.0183346251469223,-0.0209437185558988,-0.011456911015579,-0.0112865069241914,-0.0113432669683697,-0.0255458004385964,-0.0136529163102489,-0.0154427901917795
-0.0317987217203487,-0.032066131351507,-0.0315088923759593,-0.068324015605642,-0.0406059955170461,-0.0448132730836356,-0.0168806362114413,-0.016511346068628,-0.016444659973535,-0.0367248120969962,-0.0183213152221877,-0.0209436312515593,-0.011381321117222,-0.011209469933261,-0.0113098289298535,-0.0255458004385964,-0.0136349374657492,-0.0154183897216202
-0.0315922860350574,-0.0315218959211323,-0.0317633532136613,-0.068324015605642,-0.04060962880086,-0.0447640743706727,-0.0172327186822622,-0.016468916710962,-0.0162044426550611,-0.0367248120969962,-0.0183278156944008,-0.020998199774422,-0.0116424172831823,-0.0112359598075386,-0.0115779442424707,-0.0255458004385964,-0.0136307930118711,-0.0151792378704568
-0.0324969301424862,-0.0321655898656407,-0.0321208204279743,-0.068324015605642,-0.040627892927045,-0.0448602793874354,-0.0165502238766481,-0.0165834538414621,-0.0164707814290229,-0.0367248120969962,-0.0183162705798043,-0.0209516132243444,-0.0113704039526675,-0.0113521008382169,-0.0112201542563156,-0.0255458004385964,-0.0136353558163453,-0.0153585757249643
-0.0333279280482647,-0.0325622566823924,-0.0320161084831573,-0.068324015605642,-0.040601028938274,-0.0447757513568132,-0.0165611097636875,-0.0163950644947294,-0.0163315386716506,-0.0367248120969962,-0.0182906542414703,-0.0208724944332317,-0.0112119823806455,-0.011142142585256,-0.0112278467210476,-0.0255458004385964,-0.0136444532965908,-0.0150811714840133
-0.0342087863433993,-0.0322215322234029,-0.0318919706348829,-0.068324015605642,-0.0406306753491983,-0.0446997323633169,-0.0164019098505793,-0.0163840320240829,-0.0163055845772133,-0.0367248120969962,-0.0183059965085999,-0.0208651980279057,-0.0111834755839477,-0.0111498716366406,-0.011170344251058,-0.0255458004385964,-0.0136529216173469,-0.0150853054571743
-0.0333969325619949,-0.0322525122945305,-0.0324019321766709,-0.068324015605642,-0.0406156989752238,-0.0447742262203868,-0.0165192494749767,-0.0163168986087459,-0.016548929659251,-0.0367248120969962,-0.0183028927529722,-0.0209323822065872,-0.0112437660407488,-0.0111393581704917,-0.0110979135477019,-0.0255458004385964,-0.0136563518706191,-0.0153199516879724
-0.0347913071803943,-0.0335575156538321,-0.0318118751862379,-0.068324015605642,-0.0406847188586449,-0.0446613886212911,-0.0168796851718916,-0.0163229062795738,-0.0164400029393329,-0.0367248120969962,-0.0183275223935045,-0.0209601872218607,-0.0112539750859536,-0.0110507952734898,-0.0111173950025113,-0.0255458004385964,-0.0136655383206841,-0.0154750082911351
-0.0355627521527457,-0.0340643810930101,-0.0331352322562661,-0.068324015605642,-0.0406524109804003,-0.044711831663801,-0.0164701400275386,-0.0162680891669804,-0.0162638786616244,-0.0367248120969962,-0.0183307741463385,-0.0209154993412495,-0.0115205242185045,-0.0111990458416626,-0.0111353421199331,-0.0255458004385964,-0.013696963217113,-0.0154317427876444
-0.0352261629105063,-0.0353457112026285,-0.0328350640184511,-0.068324015605642,-0.0406686676668306,-0.0448795582598549,-0.016448238186048,-0.0165980435215026,-0.0163751708379802,-0.0367248120969962,-0.0183176502609641,-0.0208990406586643,-0.0115015561621327,-0.0113742077838824,-0.011133874920844,-0.0255458004385964,-0.0136951614507804,-0.0155176874799332
-0.0344166928163681,-0.032135003281635,-0.0321381848914516,-0.068324015605642,-0.0408596519437809,-0.0447959499286501,-0.016805627462478,-0.0170234283250571,-0.0166968377853216,-0.0367248120969962,-0.0183752012749863,-0.0209120975092898,-0.0113020124154137,-0.0114664007572527,-0.0113484797413856,-0.0255458004385964,-0.0136379147117454,-0.0154960944213234
-0.0344166900907686,-0.0321360546897703,-0.0321037611529947,-0.068324015605642,-0.0408430109928899,-0.0448949755005191,-0.0168056305128712,-0.0170112708767748,-0.0167165661433936,-0.0367248120969962,-0.0184403951744378,-0.0210180439497972,-0.0113020162562932,-0.0114795216849829,-0.0113529130916125,-0.0255458004385964,-0.0136426755718392,-0.0152986053444098
-0.0341790093988353,-0.032011302995313,-0.0326368884804551,-0.068324015605642,-0.0409169201368618,-0.0450540385349081,-0.0168772334346816,-0.0165386621455174,-0.016475574736363,-0.0367248120969962,-0.0184285201771082,-0.0210022830069636,-0.011412036612755,-0.0113233982343262,-0.0112604500164708,-0.0255458004385964,-0.0136436155891182,-0.0155203671759913
-0.0341790142195174,-0.0320235009319399,-0.0326955140375135,-0.068324015605642,-0.0408617836292354,-0.0450784824616227,-0.0168772338397181,-0.0165768479487974,-0.0164850858467933,-0.0367248120969962,-0.0183895588275967,-0.0210043002259234,-0.0114120424705903,-0.0113033634018898,-0.0112063856038035,-0.0255458004385964,-0.0136399347338302,-0.0154198340160668
-0.0328401546965873,-0.0324374023852461,-0.0328851939905342,-0.068324015605642,-0.0409108179194368,-0.0447564994263957,-0.0167957743345937,-0.0167675446290413,-0.0163881246699341,-0.0367248120969962,-0.0185292343127779,-0.0210084610738324,-0.0114253190544818,-0.0113596503620232,-0.0109753230318036,-0.0255458004385964,-0.0136667921816942,-0.0151721087096113
-0.0328646583161098,-0.0327485003108305,-0.0325679269283284,-0.068324015605642,-0.0408959942622809,-0.0449695981766012,-0.0162541899894384,-0.0162543140038805,-0.0164737375409442,-0.0367248120969962,-0.0182939050584493,-0.0210510943795026,-0.011337626419223,-0.0115119780752456,-0.0112115065119163,-0.0255458004385964,-0.0136902892395355,-0.015321201336209
-0.0322851324390888,-0.0320293252134781,-0.0322782375566306,-0.068324015605642,-0.0408752237609427,-0.0447041657067459,-0.0164177334620158,-0.0165190826734571,-0.0167244751761464,-0.0367248120969962,-0.0182741415253423,-0.020846824632408,-0.0115028859773741,-0.0113105747188846,-0.0112629047626072,-0.0255458004385964,-0.0136849324043553,-0.015314689964009
-0.0337484262313241,-0.0326423345069207,-0.0320686187542236,-0.068324015605642,-0.0408424524138642,-0.0448240137342011,-0.0164839775006691,-0.0164971436853741,-0.0166134009149772,-0.0367248120969962,-0.018295854222291,-0.0207454340661999,-0.0114310685755019,-0.0113158256278726,-0.0112095831254308,-0.0255458004385964,-0.0136698519434436,-0.0149913192702655
-0.0343726148129953,-0.0322316010834454,-0.031986209394463,-0.068324015605642,-0.0408863254416698,-0.0446591157263556,-0.01628162888605,-0.0164829150198414,-0.0167397574236552,-0.0367248120969962,-0.0183730129321836,-0.0204573932772224,-0.0113623659898456,-0.01130924240973,-0.0112004033328504,-0.0255458004385964,-0.0136380194393503,-0.0149751229096847
-0.0342416539966206,-0.0321274289398405,-0.0320661041094605,-0.068324015605642,-0.040878931760918,-0.0449415257246985,-0.0164950022696767,-0.0165056411413288,-0.0163990315527237,-0.0367248120969962,-0.0183415141801654,-0.0208421564408965,-0.0113886942293364,-0.0114019442732942,-0.0114667513325028,-0.0255458004385964,-0.0136402833187993,-0.015174783796086
-0.0336166655758787,-0.0331357983770255,-0.0333155669804236,-0.068324015605642,-0.0408847973246487,-0.0447932743362286,-0.0163567025751543,-0.0162641902496338,-0.0161486714023579,-0.0367248120969962,-0.0183994032275771,-0.0208567969044355,-0.011334275920302,-0.0114977595500341,-0.0112392746840552,-0.0255458004385964,-0.0136478666392644,-0.0150646472182899
-0.0338947602817363,-0.0331800377202131,-0.0334176106357025,-0.068324015605642,-0.0408703054347843,-0.0448324604662342,-0.0163299688593899,-0.0162629653432981,-0.0162691819935915,-0.0367248120969962,-0.0183692686469162,-0.0204482611049343,-0.0113459785332363,-0.0115781129151463,-0.0112488121770165,-0.0255458004385964,-0.0136393377693651,-0.0149861016041821
-0.0329889628010092,-0.0334814147036505,-0.0337521096433409,-0.068324015605642,-0.0408593846942628,-0.0448864732396548,-0.0163656381961913,-0.016593026260367,-0.0164868036825284,-0.0367248120969962,-0.0183570956633773,-0.0206632709722869,-0.0111505190679977,-0.0113616690984571,-0.0114292403959843,-0.0255458004385964,-0.0136470129788583,-0.0150842127452459
-0.0333233954748302,-0.0335077262125938,-0.0339524084254651,-0.068324015605642,-0.040866138655185,-0.0449640492446195,-0.0164053780529556,-0.0165834068604064,-0.0164916354608915,-0.0367248120969962,-0.0183557682777079,-0.0207829862914605,-0.0112916554931318,-0.0113750294770848,-0.0113922109428452,-0.0255458004385964,-0.0136451139674852,-0.0151620463806827
-0.0333323326953314,-0.0335446283939335,-0.0340437951273861,-0.068324015605642,-0.0407866145161739,-0.0444033728245947,-0.0164124207862377,-0.0166039609120302,-0.0162767022090122,-0.0367248120969962,-0.0185485395472621,-0.020836328365873,-0.0112926971694285,-0.0113171102833694,-0.0113708166971321,-0.0255458004385964,-0.0136515269316625,-0.0151143352351946
-0.0339747825773671,-0.0338924378582316,-0.0344624286076323,-0.068324015605642,-0.0407425940430001,-0.0443119416997517,-0.0163400998077978,-0.016414306755216,-0.0163376680817877,-0.0367248120969962,-0.0185346502021916,-0.0208902443483232,-0.0111254687340383,-0.0112348958733882,-0.011306500136173,-0.0255458004385964,-0.013664903500032,-0.0150518441202264
-0.0338771947605375,-0.0345690108855341,-0.0347450275684873,-0.068324015605642,-0.0407415387767733,-0.0442204870880031,-0.0162844257000621,-0.016360750524565,-0.0158303015585512,-0.0367248120969962,-0.0185635335202368,-0.0207409632121068,-0.0116045271919737,-0.0114569424198835,-0.0110830827058481,-0.0255458004385964,-0.0136516830581169,-0.0150821123481782
-0.0338771652266248,-0.034500530212256,-0.0347768991147181,-0.068324015605642,-0.0407267157280325,-0.0436659579935994,-0.0162845777021855,-0.0163931048901575,-0.0157926038029352,-0.0367248120969962,-0.01855553458832,-0.0204040343627914,-0.0116047881813661,-0.0114590829492405,-0.0110978737698329,-0.0255458004385964,-0.0136648766741296,-0.0150887787681805
-0.0336863156236705,-0.0344749386182112,-0.0345000443346447,-0.068324015605642,-0.0407348309418773,-0.0439222856808051,-0.0161171508728999,-0.0165118192815209,-0.0162040484092004,-0.0367248120969962,-0.0185708042557998,-0.0207220273286705,-0.0114415679722746,-0.0112117918042796,-0.0110636654007257,-0.0255458004385964,-0.0136659908902896,-0.0152535313012601
-0.0342862835533779,-0.0346578217754629,-0.0345126241852244,-0.068324015605642,-0.0407231610869316,-0.0439196282578822,-0.0163434353704506,-0.016432274275251,-0.0162763918781822,-0.0367248120969962,-0.0185679887306553,-0.0206766292910428,-0.0116439121066377,-0.0116091276102017,-0.011158455563859,-0.0255458004385964,-0.0136683083560948,-0.0152613669490635
-0.0342862857655037,-0.0346530738729606,-0.0345006066885073,-0.068324015605642,-0.0407400241439018,-0.0439657941047839,-0.0163434285003079,-0.0164324245727537,-0.0162990643140982,-0.0367248120969962,-0.0186453387423171,-0.0206904695492981,-0.0116439855515731,-0.0116019965851248,-0.0111693806527314,-0.0255458004385964,-0.0136669941953959,-0.015306476251351
-0.0339580135316474,-0.0339141329950937,-0.0343107253855466,-0.068324015605642,-0.0407425775903973,-0.0438665875737161,-0.0165999576038215,-0.0163839596074572,-0.0167063081948013,-0.0367248120969962,-0.0186700320514048,-0.0206018035307389,-0.0115654038893476,-0.0115870414146016,-0.0115865595426137,-0.0255458004385964,-0.0136679752970452,-0.0151834196374877
-0.033580148076768,-0.0337919619329568,-0.0342061277957203,-0.068324015605642,-0.0407305351518252,-0.0438960225953447,-0.0162078590014799,-0.0164740250559117,-0.0166724932809419,-0.0367248120969962,-0.0186598456372064,-0.0207533756049681,-0.0115481744610627,-0.0115518455367775,-0.011416824764386,-0.0255458004385964,-0.0136749374002115,-0.0151436937037778
-0.0327254142376782,-0.0336282865938647,-0.0336651105692219,-0.068324015605642,-0.0406639568405838,-0.0438566423864267,-0.015942800160307,-0.0162709313734738,-0.0161858736791377,-0.0367248120969962,-0.0186069308173522,-0.0205333676424311,-0.0113247990608573,-0.0115112224003418,-0.0114139376111399,-0.0255458004385964,-0.0136240371831873,-0.0152607510991958
-0.032753565129764,-0.0330661665683879,-0.0335552051576374,-0.068324015605642,-0.0406809602686561,-0.0435527467848557,-0.0160252913057089,-0.0159257764159592,-0.0160989414295746,-0.0367248120969962,-0.0186405745979599,-0.0205809170090715,-0.0114589514531886,-0.0114068266468811,-0.0114959505806987,-0.0255458004385964,-0.0136204320624188,-0.0152557574887016
-0.0319605704039149,-0.0330010173462404,-0.033429062436175,-0.068324015605642,-0.040646939666857,-0.0434281348803581,-0.016048105768113,-0.0159054653216298,-0.0160875073645287,-0.0367248120969962,-0.0186532395007706,-0.0204745557125142,-0.0113211063624546,-0.0113588041354564,-0.011353213540892,-0.0255458004385964,-0.0136334272581512,-0.0153298600100681
-0.0321645438757036,-0.03315478263252,-0.0331211323614157,-0.068324015605642,-0.040662400393506,-0.0434232697838444,-0.0162176315680522,-0.0161141746211523,-0.0162416252856655,-0.0367248120969962,-0.0187014083775924,-0.0203054254770139,-0.0113776812799132,-0.011349308675147,-0.0114008018269797,-0.0255458004385964,-0.0136613626313081,-0.0152047734008968
-0.0318093138101949,-0.0325752348570315,-0.0342445217486632,-0.068324015605642,-0.0406775652827008,-0.0434346339863547,-0.0160646738806966,-0.0162743175354074,-0.0160577839682485,-0.0367248120969962,-0.0187038720227937,-0.0203915797661382,-0.0114769193257495,-0.0114586468670366,-0.0113138552873906,-0.0255458004385964,-0.013641597261783,-0.0151603121799469
-0.0317200301288004,-0.0326015310423728,-0.0341237079480085,-0.068324015605642,-0.0406339929631893,-0.0431438742276121,-0.0160780055635741,-0.0162107865543245,-0.0160582979608486,-0.0367248120969962,-0.0186982095074702,-0.0203303536960519,-0.0114495530278594,-0.0114495441609518,-0.0113180850563651,-0.0255458004385964,-0.0136488598606456,-0.0149436863143086
-0.031760111524147,-0.0326206099815471,-0.0341881931696835,-0.068324015605642,-0.0406628978859141,-0.0435268066015202,-0.0160720560408872,-0.0161592740930496,-0.0160147990322975,-0.0367248120969962,-0.018734996873648,-0.0204515494919635,-0.0114570631457392,-0.0114251235965502,-0.0113568510426022,-0.0255458004385964,-0.0136812578898509,-0.0150750663634605
-0.0323664355150947,-0.0323083180139463,-0.0335687844963703,-0.068324015605642,-0.0406212562595045,-0.0436588297455798,-0.0163297417553333,-0.0160698816135892,-0.0160739137124845,-0.0367248120969962,-0.0188239604169036,-0.0205932446480619,-0.0113892231210363,-0.0115154993044788,-0.0113633101934491,-0.0255458004385964,-0.0137292401932948,-0.0151656181822725
-0.0318551034742565,-0.0322609067970392,-0.0323635536935371,-0.068324015605642,-0.0407082936395947,-0.0435211838846557,-0.0159524375936245,-0.0160526185556992,-0.0162294439432811,-0.0367248120969962,-0.0185315549394387,-0.0205685370168482,-0.0115326500439758,-0.0113585607133475,-0.0113214001704905,-0.0255458004385964,-0.0135659411347025,-0.0153076745341606
-0.0321828688406107,-0.0325367546141146,-0.0331320065996541,-0.068324015605642,-0.0406137432380194,-0.0433100331160232,-0.0154224602148737,-0.0158885094182446,-0.0161460325850858,-0.0367248120969962,-0.0186033925673697,-0.020564890059399,-0.0112804286618729,-0.0113353424766335,-0.0114389570325386,-0.0255458004385964,-0.0136154219731374,-0.0151199590252671
-0.0320287166274449,-0.0325383826594166,-0.0333418437936793,-0.068324015605642,-0.0406064815321498,-0.0433749762547293,-0.0157373266936777,-0.0158710069750646,-0.0161090200511417,-0.0367248120969962,-0.0186113092454491,-0.0204592291246675,-0.0115598641216427,-0.0113201992531192,-0.0114306769573677,-0.0255458004385964,-0.0137274690497101,-0.0151139224722535
-0.0320293578872702,-0.032530093613982,-0.033216030497265,-0.068324015605642,-0.0406504346260823,-0.0437059988056697,-0.0157376954121953,-0.0158354023208053,-0.0160398007184866,-0.0367248120969962,-0.0185468399898423,-0.0207294259993285,-0.0115605274599488,-0.011304619016359,-0.0114331750255425,-0.0255458004385964,-0.0136819066248424,-0.0147603957962049
-0.0322476374875165,-0.0324655307688523,-0.033050954237673,-0.068324015605642,-0.0406734295241644,-0.0433148656675485,-0.0160755974161789,-0.0164202640918115,-0.0159663335704205,-0.0367248120969962,-0.0185945325790732,-0.020553923150067,-0.0112835224145672,-0.0114212769037772,-0.011407553317635,-0.0255458004385964,-0.0136012805135539,-0.0147594393376782
-0.0322121771441627,-0.0324474319922367,-0.0331061066037414,-0.068324015605642,-0.040641312898979,-0.043039847330405,-0.0161624951349266,-0.0163964746663617,-0.0159224890470632,-0.0367248120969962,-0.0185663017181089,-0.0203949903579945,-0.0112541463829804,-0.0114062401239074,-0.0113431542044673,-0.0255458004385964,-0.0135882374353879,-0.0147993956552528
-0.0322167475493323,-0.0324302497253952,-0.0330124781357539,-0.068324015605642,-0.0406252557990859,-0.0425798315341742,-0.0158218083307149,-0.016086499132489,-0.016278800929186,-0.0367248120969962,-0.01859959451075,-0.0203094268443887,-0.0114504333906428,-0.0114009434637403,-0.0113905229176028,-0.0255458004385964,-0.0136075656826706,-0.0147322982868202
-0.033094198769817,-0.033070282820831,-0.0328462985845371,-0.068324015605642,-0.0406393995801933,-0.0428693754940219,-0.0159506026290247,-0.0162797628634203,-0.0163730304857219,-0.0367248120969962,-0.0185745542987285,-0.0206349019817157,-0.0114000641193257,-0.0113613306616884,-0.0114177210929134,-0.0255458004385964,-0.0135975080523252,-0.0148105388380401
-0.0329944830182482,-0.033135869457939,-0.0334334201652308,-0.068324015605642,-0.0405113103037324,-0.043390391752488,-0.0161074240233078,-0.0163293717080547,-0.0166549922749868,-0.0367248120969962,-0.0184736100183971,-0.02048046932279,-0.0114589652813267,-0.0113749629980563,-0.0113214701901874,-0.0255458004385964,-0.0136438385146803,-0.0148269743928908
-0.0320519024483595,-0.0326816264644077,-0.0339172859178331,-0.068324015605642,-0.0405403059375981,-0.0429248239507772,-0.0162843299865115,-0.0165376105505625,-0.0165882135719564,-0.0367248120969962,-0.0185635491175098,-0.0202313011832079,-0.0115081593099358,-0.0115447641715708,-0.0115576188166408,-0.0255458004385964,-0.013645640003898,-0.0147827647511495
-0.0323489381788685,-0.0324895315754344,-0.0330307290972802,-0.068324015605642,-0.0405590387059347,-0.0424775744245236,-0.0159092731541255,-0.0161276400787119,-0.0164237152092517,-0.0367248120969962,-0.0188299406057382,-0.0204048539137102,-0.01146601117765,-0.0115910831412871,-0.0115601773355407,-0.0255458004385964,-0.0136875658814175,-0.0146677398196498
-0.0330224912364349,-0.0333653418876734,-0.0336393361451984,-0.068324015605642,-0.0406001531259296,-0.0425958769061205,-0.0158232420630827,-0.0157306304412159,-0.0160206388980567,-0.0367248120969962,-0.0189301542928192,-0.0202847610203665,-0.0115261397111372,-0.0114515633731386,-0.0113546842121447,-0.0255458004385964,-0.0136931674693167,-0.01472717840355
-0.0327359215412667,-0.0334538546724008,-0.0339182459961548,-0.068324015605642,-0.0406152868395446,-0.0430618543561641,-0.0157023138361555,-0.0163259393605559,-0.01627246795214,-0.0367248120969962,-0.0189359872733064,-0.0202464738361037,-0.0115211385255044,-0.0114732713978029,-0.0113236737706316,-0.0255458004385964,-0.0137011975796286,-0.0146397760241404
-0.0321782583870257,-0.0321501167239333,-0.033464217846368,-0.068324015605642,-0.0404908913898033,-0.04352206395418,-0.0159327676311701,-0.015711785562196,-0.0160191420444285,-0.0367248120969962,-0.0189621523211732,-0.020808847405656,-0.0115417834018023,-0.0114636738951757,-0.0114027684284462,-0.0255458004385964,-0.0136834463741894,-0.0147681511993682
-0.0319367649904861,-0.0322924543123582,-0.033344418261306,-0.068324015605642,-0.0404705235274634,-0.0442104183672765,-0.0158892418735885,-0.0158770093159946,-0.0161944116781003,-0.0367248120969962,-0.0189605094812823,-0.0205202552339217,-0.011357338793172,-0.0115081312053399,-0.0113886882495117,-0.0255458004385964,-0.0136698607940905,-0.0148046757284533
-0.0319138376020995,-0.0323039915769789,-0.0332785450399181,-0.068324015605642,-0.0404496944988426,-0.0444032748581961,-0.0158845334842107,-0.015847986138853,-0.0162661253770362,-0.0367248120969962,-0.0189845807788061,-0.0204431007136059,-0.0113778071094374,-0.0115046788209325,-0.011400915400546,-0.0255458004385964,-0.0136274410902487,-0.014945689651345
-0.0312981929669693,-0.0321306762294552,-0.0334804151721391,-0.068324015605642,-0.0406158095975772,-0.0438213208705167,-0.0158750569137315,-0.0156636137883071,-0.0159671702105574,-0.0367248120969962,-0.0190589257173347,-0.0206523569695373,-0.0116328749627199,-0.011575424060894,-0.0114584249016785,-0.0255458004385964,-0.0137294332129083,-0.015004251038517
-0.0314476745211943,-0.0323897013766636,-0.0333362120022719,-0.068324015605642,-0.0406443048306116,-0.0436220631204094,-0.0158844616118477,-0.0155496598003448,-0.0159459562038265,-0.0367248120969962,-0.0190755295368019,-0.0206288954848894,-0.0116137160155747,-0.0113760923063085,-0.0114062693428425,-0.0255458004385964,-0.0137549133444206,-0.0150024609699511
-0.0313823563763997,-0.0319906569791833,-0.0334926216705532,-0.068324015605642,-0.0406464464558291,-0.0432856028240605,-0.0157549330732493,-0.0159560837591437,-0.0159611334458886,-0.0367248120969962,-0.0190995344252818,-0.0205067677550452,-0.0114855518671166,-0.0114058724711207,-0.0115147298167845,-0.0255458004385964,-0.0137753559342158,-0.0148755286671585
-0.0320188719640171,-0.0326773446674255,-0.0332557737444305,-0.068324015605642,-0.0406375331488562,-0.0438016649065011,-0.0158940755479232,-0.0159081000631498,-0.0158075129425748,-0.0367248120969962,-0.0190405412910576,-0.0205173002968727,-0.0112104405157283,-0.0114721905152876,-0.0114151009245857,-0.0255458004385964,-0.0138065111518446,-0.0152319840782041
-0.0320555007509706,-0.0326027457756519,-0.0324995428502386,-0.068324015605642,-0.0406643686169905,-0.0438437087605518,-0.0159302749416408,-0.0157365056551997,-0.0156705986428202,-0.0367248120969962,-0.0188685746990051,-0.0207391710759788,-0.0112749832405453,-0.0113264212367812,-0.0114005685098472,-0.0255458004385964,-0.0138497755851245,-0.0152230658652919
-0.0320555876736013,-0.0325696512259799,-0.0324362156232385,-0.068324015605642,-0.0407194996845632,-0.0431829893478766,-0.0159297938400287,-0.0157076403306229,-0.0157343716901324,-0.0367248120969962,-0.0188904882939984,-0.0206102150960962,-0.011275133888341,-0.011288979788254,-0.0113332057967917,-0.0255458004385964,-0.0138877683677285,-0.0149435521136754
-0.032059925017921,-0.0319027171888626,-0.0315943329135152,-0.068324015605642,-0.040683993221262,-0.0429798145832077,-0.0158713203967163,-0.0159349959884934,-0.0157720111686715,-0.0367248120969962,-0.0191059690990094,-0.0207815538125521,-0.0112810523725275,-0.0113209298127821,-0.0112386669097114,-0.0255458004385964,-0.0139157651118196,-0.0149254667302342
-0.0318158122920541,-0.0316388131697068,-0.0316034091319269,-0.068324015605642,-0.0406888640388445,-0.043221612113701,-0.0155480213192448,-0.0156401635617954,-0.0154588717764001,-0.0367248120969962,-0.0191103622494374,-0.0206124992385299,-0.0113064519485845,-0.0112813044553063,-0.0113006419904434,-0.0255458004385964,-0.013912946301259,-0.0151761772689112
-0.0318736332954255,-0.0318070830317059,-0.0316741156446182,-0.068324015605642,-0.0407121188602315,-0.0437534925611984,-0.0157807870381784,-0.0155337265098646,-0.0155700131713584,-0.0367248120969962,-0.019114001204386,-0.0208100915147529,-0.0113396067738869,-0.011373424080664,-0.0112843962186798,-0.0255458004385964,-0.0138953541572875,-0.0153706060258935
-0.0319012070356565,-0.0323811867491229,-0.0335828040759941,-0.068324015605642,-0.0407087700257065,-0.0439209717023646,-0.0156456975627339,-0.0156370721172523,-0.0155996137499903,-0.0367248120969962,-0.0191163985383256,-0.0209991675522726,-0.0112631777685054,-0.0113280235525365,-0.0113525079615425,-0.0255458004385964,-0.013894639572908,-0.015357512489039
-0.031901208116056,-0.032434502605921,-0.0336114541606148,-0.068324015605642,-0.0407051002343453,-0.0439039704071794,-0.0156456928785544,-0.0156775466221909,-0.0155301910678453,-0.0367248120969962,-0.0190947416395796,-0.0208916588100318,-0.0112631702881843,-0.0113181096774255,-0.0113886131107074,-0.0255458004385964,-0.0138655163953021,-0.0153543672249392
-0.0323737173159915,-0.0325934737579919,-0.033657616576928,-0.068324015605642,-0.0407149062861202,-0.0435283987743181,-0.0155461130732537,-0.015796755952765,-0.0156153404715528,-0.0367248120969962,-0.0189731264437364,-0.020865632362944,-0.0113263172231262,-0.0112974875173748,-0.0112979696738801,-0.0255458004385964,-0.0139172573481489,-0.0153417098474752
-0.0323774247313758,-0.032610311377894,-0.0336383170389234,-0.068324015605642,-0.0407096603507302,-0.0434507584428924,-0.0155479056316733,-0.0158072677015486,-0.0155883032693935,-0.0367248120969962,-0.0189961503548024,-0.0209391084651617,-0.0113265612236725,-0.0112823010373657,-0.0112942937148802,-0.0255458004385964,-0.013928969640867,-0.0154608952636611
-0.03229871871656,-0.0321634391574743,-0.0336428120003797,-0.068324015605642,-0.0407220677623174,-0.0436191363737667,-0.0157255608214508,-0.0156374146629518,-0.0157180862274265,-0.0367248120969962,-0.0189886385299046,-0.0210353384138374,-0.0112430831247199,-0.0112580487393244,-0.0113477354211895,-0.0255458004385964,-0.0138829276462955,-0.0153080189032688
-0.0322987172453084,-0.0322689154385775,-0.0339184817141601,-0.068324015605642,-0.0407712604935188,-0.0435816990080455,-0.0157255826695027,-0.0155756607811394,-0.0156264035816814,-0.0367248120969962,-0.0190050620471118,-0.0210994226085096,-0.0112430746723127,-0.011260237644472,-0.0113709675598101,-0.0255458004385964,-0.0138659579221818,-0.0152500365095596
-0.0320822250582177,-0.0325440746133218,-0.0335998269027801,-0.068324015605642,-0.0408561588432556,-0.0431469597514721,-0.0156986923619745,-0.0156212328343812,-0.0156396195392614,-0.0367248120969962,-0.0190098851812636,-0.0208824447027175,-0.0113942819266903,-0.0113468914570603,-0.0112596736289717,-0.0255458004385964,-0.0138488276423315,-0.0150585706740973
-0.0322240106858717,-0.0326355709459635,-0.0329711812880013,-0.068324015605642,-0.0408715982553148,-0.0428884498176267,-0.0155340669095486,-0.0155829647289688,-0.015831737738705,-0.0367248120969962,-0.0190383634311635,-0.0208036352007798,-0.0112384276755561,-0.0113163466737369,-0.0113090170118554,-0.0255458004385964,-0.013808965115958,-0.01475399736344
-0.0322255737059879,-0.0321848288002529,-0.0327637168645058,-0.068324015605642,-0.0408554662706145,-0.0428540084785704,-0.0156146824699122,-0.0154553683152257,-0.0155174155838288,-0.0367248120969962,-0.0189883702894772,-0.0207976955199553,-0.0113551537516991,-0.0111766141497806,-0.0116073988552708,-0.0255458004385964,-0.0138395706685999,-0.0147320193265987
-0.0322582217252889,-0.032182160189146,-0.0327758256343243,-0.068324015605642,-0.0408693905788373,-0.0429846526610572,-0.0156288934424395,-0.0154646700049313,-0.0154643271307968,-0.0367248120969962,-0.018959736637069,-0.0206133040579338,-0.0113139747528286,-0.0111983024064015,-0.0115845736940478,-0.0255458004385964,-0.0138478859320222,-0.0147663672785496
-0.0325835424060032,-0.0326012089289909,-0.0333387021208137,-0.068324015605642,-0.0408608987796391,-0.0429601525030197,-0.0156885457557868,-0.0157882044961497,-0.0160049537002604,-0.0367248120969962,-0.0189662023857016,-0.0207049453227816,-0.0113594174167277,-0.0112211655552806,-0.0116509394729843,-0.0255458004385964,-0.0138531167556369,-0.0152325109590046
-0.0319966252355803,-0.0329220432827292,-0.0338113620268822,-0.068324015605642,-0.0409520370640749,-0.0432311788306541,-0.015502558903147,-0.0154360132553964,-0.0159210495744534,-0.0367248120969962,-0.0190992129183951,-0.0206017881667869,-0.0113141638234173,-0.0113074297936526,-0.0111474182640181,-0.0255458004385964,-0.0136418598967032,-0.0147333001991241
-0.0330998337319991,-0.0329738722572179,-0.0335313103550103,-0.068324015605642,-0.0409455972577369,-0.0434262400122343,-0.0155102260921718,-0.0155686799290578,-0.0156005801963599,-0.0367248120969962,-0.0190940632412731,-0.0205516099610646,-0.0111745510780712,-0.011248240013117,-0.011636246607352,-0.0255458004385964,-0.0136498210939648,-0.0151546020034424
-0.0329354981804983,-0.0328827992138735,-0.0334063272915223,-0.068324015605642,-0.0409699204966599,-0.0434239921143589,-0.0157960718953898,-0.015767978077489,-0.015622585809098,-0.0367248120969962,-0.0190974099999043,-0.0204950447348641,-0.0112042054864993,-0.0112853950694069,-0.0115570380871782,-0.0255458004385964,-0.0136482165413601,-0.0148332671071386
-0.0324857744848016,-0.0325767960282655,-0.0333316207025207,-0.068324015605642,-0.0409339779250635,-0.0434235478805396,-0.0157411446647199,-0.0157196711312259,-0.0156139399344742,-0.0367248120969962,-0.0190360983757867,-0.0205736214438374,-0.011158314559979,-0.01126929276685,-0.0115753529504789,-0.0255458004385964,-0.013663513768196,-0.0148545110956888
-0.0325055942225338,-0.0325233611137531,-0.0332245321471047,-0.068324015605642,-0.0409266876912779,-0.0434079792489596,-0.0158095089913923,-0.0157422400727025,-0.0156777954966273,-0.0367248120969962,-0.0190338827376826,-0.020517507109693,-0.0111664579638052,-0.0111928228533272,-0.0115510644056092,-0.0255458004385964,-0.0136507961234004,-0.0149306450480615
-0.0319181006452461,-0.0323556129154691,-0.0334343724275553,-0.068324015605642,-0.0409240676854206,-0.0434245697952337,-0.0158928547309325,-0.0154837074127934,-0.0157620347643659,-0.0367248120969962,-0.0190651411760291,-0.0205826322155947,-0.0111707688501667,-0.0114381763145399,-0.0114226901769719,-0.0255458004385964,-0.0136603683587464,-0.0148708693562795
-0.0317513641246276,-0.0326026470032693,-0.0329880392268999,-0.068324015605642,-0.0409911919452873,-0.0437130462036948,-0.0158433365552806,-0.0156761086275471,-0.015839405732713,-0.0367248120969962,-0.0190170042771371,-0.0204753981213798,-0.0112301584948163,-0.0113262133242268,-0.0116996306064934,-0.0255458004385964,-0.0136408639800891,-0.0151845382537761
-0.0317513446390899,-0.0321441588805878,-0.0329722400084343,-0.068324015605642,-0.0409893458814418,-0.0439371161783832,-0.0158433058070824,-0.0157003039579309,-0.0157968284676279,-0.0367248120969962,-0.0190264215031915,-0.020274571680865,-0.0112301763473641,-0.0113872070901845,-0.0116908068944459,-0.0255458004385964,-0.0136512216776136,-0.0149431231260151
-0.0317998801501451,-0.0321686580000147,-0.0330741212142703,-0.068324015605642,-0.0410091843054452,-0.0441803725979855,-0.0157077153333224,-0.0156827801868823,-0.0156765838363053,-0.0367248120969962,-0.0190288389899468,-0.0207425527154679,-0.0112988566651996,-0.0113227734578326,-0.0116152013083514,-0.0255458004385964,-0.0136366879531093,-0.0151421522097517
-0.032745438473217,-0.0325312174975179,-0.0331943058900321,-0.068324015605642,-0.0410435078435202,-0.0442821120687428,-0.0160062516247909,-0.0158754154350082,-0.015780477737222,-0.0367248120969962,-0.0191305417303229,-0.0201783636028638,-0.0111590917751212,-0.0114442940045747,-0.0113101646899945,-0.0255458004385964,-0.0136840852588389,-0.0151031910801984
-0.0332256585938767,-0.0336301456041628,-0.0332570271678301,-0.068324015605642,-0.0411229270283418,-0.0443900829187535,-0.0155539460287238,-0.0157229057519042,-0.0156541659286925,-0.0367248120969962,-0.0190902818521285,-0.0198350695090533,-0.0112185402340904,-0.0114469469018486,-0.0115494076506198,-0.0255458004385964,-0.0136304426003093,-0.0149803870352737
-0.0332315831080662,-0.0331314372002979,-0.0333626951886186,-0.068324015605642,-0.0410950900144595,-0.0441871054671351,-0.0160890247957432,-0.0159016919189378,-0.0155904802346685,-0.0367248120969962,-0.019130739015092,-0.0202681267770028,-0.0115047201960991,-0.0114190799963966,-0.0116359075464655,-0.0255458004385964,-0.0137381255437227,-0.0151528549250406
-0.0332308800111336,-0.0330990041434371,-0.0335429103385072,-0.068324015605642,-0.0410922463465204,-0.0440195312393277,-0.0160887619504724,-0.0158962787121653,-0.0156016450032715,-0.0367248120969962,-0.0191186144571151,-0.0200337383895415,-0.0115054725689359,-0.0114131535507637,-0.0117120151319649,-0.0255458004385964,-0.0137415310724977,-0.0150578166994609
-0.0333943593747669,-0.0334139945655579,-0.0333430401172599,-0.068324015605642,-0.0410847922105533,-0.043963519031976,-0.0157770424911748,-0.0157273390644423,-0.0157213243024302,-0.0367248120969962,-0.0191589241123307,-0.0200022670910881,-0.0116896517434242,-0.0114834802141094,-0.0116030623227535,-0.0255458004385964,-0.0137220598865218,-0.0152265088403046
-0.0334203704869732,-0.0334307456065437,-0.0335110843243518,-0.068324015605642,-0.0411063015858881,-0.0439054774482547,-0.0157815305509779,-0.0156909823912547,-0.015743242239713,-0.0367248120969962,-0.019157085633956,-0.0198743286122128,-0.0117052508992049,-0.0116599840210313,-0.0115334183225413,-0.0255458004385964,-0.013754277552363,-0.0150330196810329
-0.0334332388413706,-0.0335456094099248,-0.033390813319101,-0.068324015605642,-0.0411295153349413,-0.043970774202925,-0.0160700567313423,-0.0156494919810655,-0.015738660496565,-0.0367248120969962,-0.0191463775176465,-0.0202675729931042,-0.0114987914578269,-0.0114402931546378,-0.0114985946166481,-0.0255458004385964,-0.0137640171190153,-0.015072933221262
-0.0332563493974322,-0.0334318703376141,-0.0335905884048844,-0.068324015605642,-0.0411302736813061,-0.0440122141174345,-0.0158070856736975,-0.015658692684373,-0.015927110475141,-0.0367248120969962,-0.0191323602435819,-0.020240914337943,-0.0113480231753935,-0.0114268368379814,-0.0114354729008821,-0.0255458004385964,-0.0137603638580319,-0.0150480719619622
-0.0333918060799595,-0.0334571166939311,-0.0336230749711884,-0.068324015605642,-0.0411285988405482,-0.0439280668508164,-0.0159019908459027,-0.0158455807033128,-0.0157734483519248,-0.0367248120969962,-0.0191229389613984,-0.0202088396366958,-0.0114948656715238,-0.0115033835676446,-0.0116012622724152,-0.0255458004385964,-0.0137567905344815,-0.0150177945012738
-0.0331394219148121,-0.0333719067235958,-0.0334875986973279,-0.068324015605642,-0.0411568346802656,-0.0438941702346533,-0.0155564141033146,-0.0155836288661792,-0.0156461054737456,-0.0367248120969962,-0.0191222219688262,-0.0200332951459635,-0.0115716187230236,-0.0115841343654595,-0.011408651773958,-0.0255458004385964,-0.0137740798792401,-0.015049357644216
-0.0332338875543175,-0.0332402261274666,-0.0328059927721824,-0.068324015605642,-0.0411800457792513,-0.0436338472356902,-0.015625288912715,-0.0156131586750103,-0.0157340760688362,-0.0367248120969962,-0.0191343130515111,-0.0202025457553687,-0.0115252856635727,-0.0115612401027226,-0.0118853305121315,-0.0255458004385964,-0.0137780501914492,-0.0149423162093247
-0.0328873183950835,-0.0329405730510735,-0.0325251694510688,-0.068324015605642,-0.0411544547582433,-0.0437912678353901,-0.0157052376902748,-0.0157905616709713,-0.0158810965711575,-0.0367248120969962,-0.0191102998542179,-0.0202553778175532,-0.0116175796139525,-0.0116404328579643,-0.0118160386733276,-0.0255458004385964,-0.0137600936016936,-0.015043966524323
-0.0328532706848897,-0.0328865524816825,-0.0324756931918967,-0.068324015605642,-0.0411742426751455,-0.0437270957037472,-0.015677704062513,-0.0158080594401648,-0.0158391105667465,-0.0367248120969962,-0.0190989924901109,-0.0203355214028764,-0.0116507064531764,-0.0115609767262682,-0.0119177273123396,-0.0255458004385964,-0.0137826644434515,-0.0151005691810937
-0.0328676946650781,-0.0331153037545645,-0.0326693605072334,-0.068324015605642,-0.0411768713602864,-0.0437805686145281,-0.0160430271004362,-0.0161470815483368,-0.0157581789008352,-0.0367248120969962,-0.0190995544001265,-0.0200426927778035,-0.011432100392989,-0.0113540666649313,-0.0116891009630756,-0.0255458004385964,-0.013793024683291,-0.0151041125236191
-0.032950345971074,-0.033244207523331,-0.0328288061768178,-0.068324015605642,-0.0412217226761475,-0.0438904370491938,-0.0159438396382559,-0.0159696807532334,-0.0156870481066718,-0.0367248120969962,-0.0190901916796214,-0.0199237925941444,-0.0114812402124029,-0.011209849798042,-0.0116105569046863,-0.0255458004385964,-0.0136905132962057,-0.0150936747022103
-0.0333271743124504,-0.0329498665397898,-0.0329011185625782,-0.068324015605642,-0.0412225677267488,-0.0439726164497846,-0.0159846899858556,-0.0159544627507322,-0.0160345425111152,-0.0367248120969962,-0.0190871578095232,-0.0198782001435091,-0.0114453704494808,-0.01143242813992,-0.0116352372289478,-0.0255458004385964,-0.0136982393132154,-0.0150942488185827
-0.0333763204957564,-0.0329310230031644,-0.0329994251304677,-0.068324015605642,-0.0411786578775026,-0.0441165014938217,-0.0159388509937722,-0.0161058232656486,-0.0158725511067032,-0.0367248120969962,-0.0191756728103369,-0.0196882453460416,-0.0113538054011004,-0.0113276084285558,-0.0115816474199042,-0.0255458004385964,-0.0136555306852174,-0.0151935120708239
-0.0333183266356419,-0.0329249345127136,-0.0330634135526362,-0.068324015605642,-0.0411399457274389,-0.0438912925437953,-0.0159476603912232,-0.0160959788941166,-0.0158970936194128,-0.0367248120969962,-0.0191725833233054,-0.019409262598845,-0.0113269471331577,-0.0113357837791583,-0.0116720680984823,-0.0255458004385964,-0.0136519763457629,-0.0149163916679991
-0.0334650253334974,-0.0332314402540284,-0.0329458932254525,-0.068324015605642,-0.0411421927254263,-0.0438927539944823,-0.0159614295496362,-0.0157994262954793,-0.0159998143824342,-0.0367248120969962,-0.0191636845406476,-0.0194970333847243,-0.0112542561686409,-0.0112267301654511,-0.0116877132983718,-0.0255458004385964,-0.013645567417182,-0.0149666888478524
-0.0332288802529813,-0.0331752055740944,-0.0331044147483796,-0.068324015605642,-0.0411205143280689,-0.0439641232318813,-0.0158060848839579,-0.0159811133106618,-0.016040436709524,-0.0367248120969962,-0.0192095936429169,-0.0194121265602672,-0.0112765364201727,-0.0114551647811589,-0.0115290382323586,-0.0255458004385964,-0.0136394774023017,-0.014941575331354
-0.0332701832904004,-0.033365977009651,-0.0330495599682199,-0.068324015605642,-0.0411126016375183,-0.0440193252190811,-0.0156989287308645,-0.0156975944580096,-0.0157598933267,-0.0367248120969962,-0.0191462244381811,-0.0195609303495797,-0.011429518580329,-0.0116075083274743,-0.0115430336396146,-0.0255458004385964,-0.013612925649351,-0.0149736696609783
-0.0333613867843643,-0.0333294721936243,-0.0332016148110719,-0.068324015605642,-0.0411337299750494,-0.0438408136593006,-0.0156827195036383,-0.0156842894686846,-0.0157857067952937,-0.0367248120969962,-0.0190988627291971,-0.0194257129777603,-0.0114778846434164,-0.0113707564894478,-0.0113694418431519,-0.0255458004385964,-0.0136193840696447,-0.014997627942522
-0.0331533945786092,-0.0331963368668702,-0.0332082671143539,-0.068324015605642,-0.0411401341710205,-0.0437454621562293,-0.0157784790810826,-0.0156544789688797,-0.0157199193604999,-0.0367248120969962,-0.0191053804726344,-0.0194940427706273,-0.0115420981229369,-0.0114159277972693,-0.0113696641914328,-0.0255458004385964,-0.0136127908993888,-0.0149408992772138
-0.0331533511303227,-0.033194774986081,-0.0333188345986268,-0.068324015605642,-0.0411771494493096,-0.0441972471580964,-0.0157800639300025,-0.0156423771735722,-0.0157893437229588,-0.0367248120969962,-0.0191071767313007,-0.0193230392822061,-0.0115449156187133,-0.0114361904846602,-0.0113238007191596,-0.0255458004385964,-0.0136294328622554,-0.0149449293388742
-0.0331456420944524,-0.0331296645156786,-0.0329917527325295,-0.068324015605642,-0.0411681199318583,-0.0440565108301835,-0.0158175194823829,-0.0156818970585341,-0.0156829720455911,-0.0367248120969962,-0.0191051865069557,-0.0193576942602711,-0.0113045870649557,-0.0114333794286575,-0.0112810873636001,-0.0255458004385964,-0.0136297488927948,-0.0149576269692638
-0.0329079356024613,-0.0324428877748283,-0.0328108222950583,-0.068324015605642,-0.041185642437384,-0.0441566359572233,-0.0160633986709267,-0.0157892047720671,-0.0159054959517126,-0.0367248120969962,-0.0190952894116978,-0.019419707891387,-0.01138702002928,-0.0113299477325709,-0.0115678294671991,-0.0255458004385964,-0.01363677826162,-0.0149731485202796
-0.0326754971640408,-0.0324279428595095,-0.0326281862224612,-0.068324015605642,-0.0411991204383616,-0.0440145603964176,-0.015928210380659,-0.0159445510132544,-0.0161077071800273,-0.0367248120969962,-0.0190883373965709,-0.0192324429960908,-0.0113439653821282,-0.0113950313292805,-0.011243714750489,-0.0255458004385964,-0.0136407759419494,-0.0150241982951611
-0.033147470131807,-0.0325449535722656,-0.03287135150536,-0.068324015605642,-0.0411908930496589,-0.0444029117101657,-0.0159130371472906,-0.01625293221816,-0.0161870181650665,-0.0367248120969962,-0.0191077163430788,-0.0194224910793644,-0.0114279350043822,-0.0112795228260041,-0.0111487871062223,-0.0255458004385964,-0.0136616884243008,-0.015055410812177
-0.0323825833017484,-0.0328210308757966,-0.0320735180521961,-0.068324015605642,-0.0411999265757902,-0.0441919421845928,-0.015933159389221,-0.0160765212636356,-0.0163862572847565,-0.0367248120969962,-0.0191134164186978,-0.0195699426841311,-0.0114208401042773,-0.0111973004230576,-0.011190996818292,-0.0255458004385964,-0.0136592996609864,-0.0150953006872527
-0.0323539291091599,-0.0322016900069688,-0.0318525938022671,-0.068324015605642,-0.0411714156466541,-0.0441559530169209,-0.0160513449558094,-0.0160856611664437,-0.0162184545783526,-0.0367248120969962,-0.019090227955416,-0.0194710403228546,-0.0112724565932763,-0.0111719308472585,-0.0115662266559143,-0.0255458004385964,-0.0136446942240563,-0.0149287536611598
-0.0321590742558591,-0.032093882353043,-0.0317073489668442,-0.068324015605642,-0.0410886221206005,-0.0440736369018274,-0.0161204696026977,-0.0160204418420858,-0.0158487705037464,-0.0367248120969962,-0.0192156683886134,-0.0194640522935921,-0.0112167377633594,-0.0113424897212528,-0.0110430169330975,-0.0255458004385964,-0.0136611010889646,-0.014937184999743
-0.032159074237083,-0.0321065515310418,-0.0316977792223761,-0.068324015605642,-0.0410261472321682,-0.0440649531700759,-0.0161204696242761,-0.0161394461192251,-0.0158369321183081,-0.0367248120969962,-0.0191920836351185,-0.0195072595388232,-0.0112167378653088,-0.0112804775119546,-0.0110818064976434,-0.0255458004385964,-0.0136369673521497,-0.0150616695585455
-0.032445060523392,-0.0324299868448366,-0.0319543386023726,-0.068324015605642,-0.0409738701140369,-0.0441991440416508,-0.016004977560052,-0.0162457472296769,-0.0159869793791232,-0.0367248120969962,-0.0191226087322492,-0.0198282967497485,-0.0113430515253512,-0.0111854132648407,-0.0110649253999074,-0.0255458004385964,-0.0136433935711957,-0.0150604733428138
-0.0322354226310645,-0.0321870218089062,-0.0315883724737029,-0.068324015605642,-0.0408658962111781,-0.0439854304458201,-0.0158067454228821,-0.0158322910403221,-0.0158532808604676,-0.0367248120969962,-0.0190366975977166,-0.0190376748449133,-0.0112129930190929,-0.0111145959630689,-0.0111512621699143,-0.0255458004385964,-0.0136695260129546,-0.0149728775277978
-0.0321348716789548,-0.0320748756340225,-0.0318526639898317,-0.068324015605642,-0.0408090765646459,-0.04360639303453,-0.0159336909722009,-0.0162238184970748,-0.0158931221771822,-0.0367248120969962,-0.0190017180419023,-0.0192768981903195,-0.0112880968380076,-0.0113213651895469,-0.0113703519699797,-0.0255458004385964,-0.0136821959204378,-0.0149316132814722
-0.0320395099573153,-0.0318390647425373,-0.0316418572528053,-0.068324015605642,-0.0408823810043074,-0.043508376984589,-0.0162495587047382,-0.0162053045170703,-0.0160531488688923,-0.0367248120969962,-0.018932035005412,-0.0190575328678444,-0.0113460809342986,-0.0116442482157165,-0.0115100567083152,-0.0255458004385964,-0.013688805534268,-0.0150850212374264
-0.0320395110432589,-0.0318390659738361,-0.0317061659893194,-0.068324015605642,-0.0410583921888949,-0.0438455821399773,-0.0162495583874679,-0.0162053113703733,-0.0160220843661337,-0.0367248120969962,-0.0189394855633794,-0.01942806976846,-0.0113460807047292,-0.011644247466626,-0.0115137053777429,-0.0255458004385964,-0.0136740764942907,-0.014908836632673
-0.0320498563669765,-0.0320026807263586,-0.0316733469037713,-0.068324015605642,-0.0410477523628934,-0.0438263752059497,-0.0161318355409178,-0.0162539381666084,-0.015980567356505,-0.0367248120969962,-0.0188974694871046,-0.0193264567203125,-0.0114764990948262,-0.0115375274748873,-0.0112896785274955,-0.0255458004385964,-0.0136879074904302,-0.0149394505010604
-0.0320917478201994,-0.0319339569564722,-0.0315943323252947,-0.068324015605642,-0.0410204055883299,-0.0434296075498475,-0.0160557541551063,-0.0162336120974871,-0.0162043490551583,-0.0367248120969962,-0.0188950748358301,-0.0195167875587285,-0.0114713779977537,-0.0115901186401507,-0.0117330500689575,-0.0255458004385964,-0.0136882521966798,-0.0147549004917776
-0.0320917238073271,-0.0319219709918402,-0.0316227837439979,-0.068324015605642,-0.0410107814030935,-0.0437379146014555,-0.0160557511563381,-0.0162562627765473,-0.0161669530448822,-0.0367248120969962,-0.0188801715507211,-0.019308942623513,-0.0114713330475119,-0.0115847172770232,-0.011773806405072,-0.0255458004385964,-0.0136827059767766,-0.0150269574267171
-0.0320917284018251,-0.0318838805591825,-0.0316855601681847,-0.068324015605642,-0.0410373042203583,-0.0435094633413999,-0.016055750012385,-0.0162339158027326,-0.0160419098170801,-0.0367248120969962,-0.0188952296835384,-0.0193550183436329,-0.011471312879841,-0.0115674701771186,-0.0116393766689011,-0.0255458004385964,-0.0136893575312724,-0.0147774593309293
-0.0318078294940674,-0.031582824390756,-0.0318549767174883,-0.068324015605642,-0.0409537430994043,-0.0436745763282824,-0.0161967515025411,-0.0162782873133466,-0.0162195890632061,-0.0367248120969962,-0.0189823808323041,-0.0196827889664525,-0.0115625575786129,-0.0113485663026935,-0.0115175264558606,-0.0255458004385964,-0.0137642418482237,-0.0150826291079011
-0.031697669871577,-0.0316283354128803,-0.0319599878378379,-0.068324015605642,-0.0409111326285322,-0.0434948568403559,-0.0162391261805457,-0.0161964351824471,-0.0161192882013045,-0.0367248120969962,-0.0189353492800229,-0.0199874615374705,-0.0112339310769836,-0.0113289577474389,-0.0115530568362068,-0.0255458004385964,-0.0137587842654713,-0.0151526702173927
-0.0316976828359137,-0.0316296230636504,-0.031965999763356,-0.068324015605642,-0.0409014329685143,-0.0436091002093229,-0.0162391415931423,-0.0161965625866549,-0.0161183130488505,-0.0367248120969962,-0.0189220123084512,-0.0199918581562051,-0.0112340231622167,-0.0112921863592299,-0.0115517400335344,-0.0255458004385964,-0.0137703703076432,-0.0149846808319837
-0.0321351699210065,-0.0314360638310334,-0.0322609505163295,-0.068324015605642,-0.0411857713687308,-0.0436094274879902,-0.0163109288201347,-0.0163720579081689,-0.0159139373402263,-0.0367248120969962,-0.0192234462390864,-0.0202505133720625,-0.0114378262602032,-0.0115683224940322,-0.0115913273071395,-0.0255458004385964,-0.0137235846593949,-0.015127856758849
-0.0321270218073895,-0.0314679991890454,-0.0322267585535244,-0.068324015605642,-0.0411989167353616,-0.0437753966204089,-0.0163263253890361,-0.0164019117935235,-0.0159139402359232,-0.0367248120969962,-0.019172280297656,-0.0202664907770171,-0.0114443466395952,-0.0115537488000468,-0.0115596281418583,-0.0255458004385964,-0.013680147799563,-0.015036899103668
-0.0316457101477244,-0.031281638970691,-0.0319977231398411,-0.068324015605642,-0.0412170607832994,-0.0436973024647267,-0.0162842770951757,-0.0164568644363191,-0.0159509232103373,-0.0367248120969962,-0.0192045732777469,-0.0199821528165533,-0.0111592270038566,-0.0115835723659353,-0.0116742295860314,-0.0255458004385964,-0.013650996444558,-0.0150006863453481
-0.0315512664575932,-0.0315789619554877,-0.0320993237775136,-0.068324015605642,-0.041220599005596,-0.0439784002578551,-0.0164350240908106,-0.0164109525114398,-0.0159382333421213,-0.0367248120969962,-0.0192201918882517,-0.0203848945315954,-0.0114207851332292,-0.0113756870348115,-0.0116975580533337,-0.0255458004385964,-0.0136270058379024,-0.015096547199762
-0.0312736392546134,-0.0316017217572819,-0.0318203140492123,-0.068324015605642,-0.0410995079137372,-0.0441151145020542,-0.0163752996669142,-0.0164621591216917,-0.0162767052968338,-0.0367248120969962,-0.0192221001483732,-0.020064404036586,-0.0112039762463981,-0.0114577313618804,-0.0113088168526353,-0.0255458004385964,-0.0135396371440572,-0.0149030376261673
-0.0319839425046797,-0.0319837972937094,-0.0324846312915594,-0.068324015605642,-0.0410743832314406,-0.044088163854889,-0.0163013644835289,-0.0166022779428876,-0.0163993558519028,-0.0367248120969962,-0.0194870624818397,-0.0205317031865723,-0.0114254042363525,-0.0114220417808306,-0.0113106820184275,-0.0255458004385964,-0.0136821275758429,-0.0152351338008875
-0.0319839820263079,-0.0320302913447138,-0.0326070563880229,-0.068324015605642,-0.0412790169947101,-0.0441506614534257,-0.0163013241044495,-0.016664460484187,-0.0163627992439664,-0.0367248120969962,-0.0194366993579229,-0.020588218515991,-0.0114254413632785,-0.0114270327628967,-0.0113551780349095,-0.0255458004385964,-0.0136850453987848,-0.0152598947243209
-0.031983971262549,-0.0320168056900931,-0.0327379210814795,-0.068324015605642,-0.0411416698539448,-0.0439231418606745,-0.0163013336826818,-0.0166454500143785,-0.0165109962992529,-0.0367248120969962,-0.0193854609673446,-0.0204318582908968,-0.0114254276669464,-0.0114025851919209,-0.0114621467700587,-0.0255458004385964,-0.0136827696316495,-0.0150317537627314
-0.0317231966294028,-0.0324997921819973,-0.0331261276697326,-0.068324015605642,-0.0411435102990226,-0.043794578409793,-0.0163328654094312,-0.0165676531551628,-0.0164584003898077,-0.0367248120969962,-0.0192536380666635,-0.0202444158254695,-0.0114418203780187,-0.0114741616243201,-0.011408149739972,-0.0255458004385964,-0.0138006935657854,-0.0151441268609516
-0.03211771438994,-0.0324200230468754,-0.0330221247711362,-0.068324015605642,-0.0411586571376344,-0.0441226424355269,-0.0163070689178802,-0.0165687036338865,-0.0166166985822351,-0.0367248120969962,-0.0192531739114942,-0.0205488118987574,-0.011373651091003,-0.0114263524676906,-0.0115040767936773,-0.0255458004385964,-0.0137877494914522,-0.0152005273054501
-0.0321016204017772,-0.0323954060272946,-0.0334294711922689,-0.068324015605642,-0.0411679063516221,-0.0442484374309343,-0.0164553225229068,-0.0166012303322361,-0.0165508493723321,-0.0367248120969962,-0.0192587175608287,-0.0206127653089469,-0.0114863607810312,-0.0114777541442394,-0.0114088051887527,-0.0255458004385964,-0.013773940720345,-0.0151633527471471
-0.0321470705104248,-0.0322392927496487,-0.0331887067770884,-0.068324015605642,-0.0411691048414186,-0.0441886630668427,-0.0164293616855052,-0.0166136030631837,-0.0163716000123919,-0.0367248120969962,-0.0192811568437207,-0.0205994483565219,-0.0114822218879729,-0.0115032417323441,-0.0113901833112066,-0.0255458004385964,-0.013769944247095,-0.0151612760052859
-0.0328364274705155,-0.0335826614839751,-0.0331168073653114,-0.068324015605642,-0.0411719488729582,-0.0442428304085761,-0.0164241686786083,-0.0165016415260353,-0.0162928239798276,-0.0367248120969962,-0.0196059965012376,-0.0205470051139683,-0.0114063885408557,-0.0114341707930805,-0.0115526952512124,-0.0255458004385964,-0.0137158374267128,-0.0152499494020594
-0.0328364705006964,-0.0336615295064282,-0.0332391162617927,-0.068324015605642,-0.041156739947581,-0.044255629671288,-0.016424101922453,-0.0164889496261902,-0.0162442631235564,-0.0367248120969962,-0.0195761978169722,-0.0204867444789189,-0.0114064004339217,-0.0114316745517314,-0.0115264998746497,-0.0255458004385964,-0.0137179315272161,-0.0152446132224797
-0.0328336666909775,-0.0338535355644603,-0.0330646009862629,-0.068324015605642,-0.0411417839708199,-0.0440812129430348,-0.0163750949630795,-0.0164250121118579,-0.0163176644815347,-0.0367248120969962,-0.0195577705185534,-0.0205546819390178,-0.0114187873795335,-0.0114255924440989,-0.0115353523498709,-0.0255458004385964,-0.0137088790043849,-0.0152579476448243
-0.0329129935760536,-0.0328168218738234,-0.0336634813412278,-0.068324015605642,-0.0411389703446966,-0.0436578190061833,-0.0161925259529826,-0.0160666946669967,-0.0163883665870882,-0.0367248120969962,-0.0195760538263483,-0.020510942063255,-0.0114090733013096,-0.011359092598195,-0.0114038237405401,-0.0255458004385964,-0.0137141641972449,-0.0151606121026952
-0.0333087105902025,-0.0330660005360483,-0.0329157067010169,-0.068324015605642,-0.0410900280963195,-0.0433590353811562,-0.0165191883827077,-0.0167003645200236,-0.0162094632154349,-0.0367248120969962,-0.0195374068238075,-0.0204576269476308,-0.0114869827796402,-0.0114906205119206,-0.0116014941441083,-0.0255458004385964,-0.0137111788664057,-0.0152010994551108
-0.0333921161723981,-0.0332014737383631,-0.0341698606435444,-0.068324015605642,-0.0411493332404715,-0.0433591240930074,-0.0167601114036534,-0.0166069860604442,-0.016645619668589,-0.0367248120969962,-0.0196100781762413,-0.0205182820539149,-0.0112209659665203,-0.0113616569701066,-0.0115703728116102,-0.0255458004385964,-0.0136981416166094,-0.0152659293936067
-0.0332065986334032,-0.033082236402829,-0.0338508893999081,-0.068324015605642,-0.0411601420569639,-0.0433407182979103,-0.0167651371976444,-0.0165976900548486,-0.0165275131729382,-0.0367248120969962,-0.0196611216552242,-0.0205393235538522,-0.0113625108205647,-0.0114316221354522,-0.011512422447729,-0.0255458004385964,-0.0136830347755552,-0.0152367833835559
-0.0330503172401291,-0.032808325612949,-0.0334291443669952,-0.068324015605642,-0.0411586869328351,-0.0436423502596456,-0.0163721924068494,-0.0163197710397701,-0.0165674413234019,-0.0367248120969962,-0.0197202886707168,-0.0205818007901828,-0.0112050736279863,-0.0112293869795841,-0.0113875812006315,-0.0255458004385964,-0.0137411570317594,-0.0152038113329099
-0.0330503614644227,-0.0328094593418258,-0.0332387826609755,-0.068324015605642,-0.0411575601717167,-0.0435280984149061,-0.0163721806161385,-0.0163184427639836,-0.016608275061665,-0.0367248120969962,-0.0197199701675765,-0.0206503861069235,-0.0112050357898694,-0.0112215223203662,-0.0113560212526846,-0.0255458004385964,-0.0137432280737653,-0.0151754064363363
-0.0330588750684817,-0.0328335363485576,-0.0342805254731138,-0.068324015605642,-0.0412290043285249,-0.0433460075938744,-0.0165360302128946,-0.0163239215822264,-0.0168746560316925,-0.0367248120969962,-0.0196559302130972,-0.0207635107598238,-0.01126557379518,-0.0115454790558747,-0.0113702010246733,-0.0255458004385964,-0.0137250777391533,-0.0152184699650645
-0.0330521690845086,-0.0327861710781219,-0.0343701452919227,-0.068324015605642,-0.0412222891157392,-0.0430353909170164,-0.016547765035914,-0.0163069942060991,-0.0169261676576435,-0.0367248120969962,-0.0196530126749266,-0.0208957172910278,-0.0112844228549781,-0.0115449634074355,-0.011426747774516,-0.0255458004385964,-0.01372378513521,-0.0152046716688328
-0.0328935237246116,-0.0336531292291087,-0.0350543144473888,-0.068324015605642,-0.0412347740139219,-0.0430545916167439,-0.0164300210655731,-0.0166100082795607,-0.0165859862386296,-0.0367248120969962,-0.019651988174697,-0.020490012640913,-0.0112203878351173,-0.0114881093654268,-0.0115300851244574,-0.0255458004385964,-0.0137088300819362,-0.0151207601458725
-0.0325387158861382,-0.0341982577022998,-0.0361575418432328,-0.068324015605642,-0.0412012577630246,-0.0429020337366284,-0.0164354295803102,-0.0166065529831183,-0.016628517248852,-0.0367248120969962,-0.0196750542472916,-0.0204114904011182,-0.0113584322822639,-0.011349431741419,-0.0114692822621742,-0.0255458004385964,-0.0136765767456722,-0.0150950606252377
-0.0339954219407269,-0.0346663005412839,-0.0363405524674179,-0.068324015605642,-0.0411893553072071,-0.0426683147870509,-0.0164724543865729,-0.0166848225873991,-0.0166684915844363,-0.0367248120969962,-0.0196984741621819,-0.0201977531122019,-0.0113527680194818,-0.0112788785258487,-0.0112894204108369,-0.0255458004385964,-0.0136750359861635,-0.015008135839072
-0.0329543936047792,-0.0348530424437517,-0.0360816392490797,-0.068324015605642,-0.0411888815873761,-0.0426583648787304,-0.0164913203237441,-0.0167620512922682,-0.016735585371336,-0.0367248120969962,-0.0196987643681483,-0.0202485471404434,-0.0112754730796053,-0.0113139678540435,-0.011231231700183,-0.0255458004385964,-0.0136762151027464,-0.0150630968361958
-0.0331129595241253,-0.0338629648643908,-0.0360595038661781,-0.068324015605642,-0.0411946706732391,-0.0427400621124459,-0.016440144598485,-0.016754290906276,-0.0166504998510482,-0.0367248120969962,-0.0196967256240905,-0.0202145695951791,-0.0112151103522467,-0.0111609175544401,-0.011207834600287,-0.0255458004385964,-0.0136803402087319,-0.0150622784837028
-0.033814790186359,-0.0351954597063219,-0.0358801513144787,-0.068324015605642,-0.041191211338394,-0.0427345576466277,-0.0162549986245987,-0.0167001173456993,-0.0167684400003109,-0.0367248120969962,-0.0196873082439251,-0.0203543840835429,-0.0111607478073328,-0.0112698178916652,-0.0113073341010351,-0.0255458004385964,-0.013665939186212,-0.015051967927028
-0.0342486043146143,-0.03498214619814,-0.0358712938361676,-0.068324015605642,-0.0411975202798051,-0.0425884129694622,-0.0161924927824121,-0.0166942981931093,-0.0168168554648976,-0.0367248120969962,-0.0196905111931705,-0.0203725751698211,-0.0112443371248565,-0.0111677974905653,-0.0112839981438162,-0.0255458004385964,-0.013643773668862,-0.0149648644187235
-0.0353771744879846,-0.0356765317500349,-0.0356861625203963,-0.068324015605642,-0.0412065877468012,-0.0424991675426234,-0.0165596975922773,-0.0166476349179902,-0.0168952797553145,-0.0367248120969962,-0.0196825083392478,-0.02036031874471,-0.0114995168476424,-0.0113710098428507,-0.0112912550087612,-0.0255458004385964,-0.0136347259919017,-0.0149387015985645
-0.0349771050669456,-0.0354304269246162,-0.0355669246474744,-0.068324015605642,-0.0412197716857925,-0.042480843654779,-0.016691019738808,-0.0168043633787037,-0.0169195126810528,-0.0367248120969962,-0.019678727663156,-0.0202520998017471,-0.0113399965748206,-0.0112879394441911,-0.0112849631337089,-0.0255458004385964,-0.0136319272456996,-0.015007506652918
-0.0353901059599733,-0.0362047268811288,-0.0364989350848302,-0.068324015605642,-0.0412395505769165,-0.0427342060212096,-0.0163421321677191,-0.0165673282929929,-0.0167962462405196,-0.0367248120969962,-0.0196637786179918,-0.0205997667290191,-0.0114180258081813,-0.0113902354742494,-0.0112928504845957,-0.0255458004385964,-0.0136179825527424,-0.0149016645918526
-0.0359804181913101,-0.0364860168318765,-0.036324442470724,-0.068324015605642,-0.0413354817999309,-0.0426078404797987,-0.0161221316667785,-0.0164890175671701,-0.0165857829036371,-0.0367248120969962,-0.0193852640346722,-0.0203689387822001,-0.0111518772831637,-0.011408827916057,-0.0114169458792905,-0.0255458004385964,-0.0134786270470927,-0.0147424897214093
-0.035980414927114,-0.0364874721919309,-0.0362848896421326,-0.068324015605642,-0.0413405651127989,-0.0422871755936713,-0.0161221341657353,-0.0164648658001942,-0.0165860261918684,-0.0367248120969962,-0.0193893604689224,-0.0204318101057474,-0.0111518762774686,-0.0113602454023823,-0.0114035388133598,-0.0255458004385964,-0.0134975962058948,-0.0148011531689541
-0.0345083686822379,-0.0363714492714696,-0.0363713067088537,-0.068324015605642,-0.0412803257427258,-0.0424650576751249,-0.0163037682273741,-0.0163659153667308,-0.0165951666618326,-0.0367248120969962,-0.0193581101600065,-0.0202277258934301,-0.0113557183849892,-0.0113118184247528,-0.0112660020400068,-0.0255458004385964,-0.0134770264201668,-0.014955458411488
-0.035094775364355,-0.0357769000667366,-0.0359285387756388,-0.068324015605642,-0.0412356162809845,-0.0425149337818862,-0.0162790114525026,-0.0164625684799405,-0.0165402504227953,-0.0367248120969962,-0.0193777280870309,-0.0199193457389731,-0.0112283362722419,-0.0113350846834951,-0.011299823463815,-0.0255458004385964,-0.0134169999129278,-0.0148507556679137
-0.0353258243852911,-0.0357630977183749,-0.035640390039599,-0.068324015605642,-0.041197943521949,-0.0427082168519282,-0.0163821321576746,-0.0164475803668719,-0.0165189455694989,-0.0367248120969962,-0.0194075042916628,-0.0198451744579926,-0.0112745577825713,-0.0114016998132974,-0.0113202003618121,-0.0255458004385964,-0.0134094260832432,-0.0147125211818492
-0.0343998106701079,-0.0355325307753172,-0.0357295774290231,-0.068324015605642,-0.041195731676494,-0.0426064811002587,-0.0163054767427975,-0.016305207754531,-0.0166048234642774,-0.0367248120969962,-0.0194102765162047,-0.0198451052043781,-0.0113680746257872,-0.0114152078240401,-0.011359721094412,-0.0255458004385964,-0.0134088245998621,-0.0147565725215262
-0.0340387600091914,-0.0352707671748159,-0.0355151425351641,-0.068324015605642,-0.0411960898173945,-0.0425999890226015,-0.0163626538300383,-0.016405644228112,-0.016498149819028,-0.0367248120969962,-0.0194155974664241,-0.0199017371455142,-0.0114150780733949,-0.011494044297588,-0.0114206739796029,-0.0255458004385964,-0.0134033708775201,-0.0147616559399755
-0.0343126895564819,-0.0349338834168498,-0.0350389999568217,-0.068324015605642,-0.0411208208152405,-0.0427569821008111,-0.0164753080115576,-0.0166071717999112,-0.0167912488884227,-0.0367248120969962,-0.0195480205613425,-0.0200733038520783,-0.0115297474647298,-0.0114774778732079,-0.0114221847488416,-0.0255458004385964,-0.0136077999530082,-0.0147149001506737
-0.0341898867029654,-0.0345428071829724,-0.0345709602945909,-0.068324015605642,-0.0411678208889171,-0.0428842927576228,-0.0164234192498232,-0.0164951710541517,-0.0166509331063156,-0.0367248120969962,-0.01954596470697,-0.0201108066964474,-0.0113810455428178,-0.0115038367205267,-0.0112715712375809,-0.0255458004385964,-0.0134508865362319,-0.0146435668513879
-0.0325684443492955,-0.0324574778344798,-0.0324885041197653,-0.068324015605642,-0.0412142324011128,-0.0425800893727411,-0.0165427247807082,-0.0166510868069417,-0.01684405544169,-0.0367248120969962,-0.0195717074193571,-0.0202731800384499,-0.0114753500095771,-0.0111476139072492,-0.0114227624653444,-0.0255458004385964,-0.0135062537771838,-0.0144769374457284
-0.0328025951766063,-0.0326401457012824,-0.0320788693186314,-0.068324015605642,-0.0412179466622021,-0.0425540107189229,-0.0164954148780405,-0.0166576062027401,-0.0166541469508109,-0.0367248120969962,-0.0195804355187941,-0.0198377289491854,-0.0114074942039812,-0.0111529321314601,-0.0115462492169317,-0.0255458004385964,-0.0135092567664804,-0.0144114921563823
-0.0328030191760831,-0.0325008163660557,-0.0327992851866998,-0.068324015605642,-0.041223818616645,-0.0429432841070616,-0.0167471618374842,-0.0168610135287374,-0.0167493835032166,-0.0367248120969962,-0.0195687703102007,-0.0198666593399175,-0.0110081712394765,-0.0111373601535444,-0.0112518294609282,-0.0255458004385964,-0.0135697750786537,-0.0144569616653151
-0.0328415329793521,-0.0325539914997904,-0.0327968492232642,-0.068324015605642,-0.0412155684711591,-0.0428427177543739,-0.0167192104438217,-0.0169041802233327,-0.0167508564841189,-0.0367248120969962,-0.0195274128837073,-0.0201029611994095,-0.0110520616786674,-0.0111435525311228,-0.0112290226205357,-0.0255458004385964,-0.0135795977626758,-0.0144903725391463
-0.032608725923719,-0.0323432503967058,-0.032276159669378,-0.068324015605642,-0.0412110335612212,-0.0428348938841112,-0.0166448595273348,-0.0167617600240202,-0.0168813843038418,-0.0367248120969962,-0.0195529153914946,-0.0203809212980519,-0.0110766349306814,-0.0113277238812302,-0.0113912547538105,-0.0255458004385964,-0.0135623144641306,-0.0144580372829365
-0.0322736278820861,-0.0320752077664726,-0.0325832781016272,-0.068324015605642,-0.0411588349653912,-0.0428055024352605,-0.0162850789713012,-0.0164711474373272,-0.0167329473234945,-0.0367248120969962,-0.0195887727291473,-0.0204935167828747,-0.0114001172207344,-0.0112325561099309,-0.0113243928930836,-0.0255458004385964,-0.0135955388163858,-0.0144708136884095
-0.0325569413127387,-0.0318647575774065,-0.0324687914490798,-0.068324015605642,-0.0411638679361112,-0.0428748513914014,-0.0160263404151997,-0.0164530378389632,-0.0164611168789121,-0.0367248120969962,-0.0195723193341738,-0.0203715567816636,-0.0113533164903467,-0.0114203257812184,-0.0114416479129828,-0.0255458004385964,-0.0136045613779431,-0.0142932431917336
-0.0327370100998545,-0.0325512346247898,-0.0327999165334186,-0.068324015605642,-0.0410969468773084,-0.0429479429142774,-0.0164955480827701,-0.0165500315999124,-0.0164473429486762,-0.0367248120969962,-0.0195778899732981,-0.0204506422123066,-0.0116310803896481,-0.0115802475422365,-0.0115166777574508,-0.0255458004385964,-0.0136523315487791,-0.0142546394759225
-0.0331006966553576,-0.0329577223821636,-0.0328684584475841,-0.068324015605642,-0.0410930785224481,-0.043024741710769,-0.0164199066472303,-0.0165948610882469,-0.0165493220322696,-0.0367248120969962,-0.0195936119375117,-0.020328042609222,-0.0114398951816596,-0.0115004118486761,-0.0114605812534181,-0.0255458004385964,-0.0136887642098972,-0.0142398647413571
-0.0335841885709902,-0.0326541277259904,-0.0328114547851106,-0.068324015605642,-0.041080157305567,-0.0430585614841128,-0.0167306887855293,-0.0165401946969524,-0.0165882943278051,-0.0367248120969962,-0.0195853475922428,-0.0203137161841488,-0.0114205620657123,-0.0115087224405586,-0.0115390946793046,-0.0255458004385964,-0.013700286713866,-0.014234148252211
-0.0327263697303165,-0.0329665450363803,-0.0328645542458821,-0.068324015605642,-0.0410796292499239,-0.0428254966394612,-0.016427607434789,-0.0164322396486884,-0.0163975052010005,-0.0367248120969962,-0.0195654386780454,-0.020104933049205,-0.011390321166466,-0.0115132826963155,-0.0115645643483491,-0.0255458004385964,-0.0137041296846311,-0.0141272645508643
-0.0320208721035794,-0.0331117864167366,-0.0327850587007997,-0.068324015605642,-0.041087736147577,-0.0429205324749413,-0.0164700265699776,-0.0165079336345583,-0.0163740753994139,-0.0367248120969962,-0.0195840016724506,-0.0203837820068846,-0.0112893573615087,-0.0115081527912657,-0.0115544159647868,-0.0255458004385964,-0.0136948910197641,-0.0142351142523672
-0.0319789213998393,-0.03312285925171,-0.0327082634578027,-0.068324015605642,-0.0411138739106177,-0.0431846698880368,-0.0164859528214189,-0.016511033596333,-0.0163342042317578,-0.0367248120969962,-0.0195568219366776,-0.0202119977580597,-0.0113178192092705,-0.0115089620978716,-0.0114721564445217,-0.0255458004385964,-0.0136939616138225,-0.0142973118769558
-0.0323873518138092,-0.0328944321999839,-0.0328187076170304,-0.068324015605642,-0.0411183419902729,-0.0433004377616492,-0.0164234731334797,-0.0165130616648328,-0.0164731502943774,-0.0367248120969962,-0.0195533375070133,-0.0202550195922461,-0.0113244258560231,-0.0114329273207553,-0.0115380093415086,-0.0255458004385964,-0.0137184616791421,-0.0144023633483091
-0.0332704245329418,-0.0330178725824994,-0.0325849012947922,-0.068324015605642,-0.041154092595096,-0.0434719927414827,-0.0165045691112317,-0.0165050915613934,-0.0165320290008179,-0.0367248120969962,-0.0196205806724562,-0.0199754421469282,-0.0115007811487772,-0.0113286218713571,-0.0117095888523025,-0.0255458004385964,-0.0135241479517889,-0.014232019547452
-0.0329064226921687,-0.0325910362529428,-0.032852316319829,-0.068324015605642,-0.0411383596073768,-0.0432933650764222,-0.0165650386353155,-0.0163449726101195,-0.0165877533339898,-0.0367248120969962,-0.0196380026965977,-0.0202898353224798,-0.0113802994140931,-0.0114178793047444,-0.0115063748360614,-0.0255458004385964,-0.0136172539328191,-0.0141292172218173
-0.0319166607327664,-0.0322917967405856,-0.0326566598265369,-0.068324015605642,-0.041120448695349,-0.0435117048554586,-0.0161425615032432,-0.0164676626442216,-0.0164381425557347,-0.0367248120969962,-0.0196320249072009,-0.0201096928815312,-0.0113186191653471,-0.01156726733656,-0.0115528238967401,-0.0255458004385964,-0.0136205072172491,-0.0140327719645525
-0.0327064979645343,-0.0322121201078191,-0.0330995538311693,-0.068324015605642,-0.0411129645782278,-0.0435191971181236,-0.0164991526242667,-0.0164414509277403,-0.0162830731709201,-0.0367248120969962,-0.019579384190429,-0.01998111704412,-0.0114522595838342,-0.0115034661014061,-0.0114990333659425,-0.0255458004385964,-0.0136719940853702,-0.014172427575256
-0.0327067739620132,-0.0322143136103387,-0.0330740042716262,-0.068324015605642,-0.0411610026041404,-0.0435191228777301,-0.0164986783144263,-0.0164229162353795,-0.0162768385411565,-0.0367248120969962,-0.0196207856180814,-0.0203303842970032,-0.0114527543929524,-0.0114645472680585,-0.0114980094456623,-0.0255458004385964,-0.0136464330840265,-0.0142436890824582
-0.0327709813102198,-0.0325515651762022,-0.0332877280400895,-0.068324015605642,-0.0411727276050952,-0.0434568641236383,-0.0162861866577408,-0.0165487144670333,-0.0166816375983355,-0.0367248120969962,-0.0196089586691203,-0.0200206159643965,-0.0113951115459848,-0.0115385050093419,-0.011489091492687,-0.0255458004385964,-0.0136522795075228,-0.0144412126634085
-0.0334361318093145,-0.0328750095116369,-0.0333747665684103,-0.068324015605642,-0.0411719640954964,-0.0434679512915837,-0.0162689633290491,-0.0165510895777545,-0.0164946757056413,-0.0367248120969962,-0.0195986805297384,-0.0198948392798813,-0.0112563809763301,-0.0114815552128174,-0.011576261314615,-0.0255458004385964,-0.013646797841119,-0.014329761502326
-0.0338305129179646,-0.03379696767289,-0.0341331842897635,-0.068324015605642,-0.0411702372763774,-0.0434790816824896,-0.0157726672236336,-0.0165986842746495,-0.016637416786425,-0.0367248120969962,-0.0195359377703081,-0.019992745255924,-0.0114997347868364,-0.0112260768545099,-0.0114641342927013,-0.0255458004385964,-0.0136920927126449,-0.0141297672512665
-0.0330873950181857,-0.033897841533724,-0.0343148493965523,-0.068324015605642,-0.0412926332076721,-0.0433561152212819,-0.0164032038957856,-0.0162915527712229,-0.0166913297685574,-0.0367248120969962,-0.0194990698818124,-0.0200544986844787,-0.0113925074980145,-0.011250199448788,-0.0113184999373286,-0.0255458004385964,-0.0135869424432769,-0.014028859318213
-0.0335769316526137,-0.033802719176892,-0.034055468877589,-0.068324015605642,-0.0415297321232762,-0.0436770208872831,-0.016189796454028,-0.016107772282663,-0.0167359450947612,-0.0367248120969962,-0.0193871737666292,-0.0199706220273177,-0.0113526184492277,-0.0114233007223732,-0.011431737944796,-0.0255458004385964,-0.0135673437064442,-0.0141687223632014
-0.0340918949639901,-0.0340413629759381,-0.034052248409957,-0.068324015605642,-0.0415669821580962,-0.0434494933209433,-0.0161505676914643,-0.0159456746665254,-0.0167529293108893,-0.0367248120969962,-0.0194091126926363,-0.0199917172734139,-0.0113595628206385,-0.0111820627899356,-0.0113413817093004,-0.0255458004385964,-0.0133944964411574,-0.0140620122267996
-0.0340918955898888,-0.0339794160413032,-0.0340476972469604,-0.068324015605642,-0.0415587462276558,-0.0435350520825451,-0.0161505663322167,-0.0159317416374723,-0.0167471594329452,-0.0367248120969962,-0.0194438227803733,-0.0198377075875253,-0.0113595613868565,-0.011254488203607,-0.011337503734283,-0.0255458004385964,-0.013422057014455,-0.0140858450635028
-0.0340779782819964,-0.0337277708130113,-0.0339633842576923,-0.068324015605642,-0.0415527216808298,-0.0435578893955918,-0.0160846978473313,-0.0163383595962749,-0.0167081344072225,-0.0367248120969962,-0.0194502785364952,-0.0201542435261492,-0.0111278141535905,-0.0111687316527282,-0.0113918280834495,-0.0255458004385964,-0.0134348054577492,-0.0140365385872777
-0.0337338590201102,-0.0335733510546343,-0.0337642609809187,-0.068324015605642,-0.0415761881460716,-0.0436242626134214,-0.0160392963343158,-0.0164282902131683,-0.0163462232410636,-0.0367248120969962,-0.0193974418230144,-0.0199857813529652,-0.0111215362866632,-0.0110636496337257,-0.0113986927681357,-0.0255458004385964,-0.013433003901662,-0.0140096413978834
-0.0337352597920838,-0.0335266521955236,-0.0337555299622615,-0.068324015605642,-0.0415721410059515,-0.043515362914349,-0.0160396030052015,-0.0164649646833872,-0.0163249096910585,-0.0367248120969962,-0.0193981466167762,-0.019699787076423,-0.0111216415895571,-0.0110354392647451,-0.0113989352444556,-0.0255458004385964,-0.013435186733467,-0.0140044401885445
-0.0336726781550285,-0.0336961520314682,-0.0336088636785514,-0.068324015605642,-0.0415355626923336,-0.0436287168449517,-0.0159481080848221,-0.0162950451636342,-0.0166531124675357,-0.0367248120969962,-0.0193852752004,-0.0198402492227767,-0.01116753266814,-0.0111141016523315,-0.0113517952177638,-0.0255458004385964,-0.0134493600142728,-0.0140627686790259
-0.033806759418151,-0.0336782055513346,-0.0336088017664408,-0.068324015605642,-0.0415510622974839,-0.0437655811979004,-0.0158624258698707,-0.0164830553604601,-0.0166866316136978,-0.0367248120969962,-0.0194182875158694,-0.0197671570710259,-0.011040963746739,-0.0111487903138246,-0.0113537275656908,-0.0255458004385964,-0.0134419966210144,-0.0140277283515924
-0.0338068292800634,-0.0336656968950082,-0.0336410053179987,-0.068324015605642,-0.0415266619744817,-0.0436118021486152,-0.0158624215513403,-0.0164671437295432,-0.016692315193593,-0.0367248120969962,-0.0194196926594353,-0.0198132204914696,-0.0110409970812573,-0.0111267396508628,-0.0113550762868642,-0.0255458004385964,-0.0134502205670583,-0.0140573494144675
-0.0336937503248848,-0.0335337996120025,-0.0336587570560409,-0.068324015605642,-0.0415230791156588,-0.0436831148195941,-0.0159992569594056,-0.0163318369442311,-0.016494238580986,-0.0367248120969962,-0.0194171608002953,-0.0198293220771902,-0.0110305893333831,-0.0111364295379669,-0.0113350868760076,-0.0255458004385964,-0.0134425186792276,-0.0140460584912984
-0.0337405893871063,-0.0337579332028562,-0.0337475049669337,-0.068324015605642,-0.0414574375076871,-0.0437265945594535,-0.0157893937234065,-0.0160778584210806,-0.0160312659474892,-0.0367248120969962,-0.0193912369065601,-0.0198175150564134,-0.0109596380657107,-0.011071988959489,-0.0113143145342805,-0.0255458004385964,-0.0134267181999252,-0.0140408958029081
-0.0337405897767183,-0.0337747545670621,-0.0337822657622501,-0.068324015605642,-0.0414245079524331,-0.0437379737215827,-0.0157893948227938,-0.0160475328525285,-0.016022577740907,-0.0367248120969962,-0.0193719330983577,-0.0199720927694809,-0.0109596436998959,-0.0110660307636654,-0.0112718625861581,-0.0255458004385964,-0.0133629136058423,-0.0140120496728315
-0.0337405860929005,-0.0337524519871573,-0.033795055570767,-0.068324015605642,-0.0414275571542514,-0.0437473835917464,-0.0157893922533615,-0.0160626666424807,-0.0161238410587595,-0.0367248120969962,-0.0193685214248484,-0.020210672372861,-0.0109596306498796,-0.0110745267365758,-0.0112478824053006,-0.0255458004385964,-0.013359369674413,-0.0139984930877768
-0.0338116069773308,-0.0336891464284286,-0.033786534100053,-0.068324015605642,-0.0414533508517124,-0.04391283533655,-0.0157914364172171,-0.01613017820195,-0.0160263229336368,-0.0367248120969962,-0.0193651826318508,-0.0203254503730926,-0.011037720030241,-0.0110820988121001,-0.011216211325129,-0.0255458004385964,-0.0133580613087008,-0.0141213947680716
-0.0338116414137916,-0.0336846924604141,-0.0337698367608358,-0.068324015605642,-0.0413558917942771,-0.0436225551155221,-0.015791429021558,-0.016126681725859,-0.0160440832452894,-0.0367248120969962,-0.019350918289988,-0.0202583355737868,-0.0110377236890573,-0.0110904357263651,-0.0112112591773691,-0.0255458004385964,-0.0133763965437389,-0.0142631979138575
-0.0336279017796143,-0.0334526090858131,-0.0334833341955184,-0.068324015605642,-0.0413309517739967,-0.043526438431035,-0.0160549540708257,-0.0162207601927044,-0.0163535083100517,-0.0367248120969962,-0.0193440718087389,-0.0200531342752902,-0.011101023904972,-0.0110361628994101,-0.0110622381266373,-0.0255458004385964,-0.0133897251464046,-0.0141093633983092
-0.0336275363358328,-0.0334605745749734,-0.0334832812106823,-0.068324015605642,-0.041341491551243,-0.0436174446411493,-0.0160542881049087,-0.0161638967736377,-0.0163533970587713,-0.0367248120969962,-0.0193492695400145,-0.0200987572567485,-0.011100960277065,-0.0110430075442875,-0.011062248761348,-0.0255458004385964,-0.0133976617133329,-0.0141885033120126
-0.0336283414505801,-0.0334217953900307,-0.0334344585002472,-0.068324015605642,-0.0413576444278714,-0.0435613929783351,-0.0160544585472609,-0.0163434107338681,-0.0163534828481697,-0.0367248120969962,-0.0193378843700746,-0.019784208354392,-0.0111007669836065,-0.0110213900648968,-0.0111202851223134,-0.0255458004385964,-0.0133951107873371,-0.0140652233315329
-0.0336275576993602,-0.0334185578266213,-0.0334250379807875,-0.068324015605642,-0.0413409843599018,-0.043716096580936,-0.0160534436877092,-0.0163476039883394,-0.016353913779948,-0.0367248120969962,-0.0193556414610436,-0.0200510301669451,-0.0111009071763534,-0.0110178289849326,-0.0111188172742995,-0.0255458004385964,-0.0134085055494107,-0.0141100876266396
-0.0336370657953464,-0.0334425582562928,-0.0335526800268673,-0.068324015605642,-0.0413489165116917,-0.043822727289423,-0.015689619449927,-0.0162108060622657,-0.0164268087194987,-0.0367248120969962,-0.0193214500763907,-0.0201395464886467,-0.0111578554584887,-0.0111387341572654,-0.0111646575917758,-0.0255458004385964,-0.0133879868677973,-0.0141878003664857
-0.0336370515108216,-0.0334585140227415,-0.0334986392060986,-0.068324015605642,-0.0412777121608215,-0.0440213272427339,-0.01568966052979,-0.0162526018919348,-0.0164395852493128,-0.0367248120969962,-0.0193944153863265,-0.0200651567323,-0.0111578112362167,-0.0110938767934885,-0.0112290744554486,-0.0255458004385964,-0.0134130710173474,-0.0141436912537047
-0.0334835742709163,-0.0335204313765829,-0.0337113611598558,-0.068324015605642,-0.0412730098379744,-0.0433682322596494,-0.0159993922337971,-0.0162694418968936,-0.0163840400360141,-0.0367248120969962,-0.0193915925024884,-0.0204053533564559,-0.0112870759767881,-0.0111330347940429,-0.0113609976757785,-0.0255458004385964,-0.0134076294856471,-0.0142496387059075
-0.0333469597159831,-0.03352407424462,-0.0335476406126382,-0.068324015605642,-0.0412856917964235,-0.0437046964968723,-0.0159213396564553,-0.0161081245482717,-0.0164033355071076,-0.0367248120969962,-0.0193861240810333,-0.0203537430482395,-0.0111019289869479,-0.0111574693611874,-0.0112759182382957,-0.0255458004385964,-0.0134155369983071,-0.0141934291605683
-0.0329817295325941,-0.0335498058233737,-0.0336509504783617,-0.068324015605642,-0.0412940237649832,-0.0439693068716238,-0.0159745688564499,-0.0161394625628222,-0.0163540211622714,-0.0367248120969962,-0.0193756131920896,-0.0203665857477548,-0.0111264307902569,-0.0110538945569401,-0.011281522148045,-0.0255458004385964,-0.0133994018245462,-0.0142399121573455
-0.0329817294883486,-0.0335498062590279,-0.0336509784991078,-0.068324015605642,-0.0412837256059833,-0.0438671445098955,-0.0159745688639837,-0.0161394636134077,-0.0163540254547335,-0.0367248120969962,-0.0193796923179617,-0.020346115261664,-0.0111264308150158,-0.0110538949276406,-0.0112815562390865,-0.0255458004385964,-0.0134069258864368,-0.0141485114220838
-0.0333885714674862,-0.0332942968659163,-0.0335689322427672,-0.068324015605642,-0.0413832813972422,-0.0436693433853342,-0.016195687931146,-0.0163285503718925,-0.0163900402482593,-0.0367248120969962,-0.0195964745493457,-0.0197278528934011,-0.0111759720782132,-0.0111700488804932,-0.011240731836681,-0.0255458004385964,-0.0133845474733069,-0.0140821424990986
-0.0333873646646026,-0.0336682728141664,-0.0333749983358612,-0.068324015605642,-0.0414166711556157,-0.0435508610319273,-0.0164188013115929,-0.0163311606282982,-0.0165464589476755,-0.0367248120969962,-0.0196117226260529,-0.0195251863711323,-0.0108973242829657,-0.0109406297493062,-0.0111140779981418,-0.0255458004385964,-0.0133771606800209,-0.0140730368558442
-0.0333691551020758,-0.0337906950242253,-0.0336100828508222,-0.068324015605642,-0.0414179619040294,-0.0437396163903024,-0.0161626671803641,-0.0163639237789224,-0.0165354740539612,-0.0367248120969962,-0.0196044187130644,-0.0197785687920884,-0.0109919282373569,-0.0109465336088919,-0.0112023397895591,-0.0255458004385964,-0.013379824674175,-0.0141261484380096
-0.0333716469838708,-0.0337875762471798,-0.0336577310187946,-0.068324015605642,-0.0414338406711216,-0.043343618434885,-0.0161702274438491,-0.0162318969655267,-0.0165375586521322,-0.0367248120969962,-0.019609477564582,-0.01993018914307,-0.0109910355769067,-0.0109695941219755,-0.011216709878777,-0.0255458004385964,-0.0133780236961334,-0.0141665366781828
-0.0334151551261772,-0.0335857905617105,-0.033753373830288,-0.068324015605642,-0.0414613077854443,-0.0433370448463853,-0.0159691825602171,-0.0161843674098577,-0.0165752675813705,-0.0367248120969962,-0.01962648619764,-0.0190665395988639,-0.0108853240337887,-0.0109378934861734,-0.0110480832974097,-0.0255458004385964,-0.0133672132762953,-0.014086098106291
-0.0337956960508205,-0.0340206325791505,-0.033711387732989,-0.068324015605642,-0.0414864139429551,-0.0435973652222535,-0.0158601716126149,-0.0163956321572089,-0.0164381211925467,-0.0367248120969962,-0.019612097070329,-0.019359950349832,-0.0109598666236693,-0.0108843718053559,-0.0111695601790664,-0.0255458004385964,-0.0133698739297529,-0.014141632996856
-0.0335532886104345,-0.0336335702079702,-0.0339146546689498,-0.068324015605642,-0.0414877253762778,-0.0431956237167551,-0.0160436157606568,-0.016319333418833,-0.0163712894047006,-0.0367248120969962,-0.0196051596697587,-0.0189932842305272,-0.0109331473453976,-0.0111459911439919,-0.0111782637347402,-0.0255458004385964,-0.0133769785234585,-0.0139594739355129
-0.0335645023943285,-0.0335978453839682,-0.033838719590134,-0.068324015605642,-0.0415022418803779,-0.0438447014227118,-0.0160528157631693,-0.0163268364609954,-0.0164369861876923,-0.0367248120969962,-0.0194741835355716,-0.0189741291315705,-0.0109331965851263,-0.011162058286165,-0.0111313181120924,-0.0255458004385964,-0.0133342844180714,-0.0141727817675584
-0.0339193819920983,-0.0340317875821186,-0.0341092345590231,-0.068324015605642,-0.0414796342527946,-0.0436891548044468,-0.0163025256338936,-0.0162459378171117,-0.0162056985360954,-0.0367248120969962,-0.0194930456332868,-0.0186832539672488,-0.0110422674720516,-0.0112555515812974,-0.0113004940411218,-0.0255458004385964,-0.0134027134412454,-0.0141299077898344
-0.0336842036582873,-0.0336707446942774,-0.0338475551497685,-0.068324015605642,-0.0414099971579487,-0.0437513136430054,-0.016140877103833,-0.0160646640317338,-0.01600093480497,-0.0367248120969962,-0.0195780681520367,-0.0188709990718394,-0.0111292505382416,-0.011306966127576,-0.0112887333734979,-0.0255458004385964,-0.0134308045455364,-0.0142684274454904
-0.0336838162616066,-0.033615371015141,-0.0338431841365255,-0.068324015605642,-0.041426214247473,-0.0437035319688007,-0.016141867342614,-0.0160828295437161,-0.0159269922781098,-0.0367248120969962,-0.019583406646022,-0.0186659722585178,-0.0111305471878768,-0.0112894112013481,-0.0113122995106255,-0.0255458004385964,-0.013433447044487,-0.0141377850164711
-0.0340190397240469,-0.0340439702392512,-0.0338083985614675,-0.068324015605642,-0.0415341508646741,-0.0436319920175007,-0.0157770669486533,-0.0160045310720024,-0.0157102514877378,-0.0367248120969962,-0.0189889238896328,-0.0185427642108582,-0.0111382863617743,-0.0111699538893606,-0.0112788289363457,-0.0255458004385964,-0.0133461577171314,-0.0136494961045219
-0.0343245138788582,-0.0343146312490928,-0.0343780251283475,-0.068324015605642,-0.0416208356961536,-0.0434465616383991,-0.0154839263217804,-0.0154003850498273,-0.0154356914681993,-0.0367248120969962,-0.019077318377722,-0.0185499804142551,-0.0112092362718205,-0.0112933135290688,-0.0113783815754106,-0.0255458004385964,-0.01338436511559,-0.0136571178890505
-0.0345164591164406,-0.0346801684201512,-0.0342014280538037,-0.068324015605642,-0.0416627510269275,-0.043670436581975,-0.0152702316642222,-0.0158294839669053,-0.0158986938263407,-0.0367248120969962,-0.0190761588785556,-0.0185682937322354,-0.0111034586608077,-0.0111424776583196,-0.011446153759307,-0.0255458004385964,-0.013474144882389,-0.0136714826471304
-0.0345580493398978,-0.0346401927771966,-0.0341829924864991,-0.068324015605642,-0.0416484612549721,-0.0437218050122334,-0.0152300364166457,-0.0157500239280884,-0.0159048862152082,-0.0367248120969962,-0.0190661448749015,-0.0185803949942233,-0.0110998841511598,-0.0111419130988245,-0.0114062022656583,-0.0255458004385964,-0.0134883190488714,-0.013622249316184
-0.034538406780885,-0.0348768896443704,-0.0343525242234548,-0.068324015605642,-0.041628590392146,-0.0435240204999668,-0.0152540054254668,-0.015658682416236,-0.0158948245601466,-0.0367248120969962,-0.0191316684626288,-0.0186904750168389,-0.0111537776581633,-0.01120088639627,-0.0113709814625829,-0.0255458004385964,-0.0133664097660066,-0.0136233271251754
-0.0344225384805905,-0.0345487304580931,-0.0347160878011775,-0.068324015605642,-0.0416344387967135,-0.0437791232584809,-0.0155327833632889,-0.0159644031058967,-0.0160008851945194,-0.0367248120969962,-0.019130964879803,-0.0186464417487421,-0.0111540314938375,-0.0111280501812249,-0.0114147255233957,-0.0255458004385964,-0.0133697062118323,-0.0136719139309924
-0.0345884465720618,-0.0346930213029447,-0.0347452764413698,-0.068324015605642,-0.041653786981575,-0.0437665415442034,-0.0154394807773108,-0.0156404717389259,-0.0158615415861155,-0.0367248120969962,-0.0191379526517535,-0.0186135903266449,-0.0110729949653015,-0.0111825902956309,-0.0113565514347094,-0.0255458004385964,-0.0133796429937897,-0.0136812642985469
-0.0345104711013429,-0.0345899455590588,-0.0345635139758513,-0.068324015605642,-0.0416394925183577,-0.0436570848302494,-0.0156628460194407,-0.0157956196571361,-0.0156025987900075,-0.0367248120969962,-0.0191370637106955,-0.0186691989221318,-0.0112649420505435,-0.0113809520530141,-0.0113937589051278,-0.0255458004385964,-0.0133821357608422,-0.0136171011863721
-0.0347527327035995,-0.0342288234239399,-0.0343462572719119,-0.068324015605642,-0.0416273458070571,-0.0434790862328538,-0.0153978361026417,-0.0154910185869508,-0.015922387360383,-0.0367248120969962,-0.0191311925490268,-0.0185345854040534,-0.0112023261563682,-0.0113895544376488,-0.0114044452876793,-0.0255458004385964,-0.0133956085197189,-0.0136345255035944
-0.0343823660441177,-0.0341131915397348,-0.0344115717599327,-0.068324015605642,-0.041605766608406,-0.0435705855734298,-0.0156037411485576,-0.0158013422626428,-0.0160005529530547,-0.0367248120969962,-0.0191045433023911,-0.0185420397059548,-0.01109097906474,-0.0112265788602265,-0.0112696886208259,-0.0255458004385964,-0.0133557311483294,-0.0136639099283205
-0.0344033065518918,-0.0334216479237209,-0.0335690965703982,-0.068324015605642,-0.0417019122968751,-0.0435710057680506,-0.015674501069085,-0.0151780867548201,-0.0155208679639964,-0.0367248120969962,-0.0188249455641696,-0.0185539020960862,-0.0110765541261308,-0.0110178128176472,-0.0112273874431734,-0.0255458004385964,-0.0133215761026993,-0.0136401070977718
-0.0342835634435902,-0.0339115827163953,-0.0343150651078709,-0.068324015605642,-0.0417296528195773,-0.0434111515238954,-0.0156038938739817,-0.0159491079491171,-0.0159926598190316,-0.0367248120969962,-0.0188384659225161,-0.0183045116316121,-0.010902434928151,-0.0112574507837612,-0.0114395501603713,-0.0255458004385964,-0.013318436346649,-0.0135741525772484
-0.0344109153862037,-0.0342696673389442,-0.0345334427044406,-0.068324015605642,-0.0417252127466362,-0.0433839055950675,-0.0152870428664451,-0.015079283427093,-0.0156612412808075,-0.0367248120969962,-0.0187947175685686,-0.018292788068309,-0.0107948631632959,-0.0111484216029273,-0.0114165614838694,-0.0255458004385964,-0.013286659114466,-0.0135884059509424
-0.0343942278834486,-0.034272748277114,-0.0344834241944156,-0.068324015605642,-0.0417758093749793,-0.0436594744871495,-0.0152873889866771,-0.0151319459152732,-0.0156696876653728,-0.0367248120969962,-0.01883441583953,-0.0183266046490056,-0.010785069152709,-0.0111679602295426,-0.0114214157763258,-0.0255458004385964,-0.0132655223280761,-0.0135157846403224
-0.0342185237054155,-0.0341378899530107,-0.0339178412577498,-0.068324015605642,-0.0416505643812485,-0.0434849620235454,-0.0153005412567574,-0.0156556449482737,-0.0157514558695018,-0.0367248120969962,-0.0187636393716634,-0.0184651546778141,-0.0108855032216509,-0.0113204595840964,-0.0113784198518035,-0.0255458004385964,-0.0132265793739507,-0.0134643215251928
-0.033374057537776,-0.0340143559602023,-0.0335666553775475,-0.068324015605642,-0.0416560879888724,-0.0434463299873573,-0.0152449282514304,-0.0153795677800437,-0.0154697531008497,-0.0367248120969962,-0.0187500443696458,-0.0184069678481318,-0.0111984858203154,-0.0110799304826097,-0.0113258479731338,-0.0255458004385964,-0.0131964434999454,-0.0135037047838332
-0.0334938479932549,-0.0340274933842584,-0.0335661988660465,-0.068324015605642,-0.041653148146164,-0.0433925798793045,-0.0152644086370654,-0.0153879624913439,-0.0154716461426964,-0.0367248120969962,-0.0187763823480892,-0.0183682778450525,-0.0112422370322861,-0.011077686288258,-0.0113207202350374,-0.0255458004385964,-0.0131850919030045,-0.0135034589544193
-0.0339396017171351,-0.0341254897191148,-0.0341563493736183,-0.068324015605642,-0.0416487690044158,-0.0433629345196914,-0.0152439913079879,-0.0152508482924236,-0.0153353875114501,-0.0367248120969962,-0.0187605249791732,-0.0185168003720238,-0.0110132124588598,-0.0109602242012246,-0.0113043967882128,-0.0255458004385964,-0.0131723968535585,-0.0134927885806013
-0.0341236133446119,-0.0340522258779486,-0.0338131182792672,-0.068324015605642,-0.0416934317632001,-0.0431555676588789,-0.0153748811566545,-0.0152535122223039,-0.0153833895855403,-0.0367248120969962,-0.0188219738978733,-0.0187042263098546,-0.0109776208124302,-0.0111278683364023,-0.0113677267421612,-0.0255458004385964,-0.0132500545043614,-0.013484531257759
-0.0340673860192501,-0.0340531337155402,-0.0340921490287667,-0.068324015605642,-0.0416683057627021,-0.0430560305217856,-0.0153890994211541,-0.0150586464122699,-0.0152351672381027,-0.0367248120969962,-0.0188217307370369,-0.018628576041041,-0.0111102127783477,-0.0113046566287227,-0.0114372061382083,-0.0255458004385964,-0.013265221588319,-0.0136093952418231
-0.034219000751852,-0.0339858561879728,-0.0337639352923775,-0.068324015605642,-0.0416670706211075,-0.0428246877946001,-0.0153971012859257,-0.0152420959546313,-0.0152189608979661,-0.0367248120969962,-0.0188385617141115,-0.0187105091845536,-0.0112222258378806,-0.0112553923350036,-0.0113011635072002,-0.0255458004385964,-0.0132599176133735,-0.0134195146658811
-0.0344238115350001,-0.0335928848337161,-0.033697944361672,-0.068324015605642,-0.0416343706289524,-0.0427368276635813,-0.0153344769995682,-0.0153024923109558,-0.0148999415267669,-0.0367248120969962,-0.0188051361055228,-0.0186324624716768,-0.0110778714151203,-0.0112286313279465,-0.0113891851242096,-0.0255458004385964,-0.013243864344488,-0.013405278614122
-0.0341956451205926,-0.0340380480120443,-0.0338014100402614,-0.068324015605642,-0.0416470702624408,-0.0433886230761855,-0.0149191405816011,-0.0151883952909056,-0.0149336626707065,-0.0367248120969962,-0.0188244581161777,-0.0187828214239916,-0.011088863479199,-0.0113980860325385,-0.0114239915510612,-0.0255458004385964,-0.0132445222338615,-0.0134927070536335
-0.0337588350444189,-0.033693123683572,-0.0328154832478865,-0.068324015605642,-0.0416366292965716,-0.0432963870481239,-0.0152589560651749,-0.0153445926827085,-0.0153526652320025,-0.0367248120969962,-0.0188349330342085,-0.0186902066779775,-0.0113145700042093,-0.0111812068700391,-0.0113612009671943,-0.0255458004385964,-0.0132576969088781,-0.0134889924854761
-0.0337588352068461,-0.0337306722678886,-0.0330643282360953,-0.068324015605642,-0.0416288947941569,-0.0433842963552184,-0.0152589564113003,-0.0152821422722307,-0.0153212071916445,-0.0367248120969962,-0.0187963056316598,-0.0187766927611771,-0.0113145701288533,-0.0111957120253224,-0.0113404229572748,-0.0255458004385964,-0.013236274323459,-0.0134750078388274
-0.0343157804749359,-0.0341617149425826,-0.0337312871903248,-0.068324015605642,-0.0416412397250512,-0.0430698131878606,-0.0149575305547879,-0.0156988484061542,-0.0155518777211722,-0.0367248120969962,-0.018801194753943,-0.0188362098425596,-0.0112391399782303,-0.0111938505715643,-0.0112297126615021,-0.0255458004385964,-0.0132152130988551,-0.013555258912481
-0.0338377494344101,-0.0337184633146519,-0.033889081707758,-0.068324015605642,-0.0416551896512165,-0.0427437882482341,-0.0151848383404934,-0.0154812638924058,-0.0156902678145653,-0.0367248120969962,-0.0187768268451669,-0.0189377939334425,-0.0113452127740198,-0.0112430713685504,-0.0112423326646655,-0.0255458004385964,-0.0132407697800114,-0.0135370152836864
-0.0335535205488633,-0.0330198146595986,-0.0329084679632046,-0.068324015605642,-0.041669933658537,-0.0428565921189749,-0.0150326925670962,-0.0156501615877629,-0.015474198515502,-0.0367248120969962,-0.0188079785643482,-0.0190588062219791,-0.0113306162749467,-0.0110590193242717,-0.0111161676684496,-0.0255458004385964,-0.0132362137607312,-0.0134623931893675
-0.0338338854171088,-0.0336161216701787,-0.0333103467010433,-0.068324015605642,-0.041698459632158,-0.0434444570681672,-0.0150386241053967,-0.0156336325534307,-0.0156676653825787,-0.0367248120969962,-0.0188432889673135,-0.0189807254619384,-0.0113205686863459,-0.0111456435939919,-0.0111666322644115,-0.0255458004385964,-0.0132821879154409,-0.0136071238572988
-0.0338437060807292,-0.033509985172403,-0.0330953377155159,-0.068324015605642,-0.0417012755939013,-0.0432613815469324,-0.0153764018414007,-0.0154140443815478,-0.0156233397988561,-0.0367248120969962,-0.0188642949948795,-0.0188898192307675,-0.0113186079712557,-0.0112710473364943,-0.0113386353279943,-0.0255458004385964,-0.0132780966485028,-0.0136860378541631
-0.0338522264217168,-0.0334751168264009,-0.0328867073784469,-0.068324015605642,-0.0416483402385921,-0.0433800137196884,-0.015379302147283,-0.0155395538422394,-0.0156022615035583,-0.0367248120969962,-0.018840741172608,-0.0190761583284127,-0.011339105909717,-0.0112757282452896,-0.0111240376667719,-0.0255458004385964,-0.0132250236936462,-0.0134503792955145
-0.0322279034118409,-0.0327919226788279,-0.0321729586704553,-0.068324015605642,-0.0415573581804767,-0.0435788100603903,-0.0151575188984992,-0.0155983110067885,-0.0155684800151908,-0.0367248120969962,-0.0188228594812654,-0.0190108822418154,-0.0113055923730443,-0.0112539943109999,-0.0110891130264968,-0.0255458004385964,-0.0132821863301031,-0.0136658883310277
-0.0336425299274985,-0.0334566442175251,-0.0325877487590892,-0.068324015605642,-0.0415337264741513,-0.0434636575535368,-0.0150336114774231,-0.0153937156235762,-0.0156027649683374,-0.0367248120969962,-0.0188022128117044,-0.0188064705578062,-0.0112038324300425,-0.0112882772335797,-0.0111400731290676,-0.0255458004385964,-0.0132525342152034,-0.0138005619236781
-0.0337732259540337,-0.0334493513583566,-0.0328333947344567,-0.068324015605642,-0.0415724385378774,-0.0442470275451584,-0.0150510145333431,-0.0153860980003738,-0.0156049606604581,-0.0367248120969962,-0.0188526284329246,-0.018715919804207,-0.0111728485090121,-0.0112707758995487,-0.0111174719853963,-0.0255458004385964,-0.0132324520701363,-0.0136612357992381
-0.0336708121376317,-0.0337094581006433,-0.0335322484039744,-0.068324015605642,-0.0415136417070974,-0.0443958299763896,-0.0151221855121677,-0.0151084126874719,-0.0155060839747759,-0.0367248120969962,-0.0185741828400758,-0.0183777437157712,-0.0111786547356825,-0.0112293394585927,-0.0110155442158829,-0.0255458004385964,-0.0132674215250014,-0.0137126255690928
-0.0336612408577814,-0.0335708989272423,-0.0330494774265069,-0.068324015605642,-0.0413413911167596,-0.0442690983008475,-0.0151966463298656,-0.0154017986756348,-0.0156579723911995,-0.0367248120969962,-0.0186767408545936,-0.0186107928513543,-0.0111618569754756,-0.0110812588652113,-0.011100011032029,-0.0255458004385964,-0.0132800813766649,-0.0141369425975828
-0.0324581437746061,-0.0329305252827834,-0.0330726094180375,-0.068324015605642,-0.0413325417735356,-0.0441929082899712,-0.0154404722275568,-0.0154266512810438,-0.0154755240917446,-0.0367248120969962,-0.0186857696122883,-0.0190011840140729,-0.0111351746689264,-0.0112385105164211,-0.0111380001773039,-0.0255458004385964,-0.0132741905608506,-0.0138381585375952
-0.0324427274712228,-0.0332367495577744,-0.0330378659254305,-0.068324015605642,-0.0413354260129922,-0.0440859597814295,-0.0155204780089784,-0.0157066508708938,-0.0158278723261189,-0.0367248120969962,-0.0186993080714866,-0.0188819177232776,-0.0111663104821807,-0.0110325998787906,-0.0111435874788495,-0.0255458004385964,-0.0132791370119631,-0.0138105691549421
-0.0332799446617433,-0.0331063143744928,-0.0331106799626839,-0.068324015605642,-0.0413140065229034,-0.0436431227703596,-0.0153250876570658,-0.0156702593230245,-0.0158116207581509,-0.0367248120969962,-0.0186186405829506,-0.0188410937798833,-0.0111543746549669,-0.0111325292929484,-0.0111629402270302,-0.0255458004385964,-0.0133040454315761,-0.0138530061624874
-0.0324394188660537,-0.0324898350544158,-0.0327473032919191,-0.068324015605642,-0.0413876329826061,-0.0438066156765105,-0.0158818518671932,-0.0158642615949474,-0.0160409201522286,-0.0367248120969962,-0.0186833259271329,-0.0187519404921424,-0.0111002169703153,-0.0110358005889724,-0.0111169311310682,-0.0255458004385964,-0.0133004449425037,-0.0137414423869806
-0.0327125235819065,-0.0324270973232478,-0.0327270746190833,-0.068324015605642,-0.0413527690533249,-0.0436135656395823,-0.0160145025861398,-0.0159011047219727,-0.0159706588681914,-0.0367248120969962,-0.0186439611194241,-0.0186167907480906,-0.0111242749681486,-0.0111637739328563,-0.0111161976814334,-0.0255458004385964,-0.0132738803460685,-0.0136855467949355
-0.0321677141204831,-0.0317854047751381,-0.0328281761862515,-0.068324015605642,-0.041355036265707,-0.0436070520319533,-0.0161628081373281,-0.0159776376060581,-0.0159338648451943,-0.0367248120969962,-0.0186335894425374,-0.0187119491433418,-0.0110896790562712,-0.010897341746426,-0.0109904450301773,-0.0255458004385964,-0.0132778118685588,-0.0137044855714152
-0.0305764175014487,-0.031305087272085,-0.0327785315061582,-0.068324015605642,-0.041354629531615,-0.0436402636429606,-0.0157435397218932,-0.0158457821699248,-0.0155745022529221,-0.0367248120969962,-0.0186334868867879,-0.0185537533576476,-0.0109464018551197,-0.011018941093438,-0.0111057830710569,-0.0255458004385964,-0.0132694628769388,-0.0136392717056559
-0.0305764559098183,-0.031205586931458,-0.0327361688557315,-0.068324015605642,-0.0413352355624877,-0.0437076219055597,-0.0157434995632857,-0.0158060478105565,-0.0154673503329133,-0.0367248120969962,-0.0186506026591426,-0.0184745511892015,-0.0109464738954892,-0.011016283492879,-0.0109944800984758,-0.0255458004385964,-0.0132778960166991,-0.0135820146808968
-0.0311851010813975,-0.031487046502186,-0.0328336316439012,-0.068324015605642,-0.0412414787261481,-0.0436851392012168,-0.0157119995282405,-0.0157634815823502,-0.0156165009587305,-0.0367248120969962,-0.0186202024811639,-0.0188646841446088,-0.0108840488307573,-0.0109219415985811,-0.0109258513522343,-0.0255458004385964,-0.0132765947718601,-0.01364466655848
-0.0306094667485866,-0.0311004763663666,-0.0330447690448975,-0.068324015605642,-0.0412542859795985,-0.0438127355130086,-0.0154405087292485,-0.0156182577052833,-0.0157777482850442,-0.0367248120969962,-0.0186232030403297,-0.0186570726776488,-0.011047162592924,-0.0112054605918706,-0.0111416371938977,-0.0255458004385964,-0.013267283708949,-0.0135680151642007
-0.0294931807678757,-0.0306345793090294,-0.03307721773625,-0.068324015605642,-0.0412656806687506,-0.0439104175251935,-0.0156650487722298,-0.0157087589102508,-0.0157253495104934,-0.0367248120969962,-0.0186171964060543,-0.0187265695024606,-0.0109474226914333,-0.0111202619442446,-0.0112311329452927,-0.0255458004385964,-0.0132938037871859,-0.013526996819998
-0.0329146751080964,-0.0332892105677151,-0.0334957573089519,-0.068324015605642,-0.0412865208504409,-0.0436568985548934,-0.0157096181314011,-0.0156586762676577,-0.0155902036982507,-0.0367248120969962,-0.0185797844623303,-0.0185597076417218,-0.0110042677578883,-0.0111055693533091,-0.0112499917687341,-0.0255458004385964,-0.0133169655037215,-0.0135637685657808
-0.032608301873756,-0.0331151232214664,-0.0335844844757149,-0.068324015605642,-0.0412849517330239,-0.0438857829425287,-0.015241011956751,-0.0158170977513605,-0.0155877245700806,-0.0367248120969962,-0.0185843199203364,-0.0188700214428197,-0.0109898444464847,-0.0111263018918107,-0.0111863896300855,-0.0255458004385964,-0.0132919670605256,-0.0137673246879067
-0.03260830210561,-0.0331243548746568,-0.0321439896977076,-0.068324015605642,-0.0412919814881765,-0.0440900348740691,-0.0152410121488636,-0.0158099109641825,-0.0157503536307191,-0.0367248120969962,-0.0185804555094689,-0.0187949624473157,-0.010989844856571,-0.0111291190852684,-0.0112136835844157,-0.0255458004385964,-0.013285026040654,-0.0140751366128047
-0.0323992902984066,-0.0329228042972227,-0.032907321047512,-0.068324015605642,-0.0412842998093303,-0.0438249375349424,-0.0152387616051284,-0.0155607175037383,-0.0155396884355794,-0.0367248120969962,-0.0185780446319693,-0.0189850263770334,-0.0109158387031196,-0.0110523605694028,-0.0111289877664652,-0.0255458004385964,-0.0132924927440048,-0.0139880565600741
-0.0324328703072591,-0.0329225860286004,-0.0330619422508993,-0.068324015605642,-0.0412980123636602,-0.0438827946596262,-0.0153106301274392,-0.0155602244188124,-0.0157161779426488,-0.0367248120969962,-0.0185671616549538,-0.0187447452093523,-0.0109534963660681,-0.0110520165402064,-0.01117755286815,-0.0255458004385964,-0.0132892689927607,-0.013937975669239
-0.0326128545532151,-0.0327574141108021,-0.0331962065507472,-0.068324015605642,-0.0412958654573334,-0.0438933834828028,-0.0154482303215573,-0.0156290793489629,-0.0158308090166451,-0.0367248120969962,-0.0185765441700611,-0.018739676958676,-0.0109138947779843,-0.0110570049347868,-0.0111598728325734,-0.0255458004385964,-0.0132896985864531,-0.0138325639369252
-0.0331822654427598,-0.0332469860910691,-0.0335340299200177,-0.068324015605642,-0.0414194695531706,-0.0439894003661229,-0.0156847596938032,-0.0157853107510974,-0.0157558895938324,-0.0367248120969962,-0.0186146825093853,-0.0187082165147908,-0.0109970083020295,-0.0111028233801928,-0.0112512047233782,-0.0255458004385964,-0.0132402431260433,-0.0138242222684302
-0.0331771155259306,-0.0332624056986589,-0.0333920594196446,-0.068324015605642,-0.0414193058982463,-0.0439684300322336,-0.0157034559060558,-0.0157472258136159,-0.015691261502766,-0.0367248120969962,-0.0185744855080261,-0.0186780526300946,-0.0109947577335584,-0.0110820736054926,-0.0112648348897456,-0.0255458004385964,-0.0132346239811856,-0.0138081231745546
-0.0330367703238248,-0.0329278923189306,-0.0332659827266646,-0.068324015605642,-0.0414299007018671,-0.0441688749572574,-0.0156858241399223,-0.0155936379857201,-0.0157365307713711,-0.0367248120969962,-0.0185495538098544,-0.0186432115853567,-0.0108752706440251,-0.0111039375533993,-0.0111895141269012,-0.0255458004385964,-0.0132289943664108,-0.0137908948994897
-0.0319902712250358,-0.0330959536144993,-0.0330795426203246,-0.068324015605642,-0.0414111582846179,-0.0442772752858359,-0.015759620585917,-0.0155378240311029,-0.0155319330508675,-0.0367248120969962,-0.0185617539993047,-0.0186615169904602,-0.0108818240398281,-0.0111037606483128,-0.0112217712857599,-0.0255458004385964,-0.0132296400066804,-0.0138773610264059
-0.033596697291817,-0.0335784231623658,-0.033806053858437,-0.068324015605642,-0.04140993030171,-0.0441949499398739,-0.0155330473453172,-0.0154274445765177,-0.0154181417967842,-0.0367248120969962,-0.0185621445488096,-0.0187062157498598,-0.0112475873651665,-0.0108778409753048,-0.0110513997656586,-0.0255458004385964,-0.0132354116430904,-0.013848211629999
-0.033467881314266,-0.0331104674935127,-0.0336420448552269,-0.068324015605642,-0.0414660850738702,-0.0443062862194914,-0.0155412272743069,-0.0153385546583356,-0.0154653102949259,-0.0367248120969962,-0.0185257243706328,-0.0186877458224169,-0.0109837301659651,-0.0111504481190133,-0.0111692561934696,-0.0255458004385964,-0.0132289857112374,-0.0137860775113039
-0.0336531429635198,-0.0333208084458333,-0.0337577830247822,-0.068324015605642,-0.0414142443225332,-0.0441333512940878,-0.0155707045991805,-0.0153721358489361,-0.0153232314596041,-0.0367248120969962,-0.0186314511087352,-0.0186414796379059,-0.0109892424516991,-0.0111450158365752,-0.0110986746070239,-0.0255458004385964,-0.0132438915674741,-0.0138273654287504
-0.0336484913068845,-0.033577194609151,-0.0339194926599432,-0.068324015605642,-0.041393783748956,-0.0442073991612937,-0.0155541466601936,-0.0153163805537417,-0.0155740588664774,-0.0367248120969962,-0.0186243668941391,-0.0187159214370002,-0.0110147759337892,-0.0110966261333559,-0.0110991285141479,-0.0255458004385964,-0.0132433226717178,-0.0137818728385885
-0.033119192776789,-0.0335360687842274,-0.0338999754858757,-0.068324015605642,-0.0413277894359764,-0.0440656843035015,-0.0156678384244735,-0.0155162118609562,-0.0155326974818297,-0.0367248120969962,-0.018741948826419,-0.018643162699711,-0.0110618356662367,-0.0110613343988393,-0.0112471291856939,-0.0255458004385964,-0.0132019672546541,-0.0137366030301506
-0.0328795978878349,-0.0333130514010551,-0.0340280040522964,-0.068324015605642,-0.0413341423451372,-0.0440930352703267,-0.0155971202268626,-0.0153328803528838,-0.015492031303966,-0.0367248120969962,-0.0187445742480026,-0.0186296472918093,-0.0111059257152481,-0.0111165261264283,-0.0111905701610504,-0.0255458004385964,-0.0131867011127757,-0.0137144130874213
-0.0313646077498359,-0.0341678481783053,-0.0339834965307017,-0.068324015605642,-0.041315266337223,-0.0442076786973288,-0.0156768903934531,-0.0156207888750846,-0.0159260665526071,-0.0367248120969962,-0.0187541345420782,-0.0186452873022485,-0.0110877894603679,-0.011075509583052,-0.0111143461038025,-0.0255458004385964,-0.0131743471309303,-0.0137117483377749
-0.0311021891649869,-0.0340526095270378,-0.0341954789041578,-0.068324015605642,-0.0413022267800711,-0.0443075717097005,-0.0156361545193568,-0.0155279329978974,-0.0161228027442645,-0.0367248120969962,-0.0187417910402987,-0.0186235883688343,-0.0109760418223102,-0.0111519960346701,-0.0110469139676826,-0.0255458004385964,-0.0131790909897547,-0.0137075829272293
-0.0312777016056033,-0.0341599654642263,-0.0341493333581236,-0.068324015605642,-0.0413021834639611,-0.0444229380411929,-0.0156604735073043,-0.015698395496928,-0.0156069317284804,-0.0367248120969962,-0.0187389902538632,-0.0185922032098229,-0.0110520271593685,-0.0112507321331977,-0.0111877452891924,-0.0255458004385964,-0.0131870687235999,-0.0137903506730655
-0.032071638579983,-0.0342682561954772,-0.0338142123761874,-0.068324015605642,-0.0413197655612135,-0.0441636311447613,-0.0157859904421058,-0.0158066399629438,-0.0155071965624012,-0.0367248120969962,-0.0187300185343045,-0.018616515333895,-0.0112298971367661,-0.0113321609434629,-0.011127326839517,-0.0255458004385964,-0.0131783792131422,-0.0137482730236851
-0.0320929808670642,-0.0325617215151202,-0.0343493422839025,-0.068324015605642,-0.0413417727410292,-0.0439161364983722,-0.0155457651204224,-0.0151482082419048,-0.0155338465959157,-0.0367248120969962,-0.0186890814040368,-0.0187087760834273,-0.0109766866525585,-0.0111808100005066,-0.0111251622413497,-0.0255458004385964,-0.0131698907432145,-0.0135000949770704
-0.0347531243900729,-0.0342910472706754,-0.0341518788254705,-0.068324015605642,-0.0413570131722973,-0.0437944929212713,-0.0153408670899377,-0.0153115535861254,-0.015522608447996,-0.0367248120969962,-0.018708792629937,-0.018784484261779,-0.0111601200889348,-0.0111261377172953,-0.0111644654563974,-0.0255458004385964,-0.0131759551100661,-0.0136753548977515
-0.0346287542023017,-0.0342804322472311,-0.034245865192191,-0.068324015605642,-0.0413569747469197,-0.0438924718380148,-0.0153872873168123,-0.0152943591302499,-0.015557336805525,-0.0367248120969962,-0.0187083795193158,-0.0187695151378762,-0.011064772065038,-0.0110883893382982,-0.0111578294950564,-0.0255458004385964,-0.0131756697858071,-0.0136817807347675
-0.0345146955031935,-0.0346377566914321,-0.034171411508488,-0.068324015605642,-0.0413615239190257,-0.0437506659845436,-0.0151265518595103,-0.0152310653922502,-0.0152079093178147,-0.0367248120969962,-0.0187055120342226,-0.0186887525813043,-0.0112458288038122,-0.0112640085736942,-0.0112108693361985,-0.0255458004385964,-0.0131726640572304,-0.0136630720473716
-0.0345147060366875,-0.0346422602961329,-0.0341118905132438,-0.068324015605642,-0.041402093767809,-0.0438531298813404,-0.0151265611626579,-0.0152495493663173,-0.0153147982267069,-0.0367248120969962,-0.0187198859454646,-0.0185344323997594,-0.0112458139202298,-0.0113025665141903,-0.0112209720191725,-0.0255458004385964,-0.0131638752973654,-0.0137025423695131
-0.0338389715714107,-0.033922040462557,-0.0341367699991572,-0.068324015605642,-0.0414035594110676,-0.0439447815238518,-0.0156329242252461,-0.0156719719440793,-0.0159770225094891,-0.0367248120969962,-0.0186918560566363,-0.0189373495851638,-0.011018204886846,-0.0109228838550572,-0.0110389790796415,-0.0255458004385964,-0.0131729826251973,-0.0136419860514212
-0.0337158375583143,-0.0337652433048379,-0.0345257869555148,-0.068324015605642,-0.0413883100638792,-0.0439127091732988,-0.01557656656021,-0.0154837055688433,-0.015499682043395,-0.0367248120969962,-0.0186851734365794,-0.0188987230323514,-0.0111398751608486,-0.0111311206391357,-0.0110334758952302,-0.0255458004385964,-0.0131730184248446,-0.0135963044521221
-0.0331949024242215,-0.0335246310289857,-0.0344509883136788,-0.068324015605642,-0.0413380746243297,-0.0437559023485066,-0.0154237338579826,-0.0155492275873859,-0.0155722424962599,-0.0367248120969962,-0.0186641581989618,-0.0186770068807454,-0.0111486098419517,-0.011034568442938,-0.0109623037765691,-0.0255458004385964,-0.0131657076272782,-0.0135842190874245
-0.0335198831223752,-0.0340709409075349,-0.0344179366741035,-0.068324015605642,-0.0413609135990846,-0.0434641657973486,-0.0155942903224541,-0.0157162237232841,-0.0154355477863847,-0.0367248120969962,-0.0186662894238872,-0.0186188640231726,-0.0110589217999269,-0.0110497579740528,-0.0112589043010867,-0.0255458004385964,-0.0131722902308141,-0.0136442419592799
-0.0334456542481851,-0.0335758759024503,-0.0337973492872036,-0.068324015605642,-0.0414088603698391,-0.043897165288872,-0.0152815143204556,-0.0152576027003338,-0.0152857597325922,-0.0367248120969962,-0.0186607301355252,-0.0186267692891783,-0.0111952845353623,-0.0111259450092946,-0.0110871737697182,-0.0255458004385964,-0.0131758043198388,-0.0136083087649127
-0.0326013741654523,-0.0338758582047473,-0.0335989954416711,-0.068324015605642,-0.0414362197885995,-0.0437275070229084,-0.0153576027016807,-0.0154907253714774,-0.0157148698014877,-0.0367248120969962,-0.0187583478463743,-0.0185929466231425,-0.010987455484002,-0.011031488354938,-0.0112141576628816,-0.0255458004385964,-0.0130277787737601,-0.0135306070045187
-0.0320922361864334,-0.0328287178359431,-0.0337787547101966,-0.068324015605642,-0.0414625119248863,-0.0436423264050225,-0.0158527092017937,-0.0154481091420812,-0.0157756129416799,-0.0367248120969962,-0.0187721664564251,-0.0184833264879649,-0.0110224099439844,-0.0108659125601537,-0.0111450505564366,-0.0255458004385964,-0.0129776389259292,-0.0135131200738704
-0.0324451366133925,-0.0331274276624736,-0.0334171851508838,-0.068324015605642,-0.0414441103197695,-0.0438715989415378,-0.0156784379043135,-0.0155778535504421,-0.0157790966443467,-0.0367248120969962,-0.0187637175229278,-0.018772650910451,-0.0110450814627747,-0.0111849462985946,-0.0112324000083305,-0.0255458004385964,-0.0131254356149547,-0.0138132342829446
-0.0331570173956494,-0.0333194810656327,-0.0337141987606861,-0.068324015605642,-0.0414443440572501,-0.0438188973303102,-0.0152705750054424,-0.0154988644628961,-0.0156151218810309,-0.0367248120969962,-0.0187752468726479,-0.0187352478952089,-0.0110041516719149,-0.0109116533245809,-0.0110374034456227,-0.0255458004385964,-0.0131303609574176,-0.0136720289665428
-0.0332410187361884,-0.0333188244359155,-0.0337471783476562,-0.068324015605642,-0.0414436528963331,-0.0437999738247103,-0.0152989332570213,-0.0154991091350061,-0.0155987820563625,-0.0367248120969962,-0.0187753334679798,-0.0187309761900645,-0.0109817810148989,-0.0109116021580995,-0.0109910609412029,-0.0255458004385964,-0.0131305170482082,-0.0137255302694059
-0.0323101094953444,-0.0326720112022962,-0.0331836119427254,-0.068324015605642,-0.0415507908093843,-0.0436586991832886,-0.0155498388871292,-0.015533283362073,-0.0155612203948739,-0.0367248120969962,-0.0187692670791246,-0.0186294857835034,-0.0110375662134356,-0.0110424881627613,-0.0110692934993732,-0.0255458004385964,-0.0131403631952245,-0.013632926943162
-0.0326690881460366,-0.0327702190452787,-0.0332468053011768,-0.068324015605642,-0.0415568124548523,-0.0436670162632804,-0.0151641669503188,-0.0153016084381775,-0.0153655850995356,-0.0367248120969962,-0.0187711846004205,-0.0185516034711104,-0.0109786030786434,-0.0110588006973065,-0.011034258228719,-0.0255458004385964,-0.0131261266238571,-0.0135562927811465
-0.0334104511860368,-0.0330920797373536,-0.03330290521392,-0.068324015605642,-0.0415543713909218,-0.0436773580902708,-0.0152549120807757,-0.0151841327510058,-0.0152800575490141,-0.0367248120969962,-0.0187724848051183,-0.0186270288826451,-0.0109315704039839,-0.0110041898786642,-0.0110544635238224,-0.0255458004385964,-0.0131309618499741,-0.0135764329922595
-0.033366997373487,-0.0331088991365648,-0.0332811451296851,-0.068324015605642,-0.0415661660039274,-0.0439638604287127,-0.0152510539114811,-0.0151552342569281,-0.0151934915017355,-0.0367248120969962,-0.0187708809735342,-0.0186371129716011,-0.0109514466824633,-0.011047330459119,-0.0110910333133645,-0.0255458004385964,-0.0131275889697119,-0.0136061396992448
-0.0331132515972163,-0.0334866590178479,-0.0337576810866475,-0.068324015605642,-0.0415710859597992,-0.0438383444660891,-0.0154921490959304,-0.0154656642405015,-0.0157034309114293,-0.0367248120969962,-0.0187565211607084,-0.0186456462277187,-0.0108690676607431,-0.0110185064407564,-0.0111920514072219,-0.0255458004385964,-0.0131169270559437,-0.0136543777285064
-0.0338721685538799,-0.033825178991096,-0.0345038238807614,-0.068324015605642,-0.0415532831109986,-0.0436442258164734,-0.0152971726063918,-0.0156767271460923,-0.0154779160334087,-0.0367248120969962,-0.0187668257290151,-0.0186608292798983,-0.0109154177418408,-0.0109264723926197,-0.0109962315765359,-0.0255458004385964,-0.0132147594817729,-0.0136288515863852
-0.0338720705183136,-0.0338526572168686,-0.0344301234147651,-0.068324015605642,-0.0415754282092699,-0.0435324701656768,-0.0152971807541814,-0.0156499269554922,-0.0155581450168789,-0.0367248120969962,-0.0187923309520013,-0.0186069731966304,-0.0109154053281917,-0.0108922655513972,-0.0110381530238847,-0.0255458004385964,-0.0132047934566036,-0.0135911925410131
-0.0336966140538523,-0.0337163858396473,-0.0337240836005108,-0.068324015605642,-0.0415985826815129,-0.0439309370309388,-0.0153694495320321,-0.0156920100929455,-0.0157557373381898,-0.0367248120969962,-0.0188081902645425,-0.0186243876523972,-0.0109566907167007,-0.0109633150890119,-0.0109494080518325,-0.0255458004385964,-0.0132016244007106,-0.013623644878091
-0.0332381366410644,-0.0334515956495071,-0.0341601633613459,-0.068324015605642,-0.0415459758302845,-0.0439412579519036,-0.0153885012963024,-0.0157309670257933,-0.0153707032198254,-0.0367248120969962,-0.0188035772924989,-0.018596005644569,-0.0109396279835714,-0.0108940773110091,-0.0107815748604599,-0.0255458004385964,-0.0132031485180136,-0.013589125739913
-0.0332375825970223,-0.0334632584595369,-0.0342745439961702,-0.068324015605642,-0.0415335392276363,-0.0434950039808216,-0.0153885289801346,-0.0154717362037305,-0.0152978506365778,-0.0367248120969962,-0.0188028694821354,-0.0185878317051937,-0.0109396420062797,-0.0108799049140194,-0.0108676623792318,-0.0255458004385964,-0.0132023679084367,-0.0136340642747418
-0.0335678015831217,-0.0339935662472421,-0.0320747433346892,-0.068324015605642,-0.0415422617720166,-0.0433455598335473,-0.0155792430830995,-0.0154389494500873,-0.0154565464863194,-0.0367248120969962,-0.0188168714239635,-0.0185699943913038,-0.010918625769818,-0.0108745280191076,-0.0109161900218183,-0.0255458004385964,-0.0131976918649593,-0.0135240583666222
-0.0335678078342762,-0.0340332624741516,-0.0322313745333743,-0.068324015605642,-0.0415334234268407,-0.0431148370038782,-0.0155792492116728,-0.0154522630713376,-0.0156960540671425,-0.0367248120969962,-0.0188124988873349,-0.0185454569912977,-0.0109186256934856,-0.0108774972332807,-0.0108810202254376,-0.0255458004385964,-0.0131877709724504,-0.0134632014806487
-0.0335677937769527,-0.0340267219047287,-0.0322975687153534,-0.068324015605642,-0.0415631439283309,-0.0436076395523637,-0.0155792326242745,-0.015447569677025,-0.0158263247791577,-0.0367248120969962,-0.0188168374503136,-0.018719200184974,-0.0109186357475555,-0.0108858221251711,-0.0109368483702922,-0.0255458004385964,-0.0131892947832588,-0.0135642966393931
-0.0340271705829157,-0.0343137227887938,-0.0335305576795697,-0.068324015605642,-0.0415667297870304,-0.0431566917537226,-0.0154079848718613,-0.0154268034082068,-0.0154445501345381,-0.0367248120969962,-0.0188094830371975,-0.0186738290875865,-0.0110440950061837,-0.0110441615217264,-0.0109484764970559,-0.0255458004385964,-0.0131913570620968,-0.0134822394370993
-0.0339912856032111,-0.0343313278858373,-0.0343984327193111,-0.068324015605642,-0.0415805084617681,-0.0433704984278809,-0.0154125972119298,-0.0154476372486692,-0.0156834887520743,-0.0367248120969962,-0.0188162300748354,-0.0187195592690613,-0.01104872021555,-0.0111201716594096,-0.0110043116209382,-0.0255458004385964,-0.0132037617726374,-0.013608853493915
-0.0326945105012886,-0.0336923906244951,-0.032563625886234,-0.068324015605642,-0.041595075572131,-0.0437603031132847,-0.0153826123241499,-0.0153680558708774,-0.0156415414565031,-0.0367248120969962,-0.0188103619806846,-0.0188526317337729,-0.011053045983589,-0.0109739851325588,-0.0110775487084379,-0.0255458004385964,-0.0132112022679033,-0.013652519877898
-0.0324821464740417,-0.0338060316498623,-0.0325164007599508,-0.068324015605642,-0.0415980995779737,-0.0437394989648676,-0.0153781428371082,-0.0153788094903755,-0.0154919531554665,-0.0367248120969962,-0.0188117058597974,-0.0187915178801442,-0.0111480264310742,-0.0109457287942835,-0.0110429726269069,-0.0255458004385964,-0.0132235523100751,-0.0135970710370261
-0.0319243069798913,-0.032924711084547,-0.0338397186736776,-0.068324015605642,-0.0415931899071211,-0.0437740572088239,-0.0156588700049267,-0.0155706868555917,-0.0157220664301039,-0.0367248120969962,-0.0187917092349676,-0.0186882230242666,-0.010967126475695,-0.0110010674487557,-0.0109661146896768,-0.0255458004385964,-0.0134295819490501,-0.0136928208336258
-0.0337677183433905,-0.0334711971396029,-0.0346913203280587,-0.068324015605642,-0.0416083538305519,-0.0437741487038212,-0.0156038358555603,-0.0155560144235963,-0.0158463016662762,-0.0367248120969962,-0.0187846651302579,-0.0186656603952935,-0.0108465213459864,-0.0109681167777702,-0.0111400404377345,-0.0255458004385964,-0.0134370541551456,-0.0137651570017809
-0.0323170974562748,-0.0331755743804698,-0.0338986268661676,-0.068324015605642,-0.0416029154223853,-0.0438862758410296,-0.015356843052706,-0.0153621800538013,-0.0155867955361211,-0.0367248120969962,-0.0187918718248494,-0.0185548724658694,-0.0108976064010926,-0.0108383088994693,-0.0110714401552091,-0.0255458004385964,-0.0134307620058997,-0.0137990207037025
-0.0321487422288436,-0.0331727596109864,-0.0338128707846488,-0.068324015605642,-0.0416440845452492,-0.0439594749623933,-0.0154405162230223,-0.0153949760850051,-0.0154334000907814,-0.0367248120969962,-0.0187500020696893,-0.0186880034308171,-0.0108825503603804,-0.0108508922441441,-0.0110205058302456,-0.0255458004385964,-0.0134184930365113,-0.0137128197198537
-0.0324780474840346,-0.0343103205802691,-0.033395930889728,-0.068324015605642,-0.0416412275549551,-0.043871320299556,-0.0156899193964243,-0.015771359384481,-0.0157110046564675,-0.0367248120969962,-0.0187506593559813,-0.018695447634476,-0.0106837157682699,-0.0109855255152185,-0.0110667820731313,-0.0255458004385964,-0.0134169143332862,-0.0137804428286171
-0.032231194569224,-0.0331719903758892,-0.033540497074335,-0.068324015605642,-0.0416406906700232,-0.0432841561208946,-0.0158405728367927,-0.0156915668155609,-0.015794683174188,-0.0367248120969962,-0.0187643640809022,-0.018812050837034,-0.0109228509021636,-0.0109710589628053,-0.0108945898778417,-0.0255458004385964,-0.0133671428036243,-0.0135839108149752
-0.0326918718997311,-0.034201804484648,-0.032202390554865,-0.068324015605642,-0.0416375317394764,-0.0434183644425593,-0.0155092280273641,-0.0154823928067158,-0.0156197711110215,-0.0367248120969962,-0.0187824801173908,-0.0188402796668063,-0.0109725288117791,-0.0107919861846683,-0.0110560617294304,-0.0255458004385964,-0.0133815037918346,-0.0136797549850878
-0.0326916190604538,-0.0335734289920189,-0.0322985880859081,-0.068324015605642,-0.0416350151692531,-0.0435128310833554,-0.015509313676566,-0.0154025076947028,-0.015590004941714,-0.0367248120969962,-0.0187808124516573,-0.0187708011889695,-0.0109725767300966,-0.0108346139963232,-0.0110715494784443,-0.0255458004385964,-0.0133833838135574,-0.0136621307376299
-0.0327234101416931,-0.0342052686843421,-0.0327709108329011,-0.068324015605642,-0.0416395074889237,-0.0433852223883637,-0.0154994023413228,-0.0155194779139613,-0.0155945157142777,-0.0367248120969962,-0.0187865048085483,-0.0187234280641434,-0.0109666290740906,-0.0108170552986308,-0.0110655638997664,-0.0255458004385964,-0.0133815325265567,-0.0136214377935446
-0.0327235114553582,-0.0342639032039603,-0.0334399836424569,-0.068324015605642,-0.0416530672643179,-0.0435350800267211,-0.0154993561219416,-0.0155459923986327,-0.0155935634287135,-0.0367248120969962,-0.0187743204863216,-0.0186584697478731,-0.0109666103119563,-0.0108394000512843,-0.0110714736939074,-0.0255458004385964,-0.0133730484804429,-0.0136198468609882
-0.0316707486662159,-0.031565420925813,-0.0316598573916121,-0.068324015605642,-0.0415194055094718,-0.0431793818217605,-0.0155211149626114,-0.0155837691453381,-0.0155373960301261,-0.0367248120969962,-0.0187608871727751,-0.0187779493106029,-0.0108137500178609,-0.0109278420370676,-0.0109701578947263,-0.0255458004385964,-0.0133576009610719,-0.0136064323581212
-0.0313847715302006,-0.0315753746930814,-0.031506096816589,-0.068324015605642,-0.0417783586552637,-0.0431562286444277,-0.0158435915094661,-0.0157427065978238,-0.0159196210574093,-0.0367248120969962,-0.0188909947217591,-0.0188109388726382,-0.0110657646243495,-0.0111583267311246,-0.0110248117921098,-0.0255458004385964,-0.0135132439410171,-0.0136343879783556
-0.0314478395661224,-0.0315053842311659,-0.0320543692500345,-0.068324015605642,-0.0417950753064751,-0.043012833281544,-0.0159007392495597,-0.0159049042110993,-0.015750603110562,-0.0367248120969962,-0.0189105609700427,-0.0187570027171459,-0.0111267567122621,-0.0110284693007892,-0.010857988256515,-0.0255458004385964,-0.0135194543003754,-0.0136402853873161
-0.0314873548116194,-0.0313729992450547,-0.0333627467757983,-0.068324015605642,-0.0417759036853368,-0.0425367036731343,-0.0158496388338811,-0.0159338194138292,-0.015753422142123,-0.0367248120969962,-0.0189184109130037,-0.0186734926511654,-0.010892954977897,-0.0110104437114314,-0.0109591661533404,-0.0255458004385964,-0.0135122084026982,-0.0135446626519906
-0.0314873527077828,-0.031364116187742,-0.0333584948181028,-0.068324015605642,-0.0418504783042993,-0.0425313239645756,-0.0158496396291684,-0.0159353965368451,-0.0157938231639983,-0.0367248120969962,-0.0189304475383067,-0.0187121275053791,-0.0108929538534377,-0.0110138580397885,-0.0109642180858556,-0.0255458004385964,-0.0135249358635235,-0.0135073685241121
-0.0315207472085247,-0.0319897521741717,-0.03289874318477,-0.068324015605642,-0.041866464578914,-0.0426094800963534,-0.0158906943604837,-0.0159967281097948,-0.0161463322618248,-0.0367248120969962,-0.0189353003649353,-0.0186631182977409,-0.0110453550656671,-0.0109093440080834,-0.0110029254777247,-0.0255458004385964,-0.0135255693435166,-0.0135310726354595
-0.031642273347446,-0.0317736467753557,-0.0330189885713842,-0.068324015605642,-0.0418858322749345,-0.0426248809985627,-0.0158267411216899,-0.0158102790412033,-0.0159027238765743,-0.0367248120969962,-0.0189089360447307,-0.0186296096518029,-0.0109759277203633,-0.0108681425509096,-0.0111171778672582,-0.0255458004385964,-0.0135507748414571,-0.0134701470606617
-0.0319032964668999,-0.0315724537211399,-0.0332014520054598,-0.068324015605642,-0.0419162449606248,-0.0426258851768093,-0.0158864361943705,-0.0159422395139445,-0.0157429095151426,-0.0367248120969962,-0.018907711013966,-0.0186207398789589,-0.0109199377686231,-0.0108507632512654,-0.0111143985023796,-0.0255458004385964,-0.0135529107316167,-0.0134709853471212
-0.0315101266435533,-0.0313613996315454,-0.0317311601395033,-0.068324015605642,-0.041929336207578,-0.0430523301461846,-0.0159053067171567,-0.0159844985381657,-0.0158839939593245,-0.0367248120969962,-0.0189126648512149,-0.0186691708892448,-0.0110999603293486,-0.0110022539715031,-0.0110998000991613,-0.0255458004385964,-0.0135488890385458,-0.0135796646586727
-0.0309349630030943,-0.0308551578181996,-0.0313151613353677,-0.068324015605642,-0.0419257374732575,-0.042469171171198,-0.0160122786851427,-0.0158399458349516,-0.0156484002329367,-0.0367248120969962,-0.0189154226603017,-0.018756685924512,-0.011029593959802,-0.0108416562104085,-0.0110039339647049,-0.0255458004385964,-0.0135249489889427,-0.013513972748203
-0.0312997587682341,-0.0315457861261072,-0.0335330988100084,-0.068324015605642,-0.04190477089956,-0.0426739388420454,-0.0159375491137379,-0.015639613052335,-0.0158956317296227,-0.0367248120969962,-0.0189036761882402,-0.0187546792804442,-0.0113495357418485,-0.011129991044362,-0.0114699096650442,-0.0255458004385964,-0.0135251833809753,-0.0134468666372894
-0.031141864846277,-0.0312777697972097,-0.0329059566008234,-0.068324015605642,-0.0419061164305403,-0.0425539565979948,-0.0160797076457362,-0.0158305635618967,-0.0157697929836893,-0.0367248120969962,-0.0188645830494496,-0.0187671574427986,-0.0111562177305027,-0.0113080240641948,-0.011317975438324,-0.0255458004385964,-0.0135579318804376,-0.0135013279411769
-0.031912036273943,-0.0312152164299169,-0.0327961690604057,-0.068324015605642,-0.0419502639646534,-0.0426115637411476,-0.016179775018491,-0.0158443225083932,-0.0157500187432709,-0.0367248120969962,-0.018829856792634,-0.0189107990588206,-0.0111347101741455,-0.0111072965730457,-0.0113140863495435,-0.0255458004385964,-0.0135364205897332,-0.0136200648802834
-0.0319313714716077,-0.031229392738989,-0.0329983045694293,-0.068324015605642,-0.0419355475135613,-0.042680588968848,-0.0162420728408539,-0.0158831860946441,-0.0156949971899478,-0.0367248120969962,-0.0188242376073495,-0.0188550643524239,-0.0111373392951355,-0.0111011781512038,-0.0112001658908281,-0.0255458004385964,-0.0135177013064414,-0.0136055241737293
-0.0308636289765746,-0.032574208935423,-0.0334214978529194,-0.068324015605642,-0.0419324731136532,-0.0426591477367229,-0.01626319880405,-0.0158510362508495,-0.0161912838476058,-0.0367248120969962,-0.0188297871987313,-0.0188468329246077,-0.0110680135503568,-0.0111271586189761,-0.011328515751467,-0.0255458004385964,-0.0135170362184882,-0.0136254702687117
-0.0307663397373824,-0.0316321775643764,-0.0333126463754139,-0.068324015605642,-0.0418547976978287,-0.042566222979515,-0.0162047244901224,-0.0160951681690639,-0.0160109753508281,-0.0367248120969962,-0.0188552788647359,-0.0188794677470585,-0.0110569282855304,-0.0111034270127733,-0.0112295572132775,-0.0255458004385964,-0.0134768538311121,-0.01363047250234
-0.0325880075740894,-0.0319677849189374,-0.0332004267789003,-0.068324015605642,-0.0418595366689717,-0.042612147421415,-0.0161831536298776,-0.0158709445151312,-0.0161453756561723,-0.0367248120969962,-0.0188540780741495,-0.0189464529581104,-0.0109953208166501,-0.0109875139550201,-0.0115107653515179,-0.0255458004385964,-0.0134930183935175,-0.0136615729522724
-0.0324604582828057,-0.0319504851683804,-0.0331353991677552,-0.068324015605642,-0.0418518312099996,-0.0427333899625885,-0.0161817705301492,-0.0158857837585555,-0.0159878199297239,-0.0367248120969962,-0.0188760923263503,-0.0189203195259722,-0.0109967645371196,-0.0109898139519585,-0.0115439906119967,-0.0255458004385964,-0.013486508316775,-0.0136461166900957
-0.031698954916277,-0.0326487808133391,-0.0332033161621212,-0.068324015605642,-0.0418821585984812,-0.0425076944125328,-0.0161189232581569,-0.0158327420429841,-0.0160366549543504,-0.0367248120969962,-0.0188698480584292,-0.0188497274003462,-0.0108104234290477,-0.0111027353528638,-0.0114367325681153,-0.0255458004385964,-0.0135153107274747,-0.0136220589138124
-0.0325073347524661,-0.0330498919908279,-0.0335370659814164,-0.068324015605642,-0.0418641217876817,-0.0424010385545114,-0.0161385168499305,-0.0162956755976433,-0.0163273889589446,-0.0367248120969962,-0.0188764180808566,-0.0188408788679677,-0.0110034230920881,-0.0110361298253885,-0.0115126770224702,-0.0255458004385964,-0.0135146968602063,-0.0135885101832243
-0.0326130897754161,-0.0334324452933011,-0.0334983141430972,-0.068324015605642,-0.0418961491196643,-0.0423753067239662,-0.0162700377597692,-0.016461135057404,-0.0164819658055842,-0.0367248120969962,-0.0188929283324822,-0.0188501328559727,-0.0111329114580686,-0.0111780778927936,-0.0112548330418679,-0.0255458004385964,-0.013626978785797,-0.0136815281935621
-0.0316473356498771,-0.0340716688900338,-0.0337004988294271,-0.068324015605642,-0.041936727598219,-0.0423584310763601,-0.0162994710986925,-0.0164230679183991,-0.0162536547135794,-0.0367248120969962,-0.0189975408881556,-0.0187276969941555,-0.0111064834891702,-0.010855097903182,-0.0113966380981483,-0.0255458004385964,-0.0135913187773308,-0.0137079399360212
-0.0341129870469346,-0.0341848898253901,-0.0340842172743184,-0.068324015605642,-0.0419332925194621,-0.042208751322653,-0.0163943962203375,-0.0162857813116873,-0.0160396205760309,-0.0367248120969962,-0.0189934490505624,-0.018952844935879,-0.0109459590831452,-0.0112269491954579,-0.0115401084985112,-0.0255458004385964,-0.0135955320324993,-0.0137475181488088
-0.0332883814377561,-0.0337887791947472,-0.0336434088966485,-0.068324015605642,-0.0418898723489689,-0.0423233263838698,-0.0161497709065708,-0.0162864713132942,-0.0163102065614063,-0.0367248120969962,-0.0189106283147858,-0.0188015703393406,-0.0106960732380161,-0.0111244135903162,-0.0112875405594273,-0.0255458004385964,-0.0136067129252778,-0.0136157826315221
-0.0331204601816302,-0.0338336866868513,-0.0334660391252559,-0.068324015605642,-0.041898066790846,-0.0422600144491997,-0.015944039699538,-0.0159174103859626,-0.0160964820425799,-0.0367248120969962,-0.0189319333958669,-0.0187531468413408,-0.0109735010024651,-0.0112583170375864,-0.0114872132276183,-0.0255458004385964,-0.0136134820021964,-0.0136394229467619
-0.0338134910675269,-0.0338012096246987,-0.0336752916332501,-0.068324015605642,-0.0419149480893345,-0.0420544803521028,-0.0158440943065237,-0.016050612781484,-0.0159952121142623,-0.0367248120969962,-0.0189594999113768,-0.0188353456933011,-0.0110634079657645,-0.0113610672073336,-0.0113121897784865,-0.0255458004385964,-0.0136031968380629,-0.0136415943693691
-0.0331776158666303,-0.0335851601798267,-0.0338214376171176,-0.068324015605642,-0.0419564312870043,-0.0420453009569372,-0.0162821429429059,-0.0161430841335564,-0.016138377779701,-0.0367248120969962,-0.0189781280255576,-0.0188767981552972,-0.0111608630416035,-0.0114166298064149,-0.0116990353507585,-0.0255458004385964,-0.0136628431173595,-0.013752982564409
-0.0326248669439578,-0.033869108619767,-0.0340237373210055,-0.068324015605642,-0.0419325035281566,-0.0422134009474899,-0.0159448921907359,-0.0165303585114496,-0.0165116767499751,-0.0367248120969962,-0.0188534686551347,-0.0187757928022516,-0.011012387433949,-0.0111477943933427,-0.0113805205957859,-0.0255458004385964,-0.0136599343682106,-0.0137403883368514
-0.0335002009372986,-0.0333288573322776,-0.0341927194726613,-0.068324015605642,-0.041936293298603,-0.0421009193608674,-0.015918798572989,-0.0167106729100736,-0.0166282067780157,-0.0367248120969962,-0.0188749991191553,-0.0187429442752312,-0.0109784061047635,-0.0113103850002799,-0.0113959401430488,-0.0255458004385964,-0.0136669114869583,-0.0137245528838452
-0.0338000268728278,-0.0332934416699985,-0.0341878303081029,-0.068324015605642,-0.041946860844636,-0.0422864129213239,-0.0160641351427166,-0.0166134169180493,-0.0164792179393176,-0.0367248120969962,-0.0188996504219821,-0.0190251255774248,-0.0109603412825156,-0.0114245512544749,-0.0113645152222587,-0.0255458004385964,-0.0136802939650187,-0.0137299075167556
-0.0333542739866099,-0.0339440547626224,-0.0341125768590256,-0.068324015605642,-0.0419682712435626,-0.0422649581527473,-0.0159511333484359,-0.0165476154488839,-0.0165191530203114,-0.0367248120969962,-0.0188788659313992,-0.0191374744305417,-0.010765870085105,-0.0112605179208281,-0.0113879501933003,-0.0255458004385964,-0.0136726425112133,-0.0137556242849042
-0.0333197120437627,-0.033944274718099,-0.034052167787398,-0.068324015605642,-0.0419695635811057,-0.0423335249366631,-0.0159544907172742,-0.0165648107319826,-0.0164921649329226,-0.0367248120969962,-0.0188827352457259,-0.0188113870874963,-0.0107577641238162,-0.0112287133279441,-0.0113209462244585,-0.0255458004385964,-0.0136763437665795,-0.0136518399822708
-0.0334440506755389,-0.034071311357752,-0.0339963992183864,-0.068324015605642,-0.041970875323138,-0.0421875355790229,-0.0160364195028127,-0.0165916204524268,-0.0164725731583362,-0.0367248120969962,-0.0188873938714573,-0.0190943523759731,-0.0108695298740356,-0.0111756197537306,-0.0114073234938318,-0.0255458004385964,-0.0136781898093472,-0.013715290584192
-0.0334418856204643,-0.0339308992890616,-0.0338527129324157,-0.068324015605642,-0.0419576331286889,-0.0420947947990551,-0.016036477856667,-0.0164196673476626,-0.0167626568080148,-0.0367248120969962,-0.0188888863367622,-0.0190734550890088,-0.0108692919910828,-0.0110839175563844,-0.0111947051480458,-0.0255458004385964,-0.013669035975138,-0.0136340516824873
-0.0332091239645559,-0.0344554686737803,-0.0342792266475153,-0.068324015605642,-0.041962031092016,-0.0421560265438869,-0.0162468622624071,-0.0168258451617506,-0.0166469274267384,-0.0367248120969962,-0.0189150605330077,-0.019097714651722,-0.0108675143279148,-0.0111225315839929,-0.011131908431919,-0.0255458004385964,-0.0136942995393396,-0.0136973431421147
-0.0344342859068368,-0.0344422099099495,-0.0341529474377853,-0.068324015605642,-0.0419500909812531,-0.0422273287029169,-0.0160655517041317,-0.0168016697181257,-0.0167966635056337,-0.0367248120969962,-0.0189331379131885,-0.0191136985783322,-0.010857012669541,-0.0110899003709468,-0.0112837396046812,-0.0255458004385964,-0.0137088748287,-0.0137313133234656
-0.0339243901020373,-0.0346668439924264,-0.0342125821300813,-0.068324015605642,-0.0419260363240655,-0.042290147392566,-0.0165235797152504,-0.0168026991185589,-0.0166550254911403,-0.0367248120969962,-0.0189285260713871,-0.0190660010764701,-0.0108454216738512,-0.0111699265482453,-0.0111740090589253,-0.0255458004385964,-0.0136996892710453,-0.0137441550988519
-0.0336655295248932,-0.0344378955636344,-0.033663268819513,-0.068324015605642,-0.0419273263722621,-0.0422960786043472,-0.0163310103540579,-0.0165145249467283,-0.0168857640546939,-0.0367248120969962,-0.0189225925038106,-0.0189031613540672,-0.010847315842543,-0.0112424617978248,-0.0113461407444031,-0.0255458004385964,-0.013707613085031,-0.0137840180253121
-0.0334823112032516,-0.0337616289150393,-0.033452045212035,-0.068324015605642,-0.0419255465712075,-0.0425929278819896,-0.0161788098998985,-0.0166432228640725,-0.0166884027076371,-0.0367248120969962,-0.0189746637940891,-0.0188306820954567,-0.0108388385150819,-0.0111181738833388,-0.0112324934974934,-0.0255458004385964,-0.0137313168289949,-0.0137464023611795
-0.0340354436391056,-0.0340759930649015,-0.0335719917388855,-0.068324015605642,-0.0419166240938599,-0.0423053733672133,-0.016337886662381,-0.0168674195454873,-0.0169542141426712,-0.0367248120969962,-0.0189872956706115,-0.0190905778734941,-0.0108107072833425,-0.0112430561595377,-0.0113269466970978,-0.0255458004385964,-0.0137340638176204,-0.0137448833710878
-0.0343961077440974,-0.0335762917583068,-0.0332741176522168,-0.068324015605642,-0.0418976866173663,-0.0423349255249264,-0.0161211915561896,-0.016748181885078,-0.0165170849125134,-0.0367248120969962,-0.0189827371046385,-0.0191271982661005,-0.0108598404673607,-0.0112234688706232,-0.0113113337353844,-0.0255458004385964,-0.0137296911844117,-0.0137505603373976
-0.0343933675983965,-0.0335524996129831,-0.0332699039766373,-0.068324015605642,-0.0419027221662192,-0.0425159241940452,-0.0161177941152804,-0.0167524244858171,-0.0163781717410956,-0.0367248120969962,-0.0190001413180962,-0.0189769368014186,-0.0108591672723686,-0.0112299804094254,-0.0112437550390826,-0.0255458004385964,-0.0137309947666458,-0.0137099607850162
-0.0325084080925809,-0.0329876252634484,-0.0330942232808019,-0.068324015605642,-0.041964432306447,-0.0422555935499639,-0.0160381654948088,-0.0162910376511296,-0.0161945301113328,-0.0367248120969962,-0.0190168519442465,-0.019110114747277,-0.0108324652696525,-0.0113213108140193,-0.0112564108334982,-0.0255458004385964,-0.0137303159245712,-0.0136710451823348
-0.0335968727895962,-0.0331961607620636,-0.0330921432051274,-0.068324015605642,-0.0419785985529925,-0.0424541278353819,-0.0163545918804283,-0.0163268581190864,-0.0163385380864452,-0.0367248120969962,-0.0190203892380033,-0.0191373778813206,-0.0109420230195303,-0.0112082733701681,-0.0112114653344775,-0.0255458004385964,-0.0137363557752446,-0.0137122693969772
-0.0332261455889923,-0.0338466999149959,-0.0333846399649432,-0.068324015605642,-0.0419420848581633,-0.0424125434937944,-0.0164870436216981,-0.0168051855475539,-0.0165874215920366,-0.0367248120969962,-0.0190082604291562,-0.0191044008722964,-0.0108180929499417,-0.0111875517800868,-0.0113140408182654,-0.0255458004385964,-0.0137251724471983,-0.0136875512903329
-0.0332921166939003,-0.0326184542989799,-0.0328286995033452,-0.068324015605642,-0.0419675020306646,-0.0424201214645425,-0.0165355184308022,-0.0169019563450932,-0.016584258947071,-0.0367248120969962,-0.0190230912175438,-0.019075483580448,-0.0109910495758826,-0.0110932547163278,-0.0114433382613655,-0.0255458004385964,-0.0137303920581087,-0.0137326885216881
-0.0332984403663077,-0.0326989047088476,-0.0328962657334691,-0.068324015605642,-0.0419592225338891,-0.0424541510402191,-0.016519039354231,-0.0168109663925685,-0.0165913158340011,-0.0367248120969962,-0.0190065623297444,-0.0191459281557501,-0.0109933439037061,-0.0111387049581632,-0.0114405175647915,-0.0255458004385964,-0.0137286042081789,-0.0137430745306843
-0.033291857945134,-0.0326573302374006,-0.0329028361963383,-0.068324015605642,-0.0419513301984716,-0.0423518148529567,-0.0165355908700239,-0.0168873482467838,-0.0164914198291519,-0.0367248120969962,-0.0190089000063772,-0.0190705623268975,-0.0109910922346092,-0.0111052158209701,-0.0115349093978302,-0.0255458004385964,-0.0137237909405159,-0.0137600698600794
-0.0336614087714689,-0.0328142125970958,-0.0331066588572385,-0.068324015605642,-0.0419318750135391,-0.0423862109637021,-0.0161891539911754,-0.0169411589809621,-0.0167207742325378,-0.0367248120969962,-0.0189991063379936,-0.019005483144594,-0.0109110760126552,-0.0111861773046835,-0.0111106909420953,-0.0255458004385964,-0.0137176262070008,-0.0136347446984891
-0.0337335691660746,-0.0327192709263293,-0.0326364256155355,-0.068324015605642,-0.0419133442678957,-0.0425454848112591,-0.0163096486581382,-0.0168659284575378,-0.0166978684724713,-0.0367248120969962,-0.0190471622629129,-0.0190300756780443,-0.0107400720765412,-0.0113711481948281,-0.0112139663548098,-0.0255458004385964,-0.0136746838913973,-0.0136672328788386
-0.0337337509714782,-0.0327198694211166,-0.0328532594983104,-0.068324015605642,-0.0419103035873301,-0.0422262729407382,-0.0163097776487316,-0.0168684553902107,-0.0167850360430127,-0.0367248120969962,-0.0190482838049326,-0.0189868371560434,-0.0107401469032334,-0.0113751922203133,-0.0110992594278666,-0.0255458004385964,-0.0136652748801204,-0.013654531896044
-0.0338323969735721,-0.0335785922560436,-0.033209334955811,-0.068324015605642,-0.041945740850884,-0.0420684264289169,-0.0163194573028849,-0.016474081987766,-0.0167099099841192,-0.0367248120969962,-0.0190616366031198,-0.0189262055066457,-0.0107519168624798,-0.0109600146492602,-0.0109765278481758,-0.0255458004385964,-0.0136572207625053,-0.0136376484215015
-0.0338218080346456,-0.0332648341958525,-0.0334476763411476,-0.068324015605642,-0.0419518314946276,-0.0419372407097004,-0.0166063618966998,-0.0169820182382561,-0.0167282650791837,-0.0367248120969962,-0.0190576831788647,-0.0189190275241855,-0.0109737832136474,-0.011156171760062,-0.0109234796216586,-0.0255458004385964,-0.0136581914856835,-0.0135754943013825
-0.0334769158161514,-0.0331357082607743,-0.0332609788287456,-0.068324015605642,-0.0419528995523855,-0.0420370286227093,-0.0163940237940639,-0.0170636466864329,-0.0168671993732512,-0.0367248120969962,-0.019054878356949,-0.0189728183992811,-0.0108035328149405,-0.0109608393347151,-0.0111570978279191,-0.0255458004385964,-0.0136582790956185,-0.0136335719476316
-0.033368249062967,-0.0332087001443413,-0.0333601057565066,-0.068324015605642,-0.0418901230069892,-0.0421203027117496,-0.0167432996761634,-0.0169679613023007,-0.0169445050066049,-0.0367248120969962,-0.0191351201799875,-0.0189982497673071,-0.0108036562450191,-0.0110507888461194,-0.0112914281727291,-0.0255458004385964,-0.0136124088981301,-0.0136301869895226
-0.0333755949455019,-0.0332922847051368,-0.0332921193039878,-0.068324015605642,-0.0418924633925327,-0.0421488038541733,-0.0167520165838497,-0.0170093308335419,-0.0169477893947474,-0.0367248120969962,-0.0191287474929921,-0.0189971592672989,-0.0108011944749364,-0.0110652869355404,-0.0112333386614205,-0.0255458004385964,-0.0136085841684173,-0.0136799489763769
-0.0334267209594421,-0.0334636579718392,-0.0333416120591832,-0.068324015605642,-0.0419022447554371,-0.0418344890330892,-0.016819710440464,-0.0168951382918268,-0.017003575763751,-0.0367248120969962,-0.0191728119621735,-0.0189823550408938,-0.0108758411377404,-0.0111086391801763,-0.0112383786564168,-0.0255458004385964,-0.0136634939494303,-0.0136878179444492
-0.0333322832280283,-0.0331460509910977,-0.0330953795213682,-0.068324015605642,-0.0419022380706235,-0.0418463081487239,-0.0164842381046997,-0.0166482294238872,-0.017123160366485,-0.0367248120969962,-0.0191870849740301,-0.0189679708322104,-0.0110883507547543,-0.0114181704361569,-0.0112970466399004,-0.0255458004385964,-0.0136682636612146,-0.0136519519030877
-0.0336018303610753,-0.0331601284118257,-0.0332312426220389,-0.068324015605642,-0.041904155265399,-0.0418052793951705,-0.0167021081589824,-0.0165536566271209,-0.0170348760443601,-0.0367248120969962,-0.0191757979834855,-0.0189723025878505,-0.011009264152436,-0.0113303008700637,-0.0112256024783352,-0.0255458004385964,-0.0136660746568381,-0.0136372600180378
-0.0337797800348742,-0.0335504154003119,-0.0334176726179728,-0.068324015605642,-0.0419134282696742,-0.041802705454406,-0.0165257848420378,-0.0167556740753234,-0.0170283979721377,-0.0367248120969962,-0.0191972668053787,-0.0189607870646717,-0.0110982394634577,-0.0112254287034669,-0.0112486819835342,-0.0255458004385964,-0.0136876965006964,-0.0136806754015009
-0.0337688839615477,-0.0335366141575012,-0.0333670953631569,-0.068324015605642,-0.0419092454157371,-0.0417710194070015,-0.0164766163656062,-0.0167743091512698,-0.0170092362304188,-0.0367248120969962,-0.0192207590987578,-0.0189693808014567,-0.0111102087836321,-0.0112015754031832,-0.0112323873762079,-0.0255458004385964,-0.0136846294736253,-0.0136353445850517
-0.03376881522967,-0.0335382809633032,-0.0333695792641066,-0.068324015605642,-0.0419087714070999,-0.0417520437868557,-0.016476173299032,-0.0167703903408528,-0.0170709542039289,-0.0367248120969962,-0.0192242411439993,-0.01901112041067,-0.011109870531402,-0.0112056898733395,-0.0113033682058257,-0.0255458004385964,-0.0136849251178478,-0.0136246390866491
-0.03361757489844,-0.0332788273686825,-0.0332251300176787,-0.068324015605642,-0.0419191553488035,-0.0416053666600459,-0.0165199622146959,-0.0168117243352733,-0.0168281088475849,-0.0367248120969962,-0.019240643497176,-0.0190003014715524,-0.0110634947140651,-0.0109892790245271,-0.0111567227551981,-0.0255458004385964,-0.0136902600316809,-0.0136413590697797
-0.0336658896967975,-0.0336093607234797,-0.0331537658858532,-0.068324015605642,-0.0419266364721203,-0.0415960407994989,-0.0170278897372764,-0.0165241072380998,-0.0167738609599737,-0.0367248120969962,-0.0192308968049523,-0.0192006347449745,-0.011017623109692,-0.0112459428504309,-0.0109378450863707,-0.0255458004385964,-0.0137214755759122,-0.0136908668087907
-0.033596615752663,-0.0338135264022732,-0.0335713001878655,-0.068324015605642,-0.0419544845077929,-0.0416669495531325,-0.016975155252807,-0.016617269552431,-0.016880333731401,-0.0367248120969962,-0.0192303092688658,-0.0189628985777269,-0.0110862948874253,-0.0113821209972905,-0.0111570149062513,-0.0255458004385964,-0.0137675655586608,-0.0137161358117799
-0.0339368264035321,-0.0337536346550013,-0.0335065876364999,-0.068324015605642,-0.0420424933326296,-0.041692022187335,-0.0171922122731583,-0.0168992408205395,-0.0169034853224424,-0.0367248120969962,-0.0192278402404547,-0.0189526493734402,-0.0110983000421787,-0.0112571288028864,-0.0109903568499644,-0.0255458004385964,-0.0137461506647018,-0.0136923135396697
-0.0339367384459903,-0.0337459450748373,-0.033581479251541,-0.068324015605642,-0.042065064134513,-0.0416163696164394,-0.0171922834478262,-0.0167940825913703,-0.0168079655068419,-0.0367248120969962,-0.01922218499116,-0.0189732079820339,-0.0110977718178109,-0.0113135674234736,-0.0109658495330815,-0.0255458004385964,-0.0137091353911062,-0.0137211189882107
-0.0338834056939916,-0.0338138312201918,-0.033747535322646,-0.068324015605642,-0.0420832458892669,-0.0415882057954249,-0.0172131874357113,-0.0166299065545002,-0.016861912013003,-0.0367248120969962,-0.0192015191294985,-0.018989277303188,-0.0111106853327071,-0.0112357222179905,-0.0109580212119751,-0.0255458004385964,-0.0136961250696934,-0.013652400598555
-0.0334614810733037,-0.0336410727258675,-0.0336937270460096,-0.068324015605642,-0.0420651588691073,-0.0416312284665681,-0.0169919152998489,-0.0166528290124803,-0.0168716705548403,-0.0367248120969962,-0.0192603026875402,-0.0190023839890861,-0.0110806519842185,-0.011036653004695,-0.0110502216009623,-0.0255458004385964,-0.0136763775489408,-0.0137058252208106
-0.0336646661784204,-0.0336390863617395,-0.0336591194993169,-0.068324015605642,-0.0420970347750719,-0.0417250913714139,-0.0172499614125866,-0.016684428996452,-0.016956219075951,-0.0367248120969962,-0.0192603594757491,-0.0190426278323009,-0.0110576032340091,-0.0111026818801704,-0.0111165653140684,-0.0255458004385964,-0.0136608606572524,-0.0137313648361721
-0.0336646412953023,-0.0336686744560768,-0.0336814670793682,-0.068324015605642,-0.0420585845032211,-0.0416740275861522,-0.0172498560135738,-0.0166660264302184,-0.0169086250326777,-0.0367248120969962,-0.0192073913734299,-0.0190317774449597,-0.0110576588380874,-0.011113702595546,-0.0110987582898212,-0.0255458004385964,-0.0135999782996463,-0.0136402950791981
-0.0335482283415395,-0.0338823634506179,-0.0337563528827512,-0.068324015605642,-0.0420657566251734,-0.0416710074096541,-0.0170256836476984,-0.0167085544096281,-0.0166297060035888,-0.0367248120969962,-0.0192223136861468,-0.0190439311475976,-0.0110135784715756,-0.0111152559659806,-0.0112328620843585,-0.0255458004385964,-0.0136030804438807,-0.0136044878178038
-0.0333036490708123,-0.0334837345122997,-0.0336942345128764,-0.068324015605642,-0.042076213890146,-0.0416286636129767,-0.016932793303617,-0.0164649946896906,-0.0166482819129331,-0.0367248120969962,-0.0192360674616101,-0.0190290492332925,-0.0109671747337622,-0.0109802914112647,-0.0110266352800026,-0.0255458004385964,-0.0136114004566207,-0.0136000986477076
-0.0333036789189732,-0.0334837340522144,-0.0337794631793669,-0.068324015605642,-0.0420509095304108,-0.0415524232406824,-0.016932832003871,-0.01646499620658,-0.016653824836018,-0.0367248120969962,-0.0192250282766536,-0.0190426218230714,-0.0109671788343203,-0.0109802917201122,-0.0109713987586808,-0.0255458004385964,-0.0135991648544863,-0.0136283749813742
-0.0336482128137558,-0.0338925806401024,-0.0338383442037552,-0.068324015605642,-0.0420374471636706,-0.0415468652723905,-0.0170538944869956,-0.0167785251218782,-0.0167457696366974,-0.0367248120969962,-0.019225727887595,-0.0190159159197323,-0.0109751191097272,-0.0111138412069686,-0.0110228727730831,-0.0255458004385964,-0.0136056991554268,-0.0137012710424899
-0.0337421183934481,-0.034092032535465,-0.0339844173440091,-0.068324015605642,-0.0420842796379276,-0.0415777746695857,-0.0169138461185269,-0.0166741038549554,-0.0167577650290967,-0.0367248120969962,-0.0192517982196352,-0.0190079483434697,-0.0109618383259347,-0.0110670088439758,-0.0110545741152862,-0.0255458004385964,-0.0136029022757435,-0.0137361248076136
-0.0336185043427369,-0.0337832942569544,-0.0338901187900578,-0.068324015605642,-0.0421031901482165,-0.0415638125426698,-0.0169193053467971,-0.0169625884017198,-0.0169883499530315,-0.0367248120969962,-0.0192771732363917,-0.0190250198379073,-0.0109650728644344,-0.010905156963075,-0.0111220746756473,-0.0255458004385964,-0.0136062539226552,-0.0137055144779082
-0.0336121328957886,-0.0337826688293087,-0.0340216010514646,-0.068324015605642,-0.0419550812885085,-0.0415221273203032,-0.0169199944428284,-0.0169638522613821,-0.0169936098443438,-0.0367248120969962,-0.0191486993203272,-0.0191352753116103,-0.0109698387906422,-0.0109028731586224,-0.0111350156691234,-0.0255458004385964,-0.0136484353873724,-0.0136981801821781
-0.0340278321869427,-0.0339463511248784,-0.03365784791134,-0.068324015605642,-0.0420005991878562,-0.0415500396060093,-0.0161736254727377,-0.0164099879070341,-0.0168568901387274,-0.0367248120969962,-0.0190874715790519,-0.0191668633449806,-0.011261690433242,-0.0111573495963403,-0.0111333281977948,-0.0255458004385964,-0.0136290914905439,-0.0137915329419961
-0.0340277619532431,-0.0338495825585657,-0.0336484643324194,-0.068324015605642,-0.042064380507455,-0.0415134595227928,-0.0161740431463244,-0.0163809203081577,-0.0168684720842792,-0.0367248120969962,-0.0191287344035602,-0.0192628500583399,-0.0112618057246448,-0.0110570450608907,-0.0111356016065056,-0.0255458004385964,-0.0136397733802438,-0.0138667721021086
-0.0338508334911791,-0.033914497182981,-0.0336048434055929,-0.068324015605642,-0.0420352795687753,-0.0415599701753929,-0.0163705930209678,-0.0159170178811201,-0.0168319386121303,-0.0367248120969962,-0.0191113160419339,-0.0192007526740879,-0.0112846297925521,-0.0111703773945776,-0.0110627077485891,-0.0255458004385964,-0.013627652222991,-0.0138138661232373
-0.0337481647951076,-0.0339778181138835,-0.033725887091557,-0.068324015605642,-0.0420810994757311,-0.0415647930589006,-0.016390463397381,-0.0166706343964393,-0.0168872225378945,-0.0367248120969962,-0.0191446235391032,-0.019221198803665,-0.011133759803263,-0.0110369874155527,-0.0110782450205237,-0.0255458004385964,-0.0136057933532058,-0.0137139308206094
-0.0334477533374392,-0.0334400010829855,-0.0333944831128249,-0.068324015605642,-0.0420774289181242,-0.0415432786547447,-0.0165224686094737,-0.0167311318344252,-0.0168699620241676,-0.0367248120969962,-0.0191496195032377,-0.019331044755999,-0.0112471069177343,-0.0110356144562678,-0.0111861269298748,-0.0255458004385964,-0.013593729421501,-0.013755880864102
-0.0333403805187941,-0.0332379584165576,-0.0331511298592672,-0.068324015605642,-0.0420605107326122,-0.0415711597983368,-0.0164087395110979,-0.0166566807644297,-0.0166272735077857,-0.0367248120969962,-0.0191447965409978,-0.0193291219043361,-0.0112878009367913,-0.011371449636915,-0.0112556372610836,-0.0255458004385964,-0.0135943531712227,-0.013742369570598
-0.0334050261499781,-0.0333349880961956,-0.0333374173536111,-0.068324015605642,-0.041974224998077,-0.0415271420436741,-0.016398008798464,-0.0163099791668006,-0.0167142850100873,-0.0367248120969962,-0.0191618204116019,-0.019167711119175,-0.0113177017259885,-0.0110841504070072,-0.0111950143407468,-0.0255458004385964,-0.0135867971232383,-0.0137131309273513
-0.0336058089320524,-0.0336382804923597,-0.0335036637884925,-0.068324015605642,-0.0419527530878571,-0.0414058653252252,-0.0160210810129935,-0.0163125466273809,-0.0164375464170143,-0.0367248120969962,-0.0191546487112183,-0.0193567062706662,-0.011120118288157,-0.0110249471865468,-0.0109296478721365,-0.0255458004385964,-0.0135846536555554,-0.0136982629801352
-0.0338789127340333,-0.0339275112560336,-0.033712825827146,-0.068324015605642,-0.0419645829060783,-0.0414912350874583,-0.0159447527380979,-0.0160457793499228,-0.0160795251021091,-0.0367248120969962,-0.019156191266937,-0.0192828891560128,-0.0112632406158066,-0.0111313999770922,-0.010891663378713,-0.0255458004385964,-0.0135862131657697,-0.0136369540311228
-0.033878908739301,-0.0339467675799763,-0.0337043251730499,-0.068324015605642,-0.0419828477750195,-0.0414722373465798,-0.0159447669256581,-0.0160571014846796,-0.0160533202998566,-0.0367248120969962,-0.0191707235784335,-0.0192990053431056,-0.0112632392727782,-0.0111429221744918,-0.0108840392095202,-0.0255458004385964,-0.0135874516802366,-0.0136382091733809
-0.0338790400863899,-0.0339562025995505,-0.0336971549483238,-0.068324015605642,-0.0419994705412787,-0.0415929149388186,-0.0159451477336185,-0.0160687018900042,-0.0160643574188217,-0.0367248120969962,-0.0191785142719819,-0.019135225143842,-0.0112631519138486,-0.0111489040927625,-0.0108849753854857,-0.0255458004385964,-0.013570911723984,-0.0138037739941653
-0.0338789085667776,-0.0339140569702175,-0.0336848179090669,-0.068324015605642,-0.041985194078852,-0.0415236141248926,-0.0159447453000758,-0.0160416863186942,-0.0160819018922094,-0.0367248120969962,-0.0191796584988453,-0.019112341590387,-0.0112632457774808,-0.0111294699930095,-0.0108650487877948,-0.0255458004385964,-0.013571244601498,-0.0138321859857559
-0.0338789085717014,-0.033947873312563,-0.0337138021362442,-0.068324015605642,-0.0419862039215651,-0.0416209121109677,-0.0159447470372105,-0.0160576652807964,-0.0159617303974684,-0.0367248120969962,-0.0191813113168339,-0.0189673150176419,-0.0112632453604688,-0.0111441647911061,-0.0108822438097031,-0.0255458004385964,-0.0135600212308987,-0.0138520466492129
-0.0338994878429953,-0.0338496592444482,-0.0337329373430137,-0.068324015605642,-0.0420023597655564,-0.0417100427511497,-0.0160116304088813,-0.016046938290515,-0.0160458668375049,-0.0367248120969962,-0.0191793450453177,-0.0194495949903748,-0.0112475351109092,-0.0111647671703287,-0.0108793558401426,-0.0255458004385964,-0.0135951611173929,-0.0137094070339667
-0.0343710785795562,-0.0342782579002628,-0.0339120873188758,-0.068324015605642,-0.0420094355479076,-0.0416533078751947,-0.0160368523377652,-0.0159542680055657,-0.0163148451992125,-0.0367248120969962,-0.01917969212073,-0.0195548681479156,-0.011226223941404,-0.0111941770082261,-0.0109420781151254,-0.0255458004385964,-0.0135888514771755,-0.0137405700469165
-0.0343729037992469,-0.0343564087891101,-0.0339248767347166,-0.068324015605642,-0.0420182750911628,-0.0416658785866516,-0.0160335420239146,-0.0159356607014704,-0.0164197788994528,-0.0367248120969962,-0.0192041379396796,-0.0194712887266655,-0.0112166844355825,-0.011217947564,-0.0110337202584577,-0.0255458004385964,-0.0135900751752401,-0.0137905455960882
-0.0343594076359431,-0.0341836714775959,-0.0340425606771658,-0.068324015605642,-0.0420414791198066,-0.0415664122224134,-0.0160957755123703,-0.0159318711290238,-0.016443928950284,-0.0367248120969962,-0.0192258322948363,-0.0191755418698749,-0.0112195010772993,-0.0110632233938422,-0.011152591082569,-0.0255458004385964,-0.0136314832668189,-0.0136863495694926
-0.0344101503108034,-0.0344193788539842,-0.033732908257629,-0.068324015605642,-0.0420681395250886,-0.0416943323745155,-0.0160427450741951,-0.0159818824816971,-0.0165113076912016,-0.0367248120969962,-0.0192342982451652,-0.0194456311621584,-0.0112820953567079,-0.0111849613281174,-0.0111613200679117,-0.0255458004385964,-0.0136073173590444,-0.0138234671085325
-0.0351317433764807,-0.0344930174901054,-0.0342618357827938,-0.068324015605642,-0.0420779142237865,-0.0417891379190428,-0.0160359136244996,-0.0161771229373201,-0.0160730187870946,-0.0367248120969962,-0.019229123221677,-0.0192634118326811,-0.0111113524246664,-0.0111737093545685,-0.0109545610254309,-0.0255458004385964,-0.0136068330433809,-0.0137845109019272
-0.034884499051325,-0.0347125800276617,-0.0342314805440425,-0.068324015605642,-0.0420767541076077,-0.0417450747101655,-0.0160773936369021,-0.0161674083858619,-0.0164209518511307,-0.0367248120969962,-0.0192280759355128,-0.0191278100433794,-0.0112385847214966,-0.0111054647338908,-0.0110494148988121,-0.0255458004385964,-0.0136075141870775,-0.0138039166034421
-0.0348563169401499,-0.0347083554244906,-0.0342556701523338,-0.068324015605642,-0.0420587978831233,-0.0417121586878723,-0.0160783839653665,-0.0161723203993382,-0.0163875796120511,-0.0367248120969962,-0.0192106361227676,-0.0188982949479123,-0.0112407571888589,-0.0111078501152988,-0.0110354385396857,-0.0255458004385964,-0.0136087166977114,-0.0138756914259425
-0.0348526771195879,-0.0347015849271097,-0.0342476149304549,-0.068324015605642,-0.0420507593607713,-0.0417638182779752,-0.0160963216282941,-0.0161808105054665,-0.0163640198527752,-0.0367248120969962,-0.019195844423376,-0.0189351439500203,-0.0112515557097598,-0.0111122076306421,-0.0110164416896366,-0.0255458004385964,-0.0136174282548749,-0.0138375828192541
-0.0351229308333748,-0.0355091399098236,-0.0347654481267249,-0.068324015605642,-0.042061777278315,-0.0418530517650238,-0.0166175213711128,-0.0165078206353771,-0.0165465455216876,-0.0367248120969962,-0.0192135751537983,-0.0189503078903504,-0.0112716544144191,-0.0113701882406441,-0.0112253831463885,-0.0255458004385964,-0.0136086745456449,-0.0137792560052149
-0.0361145385959115,-0.0355960031651802,-0.0351072519822301,-0.068324015605642,-0.0421144891318939,-0.0417651980050569,-0.0162745890577217,-0.0163817554536164,-0.0162655482253594,-0.0367248120969962,-0.0192271356757114,-0.0189512000787198,-0.0113180768203434,-0.0114206004285476,-0.0111048518643161,-0.0255458004385964,-0.0136105567339946,-0.0139088330215797
-0.0360300091414959,-0.0357440950924776,-0.0351357346422258,-0.068324015605642,-0.042112815432232,-0.0418642331795251,-0.0162866134925599,-0.0161963539375437,-0.0160516397656372,-0.0367248120969962,-0.0192170337819999,-0.0190087968291202,-0.0114365307607085,-0.0112069583157533,-0.011198546496082,-0.0255458004385964,-0.0136095950675987,-0.0138589345523609
-0.0360300112933893,-0.0357281676015586,-0.0351432660147469,-0.068324015605642,-0.0420787336237384,-0.0418543610816727,-0.0162866132298264,-0.0162134351110056,-0.0161944753471798,-0.0367248120969962,-0.0192215602782349,-0.0190733665296641,-0.0114365257985985,-0.0112204078172168,-0.0112795153887466,-0.0255458004385964,-0.0136657116422491,-0.0137939774991311
-0.0360294339170387,-0.0357109362003601,-0.0352002879683906,-0.068324015605642,-0.0420775832131558,-0.0417853727763322,-0.0162885738273593,-0.0162227728973491,-0.0160902842205762,-0.0367248120969962,-0.0192171092259785,-0.0190782098405884,-0.0114380529994948,-0.0112315923073032,-0.0112200050108147,-0.0255458004385964,-0.0136645809968288,-0.0138221084605183
-0.0357458569745674,-0.0356024870085262,-0.0353046629070304,-0.068324015605642,-0.0421077577018241,-0.0419396712826531,-0.0165486061272876,-0.0164277600456743,-0.0164930769057466,-0.0367248120969962,-0.0192328087242952,-0.0190622910196746,-0.0114443490530052,-0.011468688870882,-0.0113715207405104,-0.0255458004385964,-0.0136135689511228,-0.0138088256820162
-0.0357752810685444,-0.0353450139222681,-0.0347702603276257,-0.068324015605642,-0.0419140182601488,-0.04182515622192,-0.0164658400979089,-0.0164387634315975,-0.01668612802444,-0.0367248120969962,-0.0192470194701729,-0.0201565747026188,-0.011595112943225,-0.0115177576697376,-0.0116189640417377,-0.0255458004385964,-0.0136767015398499,-0.0137959591364661
-0.0353486100600264,-0.0360988337535046,-0.0367745382144079,-0.068324015605642,-0.0414084165475921,-0.0425703290543948,-0.0169325686163454,-0.0169269791509089,-0.0167325493988515,-0.0367248120969962,-0.0193533288014934,-0.0201982527631638,-0.0117416002972954,-0.0117070583231258,-0.0117109396544466,-0.0255458004385964,-0.0138098998757386,-0.0138049451855731
-0.0353487071233506,-0.0360598776907829,-0.0366801172848895,-0.068324015605642,-0.0413613032467003,-0.0417700005547877,-0.0169325291112524,-0.0169294961129028,-0.0168950474728008,-0.0367248120969962,-0.0193670847723959,-0.0202655388069018,-0.0117415999485887,-0.0116421788387078,-0.011749470385772,-0.0255458004385964,-0.0136428667828427,-0.0140293537859859
-0.0353493072038393,-0.0360003590557872,-0.0364763092475837,-0.068324015605642,-0.0413371004041193,-0.0415968750721856,-0.0169325296698073,-0.0166484596993203,-0.0168148347135967,-0.0367248120969962,-0.0194040109655726,-0.0203855161404549,-0.0117425035926535,-0.0117346244945576,-0.0116989896671715,-0.0255458004385964,-0.0136150735829547,-0.0137873336869507
-0.0353604390471299,-0.0360468654868761,-0.0364992890594109,-0.068324015605642,-0.0412622925298004,-0.0417429105014924,-0.0169879542826029,-0.0167328021731399,-0.0167783684422669,-0.0367248120969962,-0.0195076501989973,-0.0204619857545055,-0.0117717745573741,-0.0117208652055891,-0.0117080538748197,-0.0255458004385964,-0.0136327643203299,-0.0139426053435428
-0.0353881628844501,-0.0360421486520729,-0.0366988967194339,-0.068324015605642,-0.0412819915103083,-0.0416092137936085,-0.0170388195283645,-0.016751044426846,-0.016811783179258,-0.0367248120969962,-0.0194640331755988,-0.0204096891593241,-0.011775028712197,-0.0117418627526093,-0.0116926270071056,-0.0255458004385964,-0.0136836048165263,-0.0140398202635804
-0.0352543605410335,-0.0366012897163606,-0.0363168807531009,-0.068324015605642,-0.0412842180209829,-0.0417391440463885,-0.0165449457278662,-0.0168969717222052,-0.0165779455420505,-0.0367248120969962,-0.0194634635457629,-0.0204351226645165,-0.0115285943034431,-0.0116953498183772,-0.0115766118845786,-0.0255458004385964,-0.0137104177673799,-0.0139964904396578
-0.035243497118229,-0.036512524557197,-0.0363745996516255,-0.068324015605642,-0.0412614954404482,-0.0418174622236967,-0.0165405404482138,-0.0168601588148504,-0.0165665138573075,-0.0367248120969962,-0.0194507915905197,-0.0204536611826705,-0.011534830807098,-0.0116329469730747,-0.0115633683983007,-0.0255458004385964,-0.0137038557793343,-0.0139960101268344
-0.0352435767597453,-0.0365074028504312,-0.0362523651287368,-0.068324015605642,-0.0412638736275804,-0.0419605284722966,-0.0165398536057769,-0.0168882982885335,-0.0167308773130708,-0.0367248120969962,-0.0194624821148444,-0.0204168167161255,-0.0115330390315898,-0.0116630081238064,-0.0115562033797353,-0.0255458004385964,-0.0137156658550502,-0.0139202827338555
-0.035128399555424,-0.0360636175360426,-0.036139387137674,-0.068324015605642,-0.0412399601282721,-0.04202137525921,-0.0168719215973717,-0.0168901696057931,-0.0168744951278569,-0.0367248120969962,-0.0194927846570136,-0.0203323124380939,-0.0113906915127723,-0.0115793614100569,-0.0114245985908942,-0.0255458004385964,-0.0137247080400272,-0.0139125579311804
-0.0353520041752183,-0.0355279429089541,-0.0358326561427356,-0.068324015605642,-0.0412081535097123,-0.0420339429059243,-0.0167101276802933,-0.016829159435533,-0.0170567293056157,-0.0367248120969962,-0.0194925331273776,-0.0203119377769077,-0.0114398557879936,-0.011476167074786,-0.0116501274800964,-0.0255458004385964,-0.013604364934603,-0.0138402513717799
-0.0353520050335819,-0.035540857439332,-0.0356476442951173,-0.068324015605642,-0.0412478652786926,-0.0420526612051368,-0.0167102326558075,-0.0168029489635471,-0.0169964938972256,-0.0367248120969962,-0.0195192430801446,-0.0204266988265936,-0.0114397938098544,-0.0115480524844574,-0.0115593763802365,-0.0255458004385964,-0.0136501888092576,-0.0138906759534785
-0.0356143162024793,-0.0357436061684098,-0.0358817436277912,-0.068324015605642,-0.0412393298642311,-0.0421645524362894,-0.0166327841366714,-0.0168227564610105,-0.0168260609115684,-0.0367248120969962,-0.0194164207667659,-0.0204116063328651,-0.0115769251086172,-0.0115405717355881,-0.0114276079767882,-0.0255458004385964,-0.013527467906024,-0.0138106463254686
-0.0356973534566041,-0.0357515818602094,-0.0358669922958203,-0.068324015605642,-0.0412277415042085,-0.042189461688197,-0.0166622514296866,-0.0167870707706535,-0.0166439818383486,-0.0367248120969962,-0.019400332403969,-0.02031748359565,-0.0113850221890599,-0.0116049939889669,-0.0115630983053273,-0.0255458004385964,-0.0135434500445881,-0.0137744654013309
-0.0361122801757453,-0.0360927849785692,-0.0358349248997434,-0.068324015605642,-0.0412221047198846,-0.04242382991314,-0.0166077937725607,-0.0167764445018373,-0.0166926942255184,-0.0367248120969962,-0.0193884523555882,-0.0203535172879493,-0.0115994046185871,-0.0115462414926623,-0.0115748674758031,-0.0255458004385964,-0.0135673825489647,-0.0137849436247822
-0.035657120921282,-0.0361394847888157,-0.03599657156464,-0.068324015605642,-0.0412750123884509,-0.0424708074571504,-0.0162694646038157,-0.0161553162626385,-0.0163605689511795,-0.0367248120969962,-0.0194399110458917,-0.0203491142758711,-0.0116010945265843,-0.011497724063498,-0.0114163661498338,-0.0255458004385964,-0.0135684356961428,-0.0137246563706177
-0.0356569869980422,-0.0361467582561378,-0.0360670632699934,-0.068324015605642,-0.041280215646042,-0.0424168979409063,-0.016269428413912,-0.0161633054277691,-0.0163377193405677,-0.0367248120969962,-0.0194377663207566,-0.0202233910254021,-0.0116010615817907,-0.0115231706735307,-0.0113908448563162,-0.0255458004385964,-0.0135664846383551,-0.0136792771459515
-0.0355389677184814,-0.0358042731123471,-0.0361408792593056,-0.068324015605642,-0.0412315108554564,-0.0422481131802373,-0.0165061523111829,-0.0163279339844315,-0.0168397038704122,-0.0367248120969962,-0.0194355570058048,-0.0201386980606872,-0.0113397503331503,-0.011511755157614,-0.0116252176645403,-0.0255458004385964,-0.0135546596785551,-0.0137546313494137
-0.0354159361555697,-0.0361318542424215,-0.0367886058424504,-0.068324015605642,-0.0413007396280626,-0.042195626140324,-0.0166551342186056,-0.0166152541854257,-0.0169548858626827,-0.0367248120969962,-0.0194592169218611,-0.0202115509026133,-0.011306390210797,-0.0113944137702243,-0.0115377638762412,-0.0255458004385964,-0.0136141601666976,-0.0137504930496796
-0.0353427523960287,-0.0359712625785354,-0.0367312570849759,-0.068324015605642,-0.0413673325766095,-0.0424132244131997,-0.0165354608408903,-0.0166986509621698,-0.0167347275833285,-0.0367248120969962,-0.0195268966279229,-0.0196650363241913,-0.011571694890413,-0.0117136964367034,-0.0113796883590608,-0.0255458004385964,-0.0135322130254699,-0.0136598241563455
-0.0352350825705471,-0.0358115049773148,-0.0364540694767926,-0.068324015605642,-0.0412564810026238,-0.0418152204427692,-0.0166819145593385,-0.0168990583858462,-0.0170831627301025,-0.0367248120969962,-0.0197370978543174,-0.0203805534917334,-0.0114494175621865,-0.0117799141091931,-0.0114567173904987,-0.0255458004385964,-0.0135958231844249,-0.0137062131189997
-0.0352351240810163,-0.0357320785917589,-0.0364549075404546,-0.068324015605642,-0.0412309966361579,-0.0420192238915041,-0.0166818015653126,-0.0168547764397717,-0.0170827734137948,-0.0367248120969962,-0.0196781660723173,-0.0202903529862818,-0.0114496722230879,-0.0117900856766184,-0.0114571522541111,-0.0255458004385964,-0.0135774071597489,-0.0137787243241415
-0.0355973531679761,-0.0352100418998713,-0.0363153432432682,-0.068324015605642,-0.0412098263245734,-0.0419196113840462,-0.0168180640349442,-0.0169538097785191,-0.0170146915246247,-0.0367248120969962,-0.0196919356582149,-0.0203443640287776,-0.0115750927992671,-0.0115955730152109,-0.0115021475182143,-0.0255458004385964,-0.0135599350226931,-0.0138256004032985
-0.0356022866554982,-0.0352137799490019,-0.0362693212196512,-0.068324015605642,-0.0412084435259463,-0.0420361882703337,-0.0168257492923355,-0.0169646379547238,-0.0169666146435347,-0.0367248120969962,-0.0196934625042081,-0.0202389848846624,-0.0115648695587028,-0.0115927665228957,-0.0114731531340462,-0.0255458004385964,-0.013560246390955,-0.0138573423639573
-0.0353636081710533,-0.0358911939514387,-0.0361346641309266,-0.068324015605642,-0.0411325035377248,-0.0422700896272739,-0.0169171306206145,-0.0170886042241771,-0.0169382225642457,-0.0367248120969962,-0.0196567180899999,-0.0202120905736594,-0.0115946742627475,-0.0116874168266947,-0.0116423546949475,-0.0255458004385964,-0.0135810559925909,-0.0137667441016134
-0.0350220398547583,-0.035666229586336,-0.0358730912560961,-0.068324015605642,-0.0410827677854535,-0.0422670756266559,-0.0168933283891484,-0.0169843744071423,-0.0167241562673928,-0.0367248120969962,-0.0196166307269902,-0.0202397319890067,-0.0115149941847174,-0.0115126603218476,-0.0113970462542355,-0.0255458004385964,-0.0135789436456859,-0.0137509406183975
-0.0347229060941706,-0.0355999852978167,-0.0356291573984447,-0.068324015605642,-0.0411338122881936,-0.0421212879619453,-0.0169595403384017,-0.017095279346792,-0.0171476141472954,-0.0367248120969962,-0.0205257225560376,-0.0202594672411199,-0.0117572750440585,-0.0115542910032259,-0.0116480197937526,-0.0255458004385964,-0.0135287955114931,-0.0138066649236612
-0.0347229055524947,-0.0357143664496447,-0.0356876049432204,-0.068324015605642,-0.041125095309548,-0.0423321093381503,-0.016959543084947,-0.0171333456222654,-0.0171343948762602,-0.0367248120969962,-0.0204338461331377,-0.0203189583595084,-0.0117572735734884,-0.0115432472676425,-0.0117587933515737,-0.0255458004385964,-0.0135267049431061,-0.0137801649126263
-0.0343859991511731,-0.0353394519360487,-0.0352251731547249,-0.068324015605642,-0.0410874300319105,-0.0424471896732649,-0.0167162612402362,-0.0167640897190335,-0.0168626912036703,-0.0367248120969962,-0.0203776917360174,-0.0201932915511831,-0.0116764672283423,-0.0115799534447251,-0.0116501076855803,-0.0255458004385964,-0.0135210655532898,-0.0137301564315133
-0.0344578503229497,-0.0349359805408058,-0.035330061766892,-0.068324015605642,-0.0410737477682511,-0.0424485354124182,-0.0168154230632477,-0.0167810611359792,-0.0168831934581091,-0.0367248120969962,-0.0204173489920337,-0.0201941346143818,-0.0117713518279146,-0.0117928092615216,-0.0118033698661982,-0.0255458004385964,-0.0135718642866084,-0.0138473360117428
-0.0357745554055491,-0.0359844203704045,-0.0350213127544889,-0.068324015605642,-0.0410346934355804,-0.0421288938105424,-0.0170259529561886,-0.0171116499395244,-0.0170589725869772,-0.0367248120969962,-0.0207109790103172,-0.0205641763870403,-0.0118595625458827,-0.0117620027673402,-0.0119784326573494,-0.0255458004385964,-0.0135609646697482,-0.0137730952512216
-0.0351154379233446,-0.0350730667632297,-0.0352549823651524,-0.068324015605642,-0.0410938133078284,-0.0418463575872842,-0.0171119575593109,-0.0172732121434394,-0.017176511447635,-0.0367248120969962,-0.020660858725951,-0.0203816715018152,-0.0116858601590035,-0.011744685556602,-0.0119264082755433,-0.0255458004385964,-0.0135369028745077,-0.0137519940636571
-0.0348192381889795,-0.0352252823235428,-0.0353251946285334,-0.068324015605642,-0.0410890818452813,-0.0417573779603962,-0.0170936947308952,-0.017133553434223,-0.0171082033072094,-0.0367248120969962,-0.0206219923293761,-0.0203508435555787,-0.0115958581305654,-0.0115934548124578,-0.0118890054114657,-0.0255458004385964,-0.0135386983172349,-0.0137916760016591
-0.034819255459974,-0.0353548270019509,-0.0354066329143151,-0.068324015605642,-0.0410359246235703,-0.0416891538592289,-0.0170936883415603,-0.0171119653153939,-0.0170795546483121,-0.0367248120969962,-0.0205768427764015,-0.0203324665623999,-0.0115958591570739,-0.0116279672437445,-0.011922808501298,-0.0255458004385964,-0.0135089081369051,-0.0137801198227326
-0.0347886951472102,-0.0353058932914735,-0.0353765972363753,-0.068324015605642,-0.041046412096257,-0.0417426329234027,-0.0168389784789531,-0.017054468990322,-0.017009008103222,-0.0367248120969962,-0.0204769354357624,-0.0203816931196102,-0.0117633191617109,-0.0117124124051264,-0.0118821246428986,-0.0255458004385964,-0.0135701426446349,-0.0138672747715799
-0.0345315576435191,-0.0353541947965354,-0.0355490106268151,-0.068324015605642,-0.0410228234517101,-0.0419169907473838,-0.0168464003113067,-0.0170490932697212,-0.017042453168692,-0.0367248120969962,-0.0204771623572743,-0.0203708970538075,-0.0118778485171665,-0.0117686125678511,-0.0120025533176615,-0.0255458004385964,-0.013550817669246,-0.0138316570924757
-0.0344541312225891,-0.0346849069082496,-0.0355110010074005,-0.068324015605642,-0.040941471287502,-0.041690546602935,-0.0168771985114471,-0.0170475880029948,-0.0170761748940947,-0.0367248120969962,-0.0205177892816987,-0.0202751585037736,-0.0119104866227136,-0.0117946257328472,-0.0119322660021549,-0.0255458004385964,-0.0135709418774526,-0.014002207656962
-0.0344541284008784,-0.0346456512022365,-0.0355523934001579,-0.068324015605642,-0.0409923735598244,-0.0418804554474424,-0.0168771980195228,-0.0169834545559785,-0.0170796382121588,-0.0367248120969962,-0.0203501980968504,-0.0200426862401657,-0.0119104871047248,-0.0118084758800476,-0.0119721331004737,-0.0255458004385964,-0.0136160449046276,-0.0139866422316539
-0.0344541348910104,-0.0346778410595629,-0.0355428698445992,-0.068324015605642,-0.0409378421234869,-0.0421217258256311,-0.0168771980606607,-0.0169658303778881,-0.0170803509314031,-0.0367248120969962,-0.0203323827398411,-0.0198299615961296,-0.0119104846719625,-0.011792298769451,-0.0119729473405597,-0.0255458004385964,-0.0136121031623897,-0.0138229539636604
-0.0345104212942067,-0.0348437728247277,-0.0349000222081328,-0.068324015605642,-0.0409851433679979,-0.0420214632492055,-0.0172034265472155,-0.0170683208294163,-0.0169562879530206,-0.0367248120969962,-0.0203488475558041,-0.0197851715021235,-0.0119905642469062,-0.0118653175800444,-0.0119795094528496,-0.0255458004385964,-0.0136336710609593,-0.0138746953680819
-0.0347098122449181,-0.0346330933347746,-0.0349000938411484,-0.068324015605642,-0.0409933120219124,-0.0422696529371572,-0.0170791113259043,-0.0170916225992181,-0.0171350833018871,-0.0367248120969962,-0.0203600917905261,-0.0198534011754352,-0.0119118817814171,-0.0117466958370646,-0.0118204309570614,-0.0255458004385964,-0.0136420063573899,-0.0137396619550179
-0.0338392116584197,-0.0350126391578429,-0.0352175419806441,-0.068324015605642,-0.0409669944625902,-0.0421517753339644,-0.0169515963874442,-0.0169927692699529,-0.017248219135516,-0.0367248120969962,-0.0203915642861751,-0.0197678613552302,-0.0119840923079682,-0.0118726398224905,-0.0119201660783879,-0.0255458004385964,-0.0136533001920344,-0.0138655710604365
-0.0338443350402829,-0.0350213213453714,-0.0354073142731201,-0.068324015605642,-0.040985053449386,-0.0422559117432533,-0.0169703600246507,-0.0169966852327009,-0.0173207180974211,-0.0367248120969962,-0.0204289296293605,-0.0197875739695229,-0.0119773916415244,-0.011881643008314,-0.011970281342635,-0.0255458004385964,-0.0135876109714604,-0.0139328382879837
-0.0341074279423307,-0.0346089466601022,-0.0355591708377093,-0.068324015605642,-0.0409923484878577,-0.0421825405948005,-0.0168042986750441,-0.0169102187151551,-0.017191679003092,-0.0367248120969962,-0.0204136772255376,-0.0197707904982106,-0.0118672747836652,-0.0117906442680185,-0.0117645714844357,-0.0255458004385964,-0.013591989596891,-0.0138612273437567
-0.0340998726908557,-0.034615607728172,-0.0355557971466883,-0.068324015605642,-0.0409732615223015,-0.0420143712857632,-0.0168109700429566,-0.0169067813832803,-0.017173078394072,-0.0367248120969962,-0.0203970241840829,-0.0199142185537138,-0.0118556631920233,-0.0117961164820465,-0.0118612841757512,-0.0255458004385964,-0.0136800184531783,-0.0139417697463667
-0.0343319753044239,-0.0349356370465261,-0.0353133695575019,-0.068324015605642,-0.0409626040298159,-0.0420295473568666,-0.0168149823316894,-0.0168635391270719,-0.0172438288640989,-0.0367248120969962,-0.0203987928495025,-0.0199637923857711,-0.0118489024124795,-0.0119136236128414,-0.0119732542161601,-0.0255458004385964,-0.0136809679122233,-0.0139582291013296
-0.0343319753299634,-0.0350015832629449,-0.035357284039984,-0.068324015605642,-0.0409066830013184,-0.0422541000465951,-0.0168149823741681,-0.0168899379253949,-0.0172473510706257,-0.0367248120969962,-0.020392650788673,-0.0199673311049811,-0.0118489023987595,-0.0119197643392789,-0.0119404427472178,-0.0255458004385964,-0.013673869080614,-0.0138559245651106
-0.0345250352231893,-0.0346796469261903,-0.0355749491138127,-0.068324015605642,-0.0408820442543828,-0.0424673143355524,-0.0167129600451018,-0.0167392793031589,-0.0171838582048327,-0.0367248120969962,-0.0204272991710994,-0.0201768234340904,-0.011834214207523,-0.0117688699030902,-0.0118833928040229,-0.0255458004385964,-0.0136685430157411,-0.0137699231634046
-0.0345026283746475,-0.0350856925522062,-0.0354355883566277,-0.068324015605642,-0.0408805047878937,-0.0425389031791654,-0.0168399512454575,-0.0167833361152912,-0.0168810522060162,-0.0367248120969962,-0.0204329540920718,-0.0200287737611633,-0.0119129657529491,-0.0119464662199734,-0.0120630573734663,-0.0255458004385964,-0.0136691696666355,-0.0137211677838277
-0.0352276698265614,-0.0351118377146454,-0.0352485080916554,-0.068324015605642,-0.0408891826926875,-0.0425540366953138,-0.0170094053560325,-0.0169278244326854,-0.0171989872809149,-0.0367248120969962,-0.0204337645651019,-0.0199547422949321,-0.0117961604530374,-0.0119781614580005,-0.0118717963167118,-0.0255458004385964,-0.0136562951787788,-0.013824821163074
-0.0346025487963999,-0.035267456698422,-0.0352710508505784,-0.068324015605642,-0.0408685830110998,-0.0425008144397298,-0.0171857638450702,-0.0169541538693861,-0.0170780913312594,-0.0367248120969962,-0.0204326631193354,-0.0199060085150472,-0.0118274422385229,-0.0117788414227285,-0.0120093380147919,-0.0255458004385964,-0.0136450291201898,-0.0139238605733131
-0.0346024755933926,-0.0353494109948372,-0.0353396956760675,-0.068324015605642,-0.0408199752936983,-0.0421912881251697,-0.0171857476641917,-0.0170397812719407,-0.0171736491703424,-0.0367248120969962,-0.0204136425023815,-0.0199005405741695,-0.0118274637576211,-0.0118681461474736,-0.0119112363356717,-0.0255458004385964,-0.0136071781801549,-0.0138561710699356
-0.0350722560094477,-0.0353869654962126,-0.0352899389166002,-0.068324015605642,-0.0408440713926595,-0.0420278945331446,-0.0166932865497746,-0.0168762744208267,-0.0171798678403156,-0.0367248120969962,-0.0204109467465141,-0.0198583402303334,-0.0117806288226001,-0.0117443528524112,-0.0117431417370097,-0.0255458004385964,-0.0136138838492948,-0.0137510962862759
-0.0349075875466983,-0.0349481922767515,-0.0353158418457295,-0.068324015605642,-0.0408143275926932,-0.0421356587647987,-0.0168274409042187,-0.0168062105584074,-0.0171013755992286,-0.0367248120969962,-0.0203352932484509,-0.0199111411116185,-0.0119526028008415,-0.0117511574214988,-0.0117618096204596,-0.0255458004385964,-0.0136015388605683,-0.013671079754803
-0.0347796477021989,-0.0348617327528133,-0.0347114264827747,-0.068324015605642,-0.040831445815238,-0.0420988375562422,-0.0170500286050092,-0.0169021463138266,-0.0169322240499632,-0.0367248120969962,-0.0203372440675702,-0.0199425736838812,-0.0118401639983616,-0.0118014607165992,-0.0118278526187099,-0.0255458004385964,-0.0135803394614405,-0.0136887412219845
-0.0343483160013132,-0.0347240040295327,-0.0349218861358703,-0.068324015605642,-0.040825805155203,-0.0425002296009783,-0.0170025395575058,-0.0167160000451644,-0.017082594792793,-0.0367248120969962,-0.0203404193664239,-0.0204271120963034,-0.0120065468163003,-0.011756195638207,-0.0118075026071829,-0.0255458004385964,-0.0135825968213239,-0.013646125854163
-0.0342782290019345,-0.0348118720878717,-0.0348313505580324,-0.068324015605642,-0.0408124110063687,-0.0424608117236956,-0.0165811587155433,-0.0167140977225811,-0.0168919064894696,-0.0367248120969962,-0.0203429100361479,-0.0203633972673698,-0.011862912731699,-0.0118535134289929,-0.0117952955913233,-0.0255458004385964,-0.0135696322201502,-0.0136596515335834
-0.0348430894803618,-0.0349204463865192,-0.0349153190115568,-0.068324015605642,-0.0408014183622255,-0.0425344037713436,-0.0163887364091828,-0.0169289626955528,-0.0171447798992748,-0.0367248120969962,-0.0203662232989507,-0.0201785434384368,-0.0116721784409006,-0.0115862240462405,-0.0118205157621509,-0.0255458004385964,-0.0135863463801594,-0.0136570450986754
-0.0348011638684298,-0.034685948342848,-0.0348322313439649,-0.068324015605642,-0.0407469695039631,-0.0425076142913027,-0.0163338599824266,-0.0167917986500026,-0.0171659597179642,-0.0367248120969962,-0.0203994310351049,-0.0201087052267012,-0.0116807136086281,-0.0116587974209719,-0.0118072263542912,-0.0255458004385964,-0.0135433252084524,-0.0136539339969593
-0.0343896747127414,-0.0350334856413748,-0.0352852434986136,-0.068324015605642,-0.0407651851146656,-0.0420758750970748,-0.0164811727926777,-0.0168758384446783,-0.0172078210674726,-0.0367248120969962,-0.0203807780984335,-0.020052244483387,-0.0117409758815061,-0.011648947786562,-0.0117213088175574,-0.0255458004385964,-0.0135507025588355,-0.0136699219892863
-0.0343896802639649,-0.0349770188156148,-0.0354419892907432,-0.068324015605642,-0.0406602797023914,-0.0420290103934079,-0.0164811758940545,-0.0168904403775545,-0.0172061089422012,-0.0367248120969962,-0.0204458001270373,-0.0201569579184565,-0.0117409769184897,-0.011684913249678,-0.0116755961804836,-0.0255458004385964,-0.0135666390705361,-0.0135775470996304
-0.0343896804142326,-0.0350033664680938,-0.0352873096010707,-0.068324015605642,-0.0406901554674922,-0.0421252483919743,-0.0164811761150508,-0.0169006520209634,-0.0173102298572474,-0.0367248120969962,-0.0204559462348553,-0.0200567932794154,-0.0117409772564869,-0.011653427699547,-0.0115950089640097,-0.0255458004385964,-0.0135711122407949,-0.0135761580890767
-0.0351544319699352,-0.0354288041609249,-0.0350802970072951,-0.068324015605642,-0.0407119098691537,-0.0420210919769601,-0.0168106021878928,-0.0172442849047539,-0.0173949241254674,-0.0367248120969962,-0.0204550986454982,-0.0201600179096906,-0.0117951963272069,-0.0117724730374127,-0.0116295149000583,-0.0255458004385964,-0.0135727260152284,-0.0135576431988207
-0.0351666470870585,-0.0354468935216906,-0.0363164042232186,-0.068324015605642,-0.0408304692019501,-0.0424532623611686,-0.0175636262071345,-0.017838172277275,-0.0174201958000532,-0.0367248120969962,-0.0205683494466904,-0.0200309299560011,-0.0120540909509634,-0.0120790964126272,-0.0118729208090738,-0.0255458004385964,-0.0135430613587061,-0.0137099526299109
-0.0353009760562778,-0.0354071260321163,-0.0360068677648223,-0.068324015605642,-0.0408441737819553,-0.0425700477538102,-0.0172145758205936,-0.0175135543811069,-0.0174357520064791,-0.0367248120969962,-0.020594387517603,-0.0201107457240385,-0.012279778031356,-0.0121304006505609,-0.0118326001012524,-0.0255458004385964,-0.0135335952044243,-0.0137274293141858
-0.0352586398865199,-0.0353567774668348,-0.0355987312285866,-0.068324015605642,-0.0408310934966465,-0.0427775497387405,-0.017321725631854,-0.017606192603099,-0.0174165880184912,-0.0367248120969962,-0.0206232964665309,-0.0202190572716144,-0.0120479667321026,-0.0120078560239688,-0.0119468394780666,-0.0255458004385964,-0.0135339145401316,-0.0136311814273776
-0.0352583749694888,-0.0353400079908935,-0.0359021638939485,-0.068324015605642,-0.0408256669094859,-0.0425876070420503,-0.0173242125244253,-0.0175339084761859,-0.0174798024165923,-0.0367248120969962,-0.0205961854708781,-0.0201883692993909,-0.0120468793356125,-0.0121182175835921,-0.0119545134251353,-0.0255458004385964,-0.0135504919778811,-0.0136532745277879
-0.0350241383418249,-0.0354407855828439,-0.0356568123305666,-0.068324015605642,-0.0408453351948875,-0.0425279478550093,-0.0173099608664955,-0.0174647494489647,-0.0176064762411948,-0.0367248120969962,-0.0205997901537606,-0.0201306973964394,-0.0120998382317965,-0.0120743941593972,-0.0121043874430959,-0.0255458004385964,-0.013550139659376,-0.0137497426167824
-0.0350242308242331,-0.0354367809228758,-0.0356702953384263,-0.068324015605642,-0.0407725445625034,-0.0424061590344576,-0.017309966408227,-0.0174772439943706,-0.0175595566287935,-0.0367248120969962,-0.0205968337148867,-0.019992116386585,-0.0120998421146333,-0.0120748040650289,-0.0121493169862287,-0.0255458004385964,-0.0135141570121695,-0.0136963107194891
-0.035049723989975,-0.0354715072838911,-0.0357690886301149,-0.068324015605642,-0.0406801902546686,-0.0425238672509586,-0.017353561741137,-0.0174265297013104,-0.017524453123681,-0.0367248120969962,-0.0205814945449789,-0.0204100260967824,-0.012081113471304,-0.0120574694863218,-0.0120177301113092,-0.0255458004385964,-0.0134948395879332,-0.0135883872887301
-0.0345651916358125,-0.0352893226502696,-0.035881057465939,-0.068324015605642,-0.0406825552469778,-0.0423706291294406,-0.0174598501650096,-0.0175171923440735,-0.0174268435112395,-0.0367248120969962,-0.0206090787592349,-0.020147085764574,-0.0120770496739401,-0.0121735707439402,-0.0121085886825989,-0.0255458004385964,-0.0134842166123943,-0.0136472464674502
-0.0346897351032799,-0.0352304882142001,-0.0357334947208157,-0.068324015605642,-0.0406109646766039,-0.0423751776399069,-0.0177084496957144,-0.0177287330454272,-0.0173178067583391,-0.0367248120969962,-0.0205791022466181,-0.0202545929497668,-0.0124726794115173,-0.0123401473878471,-0.012168839692389,-0.0255458004385964,-0.0134721160704338,-0.0135998315112217
-0.0348556806273682,-0.0355827536776157,-0.0359567952265003,-0.068324015605642,-0.0405856848226833,-0.0424810022380137,-0.0175966402072106,-0.0177040591015676,-0.0174814861361733,-0.0367248120969962,-0.0205749103700098,-0.0201318150653128,-0.0122600471630191,-0.0122904846357895,-0.0121115195184019,-0.0255458004385964,-0.0134853166948467,-0.0135716015557899
-0.0350689857491266,-0.0354352019803009,-0.0361103375175537,-0.068324015605642,-0.0405942908631422,-0.0424757849015641,-0.0173961403868581,-0.0175583746046625,-0.0173306711881344,-0.0367248120969962,-0.020577876848617,-0.0203828639619266,-0.0122719197737576,-0.0123434780740529,-0.0121027849428066,-0.0255458004385964,-0.0135055016517703,-0.0135874594740352
-0.0345180846736619,-0.0355060075076344,-0.0358300132640392,-0.068324015605642,-0.0405866902164122,-0.0424299347748989,-0.0175550280750901,-0.0176899625907252,-0.0171784319310579,-0.0367248120969962,-0.0205843774458888,-0.020280476849003,-0.012375687498856,-0.012267471247955,-0.0118859597765768,-0.0255458004385964,-0.0134951082425604,-0.0135716100622727
-0.0347256515904018,-0.034489753439794,-0.0351849777560503,-0.068324015605642,-0.0405763876596527,-0.0424627630708288,-0.0173897654098477,-0.0173007127426773,-0.0175054534468333,-0.0367248120969962,-0.0205636090661298,-0.0199253924864621,-0.0123212728591178,-0.0123903493304869,-0.0119766466547791,-0.0255458004385964,-0.0134816568182042,-0.0135996779575402
-0.0348223143873909,-0.0347283631095453,-0.0354520519685244,-0.068324015605642,-0.0405189473558269,-0.0424985703882877,-0.0174513966458949,-0.0174239676482634,-0.0175806743412045,-0.0367248120969962,-0.0204811617925646,-0.0199057142169043,-0.012353701222462,-0.0123214936475724,-0.0119953222127355,-0.0255458004385964,-0.0135214586483883,-0.0137137349784872
-0.0343807041134729,-0.0346875534168802,-0.0352134620464756,-0.068324015605642,-0.0405870500690236,-0.0426670059302423,-0.0176113291467542,-0.0175959329349318,-0.0175080047922408,-0.0367248120969962,-0.0205048411275877,-0.0196519312490284,-0.0121714800100008,-0.0122588699246213,-0.0121137826315887,-0.0255458004385964,-0.0135187854539276,-0.0138155691472189
-0.0341795631288961,-0.0348038434413492,-0.035394257665641,-0.068324015605642,-0.0405832882907573,-0.0424050613452049,-0.0174211711697054,-0.0174063944076962,-0.0176896316121179,-0.0367248120969962,-0.0205051208280947,-0.0198474771276418,-0.0119897294617785,-0.0120694395680676,-0.0121136119170281,-0.0255458004385964,-0.0135020327635406,-0.013752225876606
-0.0353686276385408,-0.0352298172282064,-0.0361148081593392,-0.068324015605642,-0.0405820674442045,-0.0423714499064784,-0.0173633154198727,-0.0173998585110938,-0.0174477971008808,-0.0367248120969962,-0.0204813878670016,-0.0199247043202395,-0.0120417528145273,-0.0119619498397321,-0.0118391658438221,-0.0255458004385964,-0.0134931265227886,-0.0137495934779623
-0.0351783795215183,-0.0354497342695848,-0.0355137463152868,-0.068324015605642,-0.040664876399818,-0.042436698865633,-0.0174546232648787,-0.0176128806247291,-0.0172889355533544,-0.0367248120969962,-0.0203971891247252,-0.0197979375518482,-0.0119886014253154,-0.0118682595205311,-0.0117861715768148,-0.0255458004385964,-0.0135383585255907,-0.0137233261045347
-0.0353912249708075,-0.0354256667272292,-0.0358553307919631,-0.068324015605642,-0.0406732709249461,-0.0425211330196039,-0.0174245283479704,-0.0176493207406432,-0.0175698706304041,-0.0367248120969962,-0.0203885454622045,-0.0197952629037065,-0.0118602670842572,-0.0118858515470602,-0.0117465293382438,-0.0255458004385964,-0.0135453535558693,-0.0137015013021724
-0.0354196783678053,-0.0351213278083607,-0.0359752840656117,-0.068324015605642,-0.0407316922549518,-0.0427249411978161,-0.0174688520541493,-0.0175478584898894,-0.0175549804148418,-0.0367248120969962,-0.0203449867235053,-0.0199673720528027,-0.0118463280266343,-0.0119373450296783,-0.011744827327842,-0.0255458004385964,-0.0135522856645381,-0.0137020582662888
-0.0346095605414691,-0.035201412500221,-0.0357865385385569,-0.068324015605642,-0.0407287566240492,-0.0428556316944885,-0.0174055537560841,-0.0174161324557083,-0.0176395826820562,-0.0367248120969962,-0.0203650613911543,-0.0203075042958916,-0.0118787776309948,-0.0118107901102811,-0.0116640650590691,-0.0255458004385964,-0.0135352790299258,-0.0136901226951097
-0.0349337524745194,-0.0355406279398039,-0.0355321468737983,-0.068324015605642,-0.0406338877687519,-0.0430884556130951,-0.0172402304801317,-0.0169646066759265,-0.0170927011076241,-0.0367248120969962,-0.0203837796001741,-0.0202069443936182,-0.01185836785248,-0.0118587489019103,-0.0118491987259766,-0.0255458004385964,-0.0133491539806694,-0.0136167659654894
-0.0356558770602359,-0.0356581310882363,-0.0354673265228698,-0.068324015605642,-0.0407453685707957,-0.0430948252859756,-0.0170968499613466,-0.0170660885372019,-0.0171666148197641,-0.0367248120969962,-0.0203393718832295,-0.0201956083496334,-0.0118211695166022,-0.0117717036526879,-0.0119132882787309,-0.0255458004385964,-0.0133228078284506,-0.0136577081934478
-0.0349900758688036,-0.0356981195471165,-0.0356170522046252,-0.068324015605642,-0.0407605968652404,-0.04311659286473,-0.0172654383951412,-0.0170124101705804,-0.0169669423424111,-0.0367248120969962,-0.0203514690318434,-0.0204834979324558,-0.0119055993376477,-0.0118970878151984,-0.0117176503669484,-0.0255458004385964,-0.0131848674737595,-0.0136129922609348
-0.0348724790324347,-0.0355980993496687,-0.0357826452322648,-0.068324015605642,-0.0407875219821556,-0.0430732455705236,-0.0175483965384953,-0.0173329515967696,-0.0175532351444796,-0.0367248120969962,-0.0203485081185318,-0.0205060091494824,-0.0119745439686772,-0.011958455505861,-0.0118732189774645,-0.0255458004385964,-0.0131785749398053,-0.0137485759950728
-0.034742936565618,-0.035446450283575,-0.0350839301186457,-0.068324015605642,-0.0408093808479357,-0.0430024666571412,-0.0171063469871639,-0.0174409118894301,-0.0171425824085337,-0.0367248120969962,-0.0203395426384138,-0.0200907025254376,-0.0117831272285851,-0.0117719989786165,-0.0117499566221681,-0.0255458004385964,-0.0131033583696502,-0.0137165864001724
-0.0347869269383659,-0.0352075711771348,-0.0354023388714495,-0.068324015605642,-0.0408475274772415,-0.0430887104503469,-0.0172018143577204,-0.0175546397295723,-0.0174013744249132,-0.0367248120969962,-0.0202972934217205,-0.0204973145296346,-0.0117612600768821,-0.0118236234571864,-0.0117960983702597,-0.0255458004385964,-0.0130738141563217,-0.0136399976079163
-0.0353276770303794,-0.0357490505307,-0.0357112019529556,-0.068324015605642,-0.0408264622053038,-0.0430758520863542,-0.0174281262476225,-0.017483453567703,-0.0172171737633245,-0.0367248120969962,-0.0203368388573102,-0.0204738842963721,-0.0117480730970829,-0.0119507297744444,-0.0118275220705853,-0.0255458004385964,-0.0130513815874958,-0.0135723642675013
-0.0354918676849634,-0.0355628238632447,-0.0356040522767448,-0.068324015605642,-0.0410135967111415,-0.0428695165394598,-0.0170144286791892,-0.0172148868555543,-0.0172646259779462,-0.0367248120969962,-0.0200956394014966,-0.0202310383761136,-0.0117189725284314,-0.011836656374537,-0.0117842536223993,-0.0255458004385964,-0.0129093205942783,-0.0134862988636296
-0.0353851384921247,-0.0348254238230334,-0.0353982068806383,-0.068324015605642,-0.041038561780242,-0.0428970885753441,-0.0172825096435744,-0.0171439935925463,-0.0173319840161132,-0.0367248120969962,-0.0201147196523128,-0.0202024440733776,-0.0118611925121394,-0.0118214228440403,-0.0116742983070688,-0.0255458004385964,-0.0129584448684065,-0.0135228005984346
-0.0354005068877601,-0.0348633691471035,-0.0352872667758652,-0.068324015605642,-0.041039095481623,-0.042842014289736,-0.0172828134603944,-0.0171658925725606,-0.0173122541946063,-0.0367248120969962,-0.020108986801353,-0.0199927413804429,-0.0118678576925632,-0.0118487444171567,-0.0117006785117002,-0.0255458004385964,-0.0129752577366536,-0.0136526756073598
-0.0355010956880607,-0.0347380708184084,-0.0355211228089461,-0.068324015605642,-0.0411018315099302,-0.0430056194188175,-0.0172340049707376,-0.0172736997145271,-0.0173306779536975,-0.0367248120969962,-0.0201232016119295,-0.0200788428831235,-0.0118707224190283,-0.011804518916741,-0.0117155654240854,-0.0255458004385964,-0.0129554284702966,-0.0135532006383901
-0.0354899440166462,-0.0347106759978188,-0.0354751804352608,-0.068324015605642,-0.0411217921724267,-0.0428959237472181,-0.0172249146920795,-0.0172788671519621,-0.0173771350876492,-0.0367248120969962,-0.020121958911697,-0.0201237750029841,-0.0118574700930643,-0.011792043084874,-0.0118389220328267,-0.0255458004385964,-0.0129235132234018,-0.0135031716275131
-0.0342345484668195,-0.0350194276946814,-0.0346705742591322,-0.068324015605642,-0.0407778773693783,-0.0431431709476141,-0.0166588124397835,-0.0172869101998642,-0.0168474495014108,-0.0367248120969962,-0.0200535470896029,-0.0200062651128576,-0.0114972028067677,-0.01172072870668,-0.0116457927440045,-0.0255458004385964,-0.013009674717939,-0.0134834970830013
-0.0342499426479038,-0.0350249051974303,-0.0344187148374442,-0.068324015605642,-0.0407104996141969,-0.0432633811405704,-0.0166453035918186,-0.0172976379707347,-0.0168943135263497,-0.0367248120969962,-0.0200171325594822,-0.0200790045470286,-0.0114944643559084,-0.0117453186661463,-0.0116044385603228,-0.0255458004385964,-0.0129446385221796,-0.0134175977947571
-0.0346984954316188,-0.0346758227037876,-0.0340271027078683,-0.068324015605642,-0.0406988819488699,-0.0430118751155454,-0.0171275072749419,-0.0169280033578624,-0.0172501575788637,-0.0367248120969962,-0.0199673116954213,-0.0202442954269024,-0.0116915528823964,-0.0116438072582892,-0.0116943096138469,-0.0255458004385964,-0.0129317338374539,-0.0133673865672282
-0.0346787564450793,-0.0347374042515283,-0.0341211014597929,-0.068324015605642,-0.0407259293280988,-0.0432111298478443,-0.0171124855781887,-0.0169854028165728,-0.0168956368878661,-0.0367248120969962,-0.0199647090109863,-0.0200907630202378,-0.0116602449012412,-0.011734701965024,-0.0115751473131621,-0.0255458004385964,-0.0129400540479173,-0.0133601817044939
-0.0346786878254608,-0.0347291608539204,-0.0342442543274816,-0.068324015605642,-0.0407163291636228,-0.0432029250362601,-0.0171125573831045,-0.0169855416808015,-0.0169711634819624,-0.0367248120969962,-0.0199605078550366,-0.0199204549217243,-0.0116605554842605,-0.0117242867271063,-0.0116314074457466,-0.0255458004385964,-0.0129455259311724,-0.0133243967439615
-0.0343106227362707,-0.0348248224826653,-0.0341713229310587,-0.068324015605642,-0.0405845318189132,-0.0428730539045136,-0.0168106034910069,-0.0168237569207894,-0.0169575135290992,-0.0367248120969962,-0.0195493648379214,-0.0193973834984284,-0.0115383862692813,-0.0116733466956808,-0.011691582892269,-0.0255458004385964,-0.0129451048947028,-0.013375655462211
-0.0342987264024061,-0.0348408769698495,-0.0342408840564449,-0.068324015605642,-0.0405021354394504,-0.042414065338264,-0.0168019215452348,-0.0167832277152183,-0.0169661508542525,-0.0367248120969962,-0.0196098181889641,-0.0195337334799148,-0.0115388448967352,-0.0116289621894718,-0.0117244776567398,-0.0255458004385964,-0.012951467792082,-0.0133517060248495
-0.0344678291985094,-0.0353089710919551,-0.0350656886764469,-0.068324015605642,-0.0405312985656553,-0.0424385488736208,-0.0168549002914271,-0.0169543962004986,-0.0170392075537696,-0.0367248120969962,-0.0196271223751428,-0.0195433663764061,-0.0116988351183912,-0.0116703546244849,-0.0116960606680112,-0.0255458004385964,-0.0129596429646979,-0.0133235612214326
-0.0346894520965332,-0.0347333492811794,-0.0345455083847458,-0.068324015605642,-0.0405892670349248,-0.042403559374519,-0.0166904344455772,-0.0174470601596969,-0.0172083961198725,-0.0367248120969962,-0.0197843015747526,-0.0194900768162812,-0.0118415135456579,-0.0116927821903048,-0.011679076054382,-0.0255458004385964,-0.0129944229912851,-0.0133476117655989
-0.0347690852327077,-0.0354422079293459,-0.0347463028263098,-0.068324015605642,-0.0400857832242265,-0.0419315109817328,-0.0170565774878866,-0.0169760299191337,-0.0168824707333603,-0.0367248120969962,-0.0197658860188231,-0.0198475935035017,-0.0117375899645732,-0.0115282553143718,-0.0115896792066508,-0.0255458004385964,-0.0130884204994413,-0.0131317037764878
-0.0347959318563023,-0.0354271773119288,-0.0347556204444495,-0.068324015605642,-0.0400911163242873,-0.042190324827264,-0.01704616081901,-0.0171022826157978,-0.0169093705210545,-0.0367248120969962,-0.0197777962230986,-0.019850439080175,-0.011744841145363,-0.0115724409193738,-0.0115884972687388,-0.0255458004385964,-0.0131211674478799,-0.0132122923630238
-0.0345957777413375,-0.0350530508958736,-0.0345756864969928,-0.068324015605642,-0.0400781708385745,-0.041887778939332,-0.0170734680653266,-0.0173175123331416,-0.0170684963371664,-0.0367248120969962,-0.0198130954062501,-0.0198562867235118,-0.0116402994036417,-0.0116776013363646,-0.0116616960100394,-0.0255458004385964,-0.0131439983342911,-0.0131905067181902
-0.0349240479962511,-0.0351854363306862,-0.0349527435232926,-0.068324015605642,-0.0401113557010832,-0.0415860201531729,-0.0171305839932544,-0.0171687788348721,-0.0172574446372415,-0.0367248120969962,-0.0197740379916365,-0.0200333203637515,-0.011638841194376,-0.0115197777991857,-0.011660002618246,-0.0255458004385964,-0.0131484985681486,-0.0130897809969859
-0.0343716016776542,-0.0352232801461557,-0.0345726039349911,-0.068324015605642,-0.0400573407353618,-0.0415685561511789,-0.0170446899600204,-0.0171824241161307,-0.0172259462791993,-0.0367248120969962,-0.0197571706981327,-0.0201084532616962,-0.0116066936455169,-0.0118256573712604,-0.0117594146069411,-0.0255458004385964,-0.0132264131154673,-0.0131534644359428
-0.0340176818947552,-0.0347604465172074,-0.0346183545153827,-0.068324015605642,-0.0400520939856015,-0.0410498877349762,-0.0167513515421459,-0.0169587705783055,-0.0170822110132787,-0.0367248120969962,-0.0197672575752307,-0.0200338955070919,-0.011687046477698,-0.0117467809414072,-0.0116637971019854,-0.0255458004385964,-0.0131143117607829,-0.0131051473683349
-0.0340395111217216,-0.0347039986306873,-0.0347686137776471,-0.068324015605642,-0.0400626925875822,-0.0411518287825718,-0.0167607697538923,-0.0168841794370909,-0.0171694515357745,-0.0367248120969962,-0.019756141970753,-0.0200539525847973,-0.0115239948063858,-0.0117209709054388,-0.0118523335644789,-0.0255458004385964,-0.0131790499743649,-0.0132110580633731
-0.0338313645457098,-0.0340102143418295,-0.0344860405519553,-0.068324015605642,-0.0400716797300937,-0.0418537631212227,-0.0168406716629083,-0.0167941535519114,-0.01757922417113,-0.0367248120969962,-0.0198290238478566,-0.0199232884529833,-0.0115081620341346,-0.0115849125655738,-0.0115441568454371,-0.0255458004385964,-0.0131849915235318,-0.0132712431497404
-0.033351676897838,-0.0345697205275386,-0.0341350752715922,-0.068324015605642,-0.0402347825231642,-0.0420163842580148,-0.0171462344703283,-0.0170622788328208,-0.0173814307245097,-0.0367248120969962,-0.0200719500526327,-0.0204286982472321,-0.011668427712626,-0.0117514029076241,-0.0115543049250435,-0.0255458004385964,-0.0131694511986308,-0.0132653691633098
-0.0333465399560867,-0.0346869084425198,-0.0337402164379126,-0.068324015605642,-0.0403508776145113,-0.0416105862722029,-0.0169117914988028,-0.017154144146934,-0.0173516291632707,-0.0367248120969962,-0.0201333318108572,-0.0203889336977354,-0.011783603448947,-0.011769452747505,-0.0115417923789044,-0.0255458004385964,-0.0132179140770626,-0.01329040820481
-0.033345838746103,-0.034677244252005,-0.0339363380152395,-0.068324015605642,-0.0402014828366514,-0.041249912326422,-0.0169102203568426,-0.0171690137221496,-0.0172662728814347,-0.0367248120969962,-0.0201312471914567,-0.0204096259809869,-0.0117841783372295,-0.0117594953816762,-0.0116186260347285,-0.0255458004385964,-0.0131963881265701,-0.0132171713057193
-0.0335742704769928,-0.0339082623589401,-0.0343295576680574,-0.068324015605642,-0.0402150348656297,-0.0410515859418451,-0.0169243757499741,-0.0171323454172858,-0.0172447500837695,-0.0367248120969962,-0.0201022262536825,-0.0204242643251961,-0.0117321846619008,-0.0116769203308146,-0.0116770414273247,-0.0255458004385964,-0.0130652428612119,-0.0131931025307168
-0.0335742717057877,-0.0339766501523459,-0.0341738762555618,-0.068324015605642,-0.0402298864888889,-0.0408877051953005,-0.0169243761997534,-0.0171353315576102,-0.017239039633727,-0.0367248120969962,-0.0200783801335981,-0.020372860807198,-0.0117321837096701,-0.0116813574226411,-0.0115839776647898,-0.0255458004385964,-0.0130566809412377,-0.0131574005927125
-0.0335441164986337,-0.0338965768610932,-0.0344808015471961,-0.068324015605642,-0.0402109674255707,-0.0409545996561901,-0.0171117351887739,-0.0171157115065118,-0.0173047196946022,-0.0367248120969962,-0.0200836787763824,-0.0204063170020662,-0.0116964828765075,-0.0117125752788466,-0.0115345909684078,-0.0255458004385964,-0.0130566199199071,-0.0131696391109461
-0.0339292024815656,-0.0338331689374876,-0.0349408237943614,-0.068324015605642,-0.0401468193153105,-0.0413972533127666,-0.0174361638730453,-0.0172389012520571,-0.017136170637963,-0.0367248120969962,-0.0204221740526179,-0.020747297330756,-0.0118054746516507,-0.0118141477500442,-0.0118483213010036,-0.0255458004385964,-0.0131164889405544,-0.0132394067447391
-0.0339291843537034,-0.0337252596674752,-0.0349174447063457,-0.068324015605642,-0.0402119978732856,-0.0416769066233805,-0.0174361742252278,-0.0172477867047929,-0.017172985293863,-0.0367248120969962,-0.0204252801876284,-0.0206919180300408,-0.0118054813749836,-0.0118399469415418,-0.0118354330474573,-0.0255458004385964,-0.0130685632643436,-0.0131803503915506
-0.0339332537237747,-0.0337514003942895,-0.0348914608303397,-0.068324015605642,-0.0402600239033619,-0.0417739835593295,-0.0174395781267873,-0.0172367318179318,-0.0171231792290057,-0.0367248120969962,-0.0204035317371268,-0.0206638991759719,-0.0118063491511016,-0.0118166330824622,-0.0118342605212215,-0.0255458004385964,-0.0130793027714795,-0.0132250770827418
-0.0339334234002013,-0.0338327559636437,-0.0348528078822627,-0.068324015605642,-0.040162512264874,-0.0415691830834262,-0.0174396880796881,-0.0172599106801021,-0.0171409628577041,-0.0367248120969962,-0.0204141810017402,-0.0206957603134587,-0.0118063410051661,-0.0118311740668904,-0.0118518931441726,-0.0255458004385964,-0.0131088289261305,-0.0131379773975824
-0.0338845746278267,-0.0342030249055852,-0.0346647496311195,-0.068324015605642,-0.0402277575274124,-0.0413739030430261,-0.017530948178627,-0.0175611599745901,-0.0174252930797044,-0.0367248120969962,-0.0203883356802768,-0.0207201802175432,-0.0116922036247667,-0.011833061511415,-0.0119848543586575,-0.0255458004385964,-0.0130907558979133,-0.0131284248174676
-0.0338842928695816,-0.0342827436078043,-0.0346722107606643,-0.068324015605642,-0.0402191885298035,-0.0413804678938621,-0.0175318359864574,-0.0174881581421795,-0.0173569068750649,-0.0367248120969962,-0.0203881289205778,-0.0207193237395364,-0.0116909049669591,-0.0117225051586964,-0.0119688700536727,-0.0255458004385964,-0.0130911834479798,-0.0131080086738361
-0.034029170883668,-0.0346025053459295,-0.0348772304187095,-0.068324015605642,-0.0401749061611249,-0.041217686753291,-0.0176700146360452,-0.0174397229679891,-0.017450702046586,-0.0367248120969962,-0.0204059895058306,-0.0207353834943438,-0.0117988438373849,-0.0117756382559238,-0.0120443237251095,-0.0255458004385964,-0.0131048204332812,-0.0131742696809404
-0.0343117596207361,-0.034484344974222,-0.0343030717194019,-0.068324015605642,-0.040114284727847,-0.041364181613172,-0.0174979007686045,-0.0175285485712749,-0.0173997648107875,-0.0367248120969962,-0.0204205914053608,-0.0207060856911125,-0.011870694509195,-0.01185273890326,-0.0118074552864338,-0.0255458004385964,-0.0130732737865326,-0.0131241242103231
-0.0343019318060438,-0.0344793117687266,-0.0344874058103865,-0.068324015605642,-0.0401151156052856,-0.0413890505010079,-0.0175115525131306,-0.0175325206086827,-0.0173630792009161,-0.0367248120969962,-0.0204206437971874,-0.0206959303760096,-0.0118779410093048,-0.0118542572004569,-0.0118581717200775,-0.0255458004385964,-0.0130723820711992,-0.0131418739246636
-0.0335201820477662,-0.0339248830410295,-0.0353642354995637,-0.068324015605642,-0.0400262003153881,-0.0413890690327299,-0.0172476309132445,-0.0175665998324352,-0.0174249289529362,-0.0367248120969962,-0.0204303342350171,-0.0206990707188476,-0.0118522245546499,-0.0117615231410058,-0.0118986762548159,-0.0255458004385964,-0.0130810964133912,-0.0131526688691299
-0.0332273299201545,-0.034121291937053,-0.0351891028283051,-0.068324015605642,-0.040078867223158,-0.04130348145635,-0.0174258322466006,-0.0175984701658814,-0.0173108971563133,-0.0367248120969962,-0.0203907519162962,-0.0207171575083824,-0.0116777999759618,-0.0118709710024644,-0.0118884741608917,-0.0255458004385964,-0.0131079381638263,-0.013131340515788
-0.033402936138933,-0.0340891302608828,-0.0347494293080899,-0.068324015605642,-0.0400719799648822,-0.041064295947614,-0.0173906420085146,-0.0173265708202761,-0.0173119625990574,-0.0367248120969962,-0.0203810046034938,-0.020750215900558,-0.0116907560156228,-0.0116685234560528,-0.0118447886183131,-0.0255458004385964,-0.0130835934570147,-0.0131427182761559
-0.0327531375436549,-0.0332403262893168,-0.0344591033922636,-0.068324015605642,-0.0400379509094459,-0.0414310513809445,-0.0168854963649424,-0.0168840132855864,-0.0171152622145856,-0.0367248120969962,-0.0203894681840629,-0.0206957411654452,-0.0116626970178242,-0.0117188206289699,-0.0116818572157568,-0.0255458004385964,-0.0130756352849146,-0.013181840874403
-0.032651314623528,-0.032507026872567,-0.0345455526302521,-0.068324015605642,-0.0399418205756489,-0.0415066378879031,-0.0167399644021482,-0.0168500873963048,-0.0170869619520631,-0.0367248120969962,-0.0204013550323444,-0.020681284817796,-0.0116447764845519,-0.0117780664826921,-0.0116276665385838,-0.0255458004385964,-0.0130553609738798,-0.0132166057662872
-0.0326974921781623,-0.0325974529090832,-0.0348229436128391,-0.068324015605642,-0.0399298682496227,-0.0413972958348884,-0.0168283636447984,-0.0169159658025603,-0.0170650912214286,-0.0367248120969962,-0.020402242037465,-0.020702486981913,-0.0117141846629983,-0.0118084867406295,-0.0115270657202083,-0.0255458004385964,-0.0130524883668547,-0.0131654435904724
-0.0323833324840556,-0.0331634993800937,-0.0348413747307481,-0.068324015605642,-0.0399248987336937,-0.0413678497095083,-0.0167943485606852,-0.0166786390490838,-0.0168846624254281,-0.0367248120969962,-0.0204208551965702,-0.0207117244722463,-0.0117524790878916,-0.0115468547909792,-0.0115195960612038,-0.0255458004385964,-0.0130589623413474,-0.013136613766963
-0.032383697135239,-0.0331703932626887,-0.0348385661036511,-0.068324015605642,-0.0399442901660296,-0.0411303235027039,-0.0167942437445863,-0.016689902817232,-0.0169019000342271,-0.0367248120969962,-0.0204235375680513,-0.0207398295392341,-0.011752400919299,-0.0115455692071788,-0.0115122803676773,-0.0255458004385964,-0.0130749405882232,-0.0131177621860639
-0.0319522235319087,-0.0328994736405755,-0.0346929991099647,-0.068324015605642,-0.0399195690776012,-0.041192773097121,-0.0168506632408259,-0.0169060229691195,-0.016997504986209,-0.0367248120969962,-0.0204286159222995,-0.0207185528968615,-0.0116828963083457,-0.0115202149076737,-0.0116061945816181,-0.0255458004385964,-0.0130973285187638,-0.0131102546195662
-0.0329290741617843,-0.0330836834656958,-0.0351669927605544,-0.068324015605642,-0.0399066555305386,-0.0413866795155075,-0.0167765460853375,-0.0169661027372278,-0.0169515017664201,-0.0367248120969962,-0.0203353106746765,-0.0206223424706546,-0.0117910883680022,-0.0118692791560522,-0.0116499575639437,-0.0255458004385964,-0.0131328750701808,-0.01312939747594
-0.0330691836091613,-0.0330428690490934,-0.0350135851709803,-0.068324015605642,-0.0399420078308032,-0.0417380971004042,-0.0164716523383521,-0.017015650263637,-0.0170731040243284,-0.0367248120969962,-0.020338199546305,-0.0205914672870901,-0.0118563394390012,-0.0117777674894339,-0.0117127275196734,-0.0255458004385964,-0.0131431893403402,-0.0132230196273154
-0.0330745620584657,-0.033359939070508,-0.0351261738048353,-0.068324015605642,-0.0399491986275657,-0.0416055032507226,-0.0167037718122405,-0.0168892878886632,-0.0170868436104759,-0.0367248120969962,-0.0203414083373127,-0.0206122598315262,-0.0118900907721224,-0.0118136780603803,-0.0117054271548888,-0.0255458004385964,-0.0131430813354826,-0.0131975058822245
-0.0330599592105196,-0.0333767004452879,-0.0351323830522247,-0.068324015605642,-0.0399590056904742,-0.0413886283876266,-0.0166969746582747,-0.0168867319434647,-0.0170922407782536,-0.0367248120969962,-0.0203473804489947,-0.0206525830222359,-0.0118870038412744,-0.0118087936768185,-0.0117051776121067,-0.0255458004385964,-0.0131206091077716,-0.0131879767634022
-0.0332548407893588,-0.0334025386910408,-0.0350527110514182,-0.068324015605642,-0.0400022848554062,-0.0413604108816433,-0.0169712737901748,-0.017094819327522,-0.0172795208958896,-0.0367248120969962,-0.0203478567489644,-0.0206490139322355,-0.0121303712113155,-0.011845463721292,-0.0119215491202018,-0.0255458004385964,-0.0131248193155897,-0.0131632051495482
-0.0329575489219178,-0.0327532131179234,-0.0349583437944615,-0.068324015605642,-0.0400001590479763,-0.0417105493880854,-0.0171375656377059,-0.0170200280376305,-0.0169976984144026,-0.0367248120969962,-0.0203447890351789,-0.0205902534392722,-0.0123506515481603,-0.0118392410983322,-0.0119374585623541,-0.0255458004385964,-0.0131357633328462,-0.013171510099619
-0.0331970057591607,-0.0342241841870323,-0.0346298648639529,-0.068324015605642,-0.0400039968601281,-0.0416025294351485,-0.0171226955853725,-0.0169878800339378,-0.0170200530488841,-0.0367248120969962,-0.0203443419786027,-0.0206085880685187,-0.0122990557707149,-0.0118320370585093,-0.0118136553891183,-0.0255458004385964,-0.0131330473276926,-0.0131266942657608
-0.0338979491163913,-0.0334693797642409,-0.0350836622627805,-0.068324015605642,-0.0399743769767048,-0.0414316946385563,-0.0170676948264744,-0.0170190584373377,-0.0169132105476573,-0.0367248120969962,-0.0203809457103783,-0.0205858436990246,-0.0122349316411526,-0.0118901085999485,-0.012022434639404,-0.0255458004385964,-0.0131270723042463,-0.0132438747583509
-0.0339003694233567,-0.0334422713696656,-0.0351541453282117,-0.068324015605642,-0.0399946540622184,-0.0418019708184238,-0.0170670363269732,-0.0170738796150873,-0.0169159253813364,-0.0367248120969962,-0.0203824847861393,-0.0205762952110843,-0.0122358198918056,-0.0118260584880364,-0.0119059077837421,-0.0255458004385964,-0.0131198713549604,-0.0132174292879373
-0.0339004231768516,-0.0334474812316415,-0.0351505179445987,-0.068324015605642,-0.0400391593032565,-0.0419140016288008,-0.0170670229555519,-0.0170445363394844,-0.0168148751513136,-0.0367248120969962,-0.0203998459529129,-0.0206085966362639,-0.0122358413731602,-0.0118400149205858,-0.0119245980005186,-0.0255458004385964,-0.0131033060206999,-0.0132671625855422
-0.0334364621081372,-0.0326270101286326,-0.0348538294259818,-0.068324015605642,-0.0401023609670598,-0.0422873102180547,-0.0167386850281148,-0.0171021025018567,-0.0169179560112956,-0.0367248120969962,-0.0204159068636513,-0.0206398284316858,-0.0121857882868693,-0.0117217730550429,-0.011740107029384,-0.0255458004385964,-0.0130576879611112,-0.0132624981564967
-0.0331432647577519,-0.0326844757020207,-0.0350582052977496,-0.068324015605642,-0.0400676448817474,-0.0423063123079582,-0.0171937715051052,-0.0169221446393303,-0.0175971960842005,-0.0367248120969962,-0.0204147199301787,-0.0206127266218931,-0.0122412668776438,-0.0120779084286483,-0.011952682960377,-0.0255458004385964,-0.0130784656617901,-0.0132763616746923
-0.033131368247407,-0.0325473798310296,-0.034703569939308,-0.068324015605642,-0.0400897659457533,-0.0423990357710587,-0.0173882588525086,-0.0171332106493639,-0.0173514709940947,-0.0367248120969962,-0.0204174017175624,-0.0206392504477178,-0.0122406059679362,-0.0120421173226922,-0.0116981598638742,-0.0255458004385964,-0.013063456634916,-0.0132423496379445
-0.0327470042755986,-0.0328346694169493,-0.0346440598637855,-0.068324015605642,-0.0401172922978482,-0.0423857090302397,-0.0173254202217403,-0.0171331773873654,-0.0172603670447594,-0.0367248120969962,-0.020444339951248,-0.0205292043733631,-0.0122368300854801,-0.0118295314066919,-0.0117829749981011,-0.0255458004385964,-0.013016222902779,-0.0133328859433795
-0.0327230753775426,-0.0338239581005524,-0.0349764172519188,-0.068324015605642,-0.0401478837186513,-0.0424138455682984,-0.0172648639799697,-0.0171534008031563,-0.0170788080006042,-0.0367248120969962,-0.0204434451628088,-0.0205958071037061,-0.0120400626094828,-0.0119773602781233,-0.0118336540474636,-0.0255458004385964,-0.0130183231806499,-0.0132920162036252
-0.0330237362909192,-0.0338643667163456,-0.0356379441021174,-0.068324015605642,-0.0401455211954615,-0.0424219184665001,-0.0171245292258267,-0.0169963925091274,-0.0172291426261986,-0.0367248120969962,-0.0205026564942706,-0.0206127335652724,-0.0119948952431788,-0.0118955704872819,-0.011827833541238,-0.0255458004385964,-0.0130474926718667,-0.0132689822081419
-0.0330237293736964,-0.0338379074387568,-0.0356370376835893,-0.068324015605642,-0.0401289302017094,-0.0423435934881576,-0.0171245245571855,-0.0172121225298065,-0.0171951145391182,-0.0367248120969962,-0.0204933314459026,-0.0205847892436206,-0.0119949049323396,-0.0119374552221325,-0.0118675481295967,-0.0255458004385964,-0.013040515502654,-0.0133041651348212
-0.0329471688059131,-0.0338909801131551,-0.0356723634241342,-0.068324015605642,-0.0401462063884445,-0.0421587474971504,-0.017158405054969,-0.0172079644973462,-0.0170165553772069,-0.0367248120969962,-0.0204727072255454,-0.020481385596502,-0.0120023115666206,-0.0119404225187877,-0.0118047300702516,-0.0255458004385964,-0.0130553480283517,-0.0132453603304184
-0.0328152394465295,-0.0334852455563646,-0.0356947269303912,-0.068324015605642,-0.0402216381183783,-0.0424661146040132,-0.0172138044592319,-0.0170386746311006,-0.0170975347161003,-0.0367248120969962,-0.020444893866403,-0.0203208143698134,-0.0122781956039621,-0.012005158451526,-0.0118047059223704,-0.0255458004385964,-0.0131137460935415,-0.0133738672440816
-0.0331531908525274,-0.0332572227860883,-0.0360123553398523,-0.068324015605642,-0.0402363125065343,-0.0422302133929356,-0.0170595526591715,-0.0171532395955134,-0.0171657459963362,-0.0367248120969962,-0.0204332033179758,-0.0204641775459362,-0.0120144148678477,-0.0120435755774358,-0.0118622809347735,-0.0255458004385964,-0.0131174266366641,-0.0132963801446728
-0.0330051006221894,-0.033415997501328,-0.036115834104646,-0.068324015605642,-0.0401490347695423,-0.0421543586029336,-0.016930050363922,-0.0171064828042863,-0.0172672316650759,-0.0367248120969962,-0.0204436816432167,-0.0205371738778985,-0.0119163122855886,-0.0119857345754655,-0.0119345389989814,-0.0255458004385964,-0.0131446656693722,-0.0132811776221184
-0.0321823570773863,-0.032867863099694,-0.0354884358368585,-0.068324015605642,-0.0401766199892657,-0.0421567320613385,-0.0169287455908907,-0.0175411097551837,-0.0174021115329253,-0.0367248120969962,-0.0204751890556547,-0.0205234772983538,-0.0119408755537067,-0.0120482489198681,-0.0118790400418545,-0.0255458004385964,-0.0131494317043247,-0.0132959789677269
-0.0321823557738474,-0.0328532868200036,-0.035329611199175,-0.068324015605642,-0.0401950169337867,-0.042142839897716,-0.0169287433137946,-0.0175398904186022,-0.0173581825297244,-0.0367248120969962,-0.0205143206359788,-0.0205006759170731,-0.0119408738491188,-0.0120646754277816,-0.0119241859766397,-0.0255458004385964,-0.0131259337025022,-0.0132717085731251
-0.0320538329822939,-0.0333238237845968,-0.0361833104303202,-0.068324015605642,-0.0401870302027133,-0.0421969796393499,-0.0169876844291597,-0.0173262732734425,-0.0176504920431092,-0.0367248120969962,-0.0205134166880834,-0.0204887637898288,-0.0119989911410157,-0.0119562140637493,-0.0117558281711245,-0.0255458004385964,-0.0131149394463863,-0.0132721157161222
-0.0322828884283777,-0.0338209917223119,-0.0361443812930866,-0.068324015605642,-0.0402806858862257,-0.0423610603413981,-0.0170932238144286,-0.0174535493035488,-0.0172529295130394,-0.0367248120969962,-0.0205028212979366,-0.0204009766182541,-0.012057824649137,-0.0118726232981956,-0.011819825825081,-0.0255458004385964,-0.0130687540945696,-0.0132683294628515
-0.0330869036702034,-0.0341999193865278,-0.0362133125498248,-0.068324015605642,-0.0402676400357826,-0.0423027981199183,-0.0169594585460201,-0.0172066677022402,-0.0172886937286081,-0.0367248120969962,-0.0205016610482171,-0.0204462914593172,-0.0120945689676676,-0.011957021635104,-0.0118030809146311,-0.0255458004385964,-0.0130693100030102,-0.0132617174856915
-0.033266854849258,-0.0342344175827003,-0.0361801323152487,-0.068324015605642,-0.0402869809038275,-0.0424797451174091,-0.0169956272489617,-0.0172742550656876,-0.0172639472283855,-0.0367248120969962,-0.0205379805877012,-0.0205564470929406,-0.0120603263507575,-0.0119985964590682,-0.0118855706853105,-0.0255458004385964,-0.013173952069121,-0.0132919697984421
-0.0335525449563199,-0.0348625745481114,-0.0359974004155094,-0.068324015605642,-0.0403504457696406,-0.042484424351615,-0.0172421628978955,-0.0172487513519564,-0.0172405117306591,-0.0367248120969962,-0.0205297709303645,-0.0206370321369317,-0.0120971857846619,-0.0119797804435849,-0.0119457253068638,-0.0255458004385964,-0.0131702893341812,-0.0132860912557532
-0.0335513997080022,-0.0347353758883024,-0.035971404768725,-0.068324015605642,-0.0403673025303419,-0.0425653758045938,-0.0172524662563841,-0.0172172505745807,-0.0173427216795473,-0.0367248120969962,-0.020527714675533,-0.0205905693960129,-0.0121049288814724,-0.0119467565304925,-0.0120380046781649,-0.0255458004385964,-0.0131842090938777,-0.0132558063617111
-0.0335500407235414,-0.0344443412767395,-0.0359776561264468,-0.068324015605642,-0.0403835770356503,-0.0422032570835876,-0.0171738492097113,-0.017342012429094,-0.0173222531889721,-0.0367248120969962,-0.0205153400849965,-0.020587376646486,-0.0120338904848019,-0.0120230332856058,-0.0120013171591168,-0.0255458004385964,-0.0132054968139717,-0.0133406446787957
-0.0337067723280801,-0.0347352514949186,-0.0362451045458469,-0.068324015605642,-0.0403835768845009,-0.0423387507838209,-0.0174895301653573,-0.0174048698147262,-0.0172118791690776,-0.0367248120969962,-0.0205216423715439,-0.0205846905176132,-0.0121460574589802,-0.0120492162638276,-0.0119792752389421,-0.0255458004385964,-0.0131995028436461,-0.0132754915693109
-0.0336154997211767,-0.0350293477071576,-0.0358028615914982,-0.068324015605642,-0.0403748742037499,-0.0421967768341884,-0.0173998785127023,-0.0174209691897114,-0.0172981478210353,-0.0367248120969962,-0.0205235898736284,-0.0205915298756985,-0.0119402705453165,-0.0117868252681889,-0.0118580144192269,-0.0255458004385964,-0.0132033789901933,-0.0133185862103104
-0.0336277149910863,-0.0351153294497875,-0.0357899844594629,-0.068324015605642,-0.0403511084389271,-0.0422597785902888,-0.0173964488268355,-0.0173839019541063,-0.0173057068918103,-0.0367248120969962,-0.0205183172854346,-0.0206025575337934,-0.0119331386717483,-0.0117898597254941,-0.011863889793149,-0.0255458004385964,-0.0131878951742425,-0.0133074359867433
-0.0334676345017853,-0.0350025509828036,-0.0362391010877224,-0.068324015605642,-0.0403769322319303,-0.042189816346797,-0.0170649482751855,-0.0172660813390864,-0.0176320019989568,-0.0367248120969962,-0.0205136363400193,-0.0206165523782068,-0.0119856213416843,-0.0118458557518302,-0.0120472084256085,-0.0255458004385964,-0.0132013044996494,-0.0133397296340734
-0.0332429587306685,-0.0349655753255658,-0.036001507933836,-0.068324015605642,-0.0403822940313462,-0.0421529964029576,-0.0171082844471807,-0.0173535777959793,-0.0177015028764239,-0.0367248120969962,-0.0205108273138018,-0.0205993838234343,-0.0118721860457387,-0.0118312013842857,-0.0118467132064179,-0.0255458004385964,-0.0132186192911795,-0.0133672298880648
-0.0342779971966643,-0.0348130845967698,-0.0361986520227479,-0.068324015605642,-0.0403603730977874,-0.0422583565243729,-0.0173936042501033,-0.0175483358124945,-0.0176121515433458,-0.0367248120969962,-0.0204907217640949,-0.0206233301463754,-0.0115980863289658,-0.0115957721982523,-0.0117536362600358,-0.0255458004385964,-0.0132149453440205,-0.0133406553638298
-0.0336823222703551,-0.0345427909679111,-0.0359482840707709,-0.068324015605642,-0.0403832022556416,-0.0421252605902549,-0.0173199052558822,-0.0174472824463833,-0.0172826646255589,-0.0367248120969962,-0.0204927788811658,-0.0206105213691844,-0.0117968040651519,-0.0116914515254596,-0.0117876395465536,-0.0255458004385964,-0.0132194241317931,-0.0133710100139895
-0.0342381408034387,-0.0349143283463442,-0.0358246785078578,-0.068324015605642,-0.0403999558692458,-0.042161618113521,-0.017318704930592,-0.0175332704858226,-0.0174888924325856,-0.0367248120969962,-0.0204954005966197,-0.0206226347336982,-0.0117157733419166,-0.0116788907313176,-0.0117943875249815,-0.0255458004385964,-0.0132128037138458,-0.0133642857210162
-0.0338216923296995,-0.0342367749430512,-0.0361001603426562,-0.068324015605642,-0.0404054195221326,-0.0420270760267386,-0.0170888058445885,-0.0174540622667969,-0.0174318243819044,-0.0367248120969962,-0.0204952710575343,-0.0207279281287424,-0.0118039410203419,-0.0116809421697693,-0.0118915122037895,-0.0255458004385964,-0.0132041384043868,-0.0131644152923989
-0.0336842619853925,-0.0345446784533693,-0.0356193184709596,-0.068324015605642,-0.0403270018884068,-0.0421271612911055,-0.0171095848160715,-0.0173205026454414,-0.0172740358760519,-0.0367248120969962,-0.0204962147106835,-0.0206698604561674,-0.0117556067592444,-0.0117598370080059,-0.0118751587698966,-0.0255458004385964,-0.0132011924364445,-0.0132680238802207
-0.0337431263328498,-0.0344743726779352,-0.0355764272397561,-0.068324015605642,-0.0402864337812905,-0.0421996610165059,-0.0171350004035946,-0.0170987210904424,-0.0172088090317408,-0.0367248120969962,-0.0205410090004894,-0.0206386739082885,-0.0117986145224492,-0.0117918271337594,-0.0118323156478825,-0.0255458004385964,-0.0132240144072048,-0.0134049941149214
-0.034141148893447,-0.0352677940595514,-0.0361365931870521,-0.068324015605642,-0.0403344231827702,-0.0421747928738219,-0.0171209445327265,-0.0170828093843593,-0.0174196154595589,-0.0367248120969962,-0.0206069349091342,-0.0206960452934417,-0.0117762307237657,-0.0118032150208958,-0.0118198925526696,-0.0255458004385964,-0.01322655467825,-0.0133954884997231
-0.0345889363282524,-0.0348709049097994,-0.0365438324746738,-0.068324015605642,-0.0403471034711936,-0.0422621877268579,-0.0170854127809737,-0.0170258775536472,-0.0171367918771612,-0.0367248120969962,-0.0205813410536169,-0.0206053515250657,-0.011660131549649,-0.0119141614377501,-0.0117515063181753,-0.0255458004385964,-0.0132094220390456,-0.013323964451483
-0.0346052025586921,-0.0351999083340327,-0.0364195447158032,-0.068324015605642,-0.0403350725655298,-0.0423687812759114,-0.0171371864451557,-0.0174138312940695,-0.0172094465655535,-0.0367248120969962,-0.0205699093586714,-0.0205476541975324,-0.0115505989350311,-0.011750080624696,-0.01167438057105,-0.0255458004385964,-0.0132096412740721,-0.0132159640020907
-0.0342888641895055,-0.0354574519331141,-0.0363450580574981,-0.068324015605642,-0.0403666570185199,-0.0422046623744527,-0.0171116330911544,-0.0175564655612612,-0.0172353921750224,-0.0367248120969962,-0.0205384008606914,-0.0206217661688134,-0.0115982258422484,-0.0115281566028148,-0.01171966101936,-0.0255458004385964,-0.0131816355488131,-0.013315116284142
-0.0345688338640894,-0.0354686059167685,-0.0364388302299472,-0.068324015605642,-0.0403969731294461,-0.0420160876393854,-0.0174238627292781,-0.0171359708389245,-0.0173603234012336,-0.0367248120969962,-0.0205441532973497,-0.0207559720684452,-0.0116716618927874,-0.0114603722064829,-0.0116742360463288,-0.0255458004385964,-0.0131698732487292,-0.0133573403671275
-0.0349128486444098,-0.0352209329809392,-0.0361954218591454,-0.068324015605642,-0.0403702587048163,-0.0420022291600857,-0.0172225713302941,-0.0171416215016112,-0.0171902733905359,-0.0367248120969962,-0.0205722687916481,-0.0207620627874972,-0.0118664513827277,-0.0116436893876827,-0.0115968757689009,-0.0255458004385964,-0.0132016489347573,-0.0133528496236876
-0.0349317010183035,-0.035247852340412,-0.0362233788606334,-0.068324015605642,-0.0405941896753578,-0.0420814059088306,-0.0172259770847513,-0.0172065799307655,-0.0173452498342232,-0.0367248120969962,-0.020648224503457,-0.0205495990216935,-0.011872423823641,-0.0115907507339981,-0.0116621879195137,-0.0255458004385964,-0.013265578056129,-0.0133925876683973
-0.0352762110914894,-0.0356890576326078,-0.0362895379440016,-0.068324015605642,-0.0405776837115178,-0.0421777466045513,-0.017573798047847,-0.01787684166411,-0.0170906991126576,-0.0367248120969962,-0.020649541526585,-0.020514603268821,-0.0117050549999902,-0.0116930566530869,-0.0117080212235692,-0.0255458004385964,-0.0132198277651653,-0.0133639828773782
-0.0344585140709748,-0.0349322531011639,-0.0365936564289062,-0.068324015605642,-0.0405833093581885,-0.0419646972930141,-0.0174942074695409,-0.0171238230608834,-0.0170954307491771,-0.0367248120969962,-0.0206531708440334,-0.0205285998491166,-0.0117317681644477,-0.011783967060328,-0.0116672430070235,-0.0255458004385964,-0.0132573612879669,-0.0133627771901029
-0.0344761366883091,-0.0348549025759085,-0.0364457137733798,-0.068324015605642,-0.0406305847221572,-0.0420160629328137,-0.017490702421646,-0.0171265283162983,-0.0171112802799142,-0.0367248120969962,-0.0206159825834149,-0.0205577254834276,-0.0117431847370257,-0.0117563605350999,-0.011630393622828,-0.0255458004385964,-0.0132521695613947,-0.0133601341472144
-0.0350295060704958,-0.0354666482958148,-0.0364590493695053,-0.068324015605642,-0.0405745372626547,-0.0420927011975787,-0.0174815606787524,-0.0171716741599883,-0.0170205219176892,-0.0367248120969962,-0.0206252426579819,-0.0205493630607534,-0.0116450664742644,-0.0117279300456975,-0.0115851740369905,-0.0255458004385964,-0.0132421832723315,-0.0133103690252342
-0.0350298315024437,-0.0351211472178941,-0.036449486033038,-0.068324015605642,-0.0404250396719206,-0.0419430600737999,-0.0174847744128589,-0.0171241958146046,-0.0170478136615447,-0.0367248120969962,-0.0206677677315217,-0.0205697328966702,-0.0116407502358142,-0.0117506113826705,-0.0116148324952048,-0.0255458004385964,-0.0132058729311869,-0.0132171037948942
-0.0355818902721181,-0.0355985674464273,-0.0368299974419616,-0.068324015605642,-0.0404150847777417,-0.0419940155089714,-0.0169328445257079,-0.0170440655073262,-0.0171372604634,-0.0367248120969962,-0.0206541108505031,-0.0205675964546923,-0.0115176597199677,-0.0115085371161729,-0.0114641552731042,-0.0255458004385964,-0.013210991320853,-0.0132464968411405
-0.0355853074460058,-0.0356355712890699,-0.0365070427781442,-0.068324015605642,-0.0404204567841172,-0.0419286144313933,-0.016931742414389,-0.0170632807505527,-0.0174054239295656,-0.0367248120969962,-0.0206491417226501,-0.02049191755331,-0.0115295675949209,-0.0115440930744265,-0.0115516875016785,-0.0255458004385964,-0.0132014099618197,-0.0132202836062551
-0.0354986369617432,-0.0353980843229367,-0.0359443205454384,-0.068324015605642,-0.0404044604192767,-0.0418745508527731,-0.0173692295104932,-0.017524703963246,-0.0171569317713901,-0.0367248120969962,-0.0206493679049646,-0.0205528986284826,-0.0115206946407649,-0.0115941015141669,-0.0116932211944617,-0.0255458004385964,-0.0132066002249145,-0.0132491891945359
-0.0347381344959417,-0.0350642899785908,-0.0363803320872607,-0.068324015605642,-0.0404381765706598,-0.0419227124975444,-0.017406236230676,-0.0172287822447109,-0.017232567903768,-0.0367248120969962,-0.0206301703747649,-0.0205412583413733,-0.0115331176780374,-0.0116407676768398,-0.0116092133903379,-0.0255458004385964,-0.0132320523638243,-0.0132333570990607
-0.0349854120240976,-0.0358993235332287,-0.0365270883106859,-0.068324015605642,-0.0404293825989162,-0.0419933424244077,-0.0172619329953111,-0.0173658368104822,-0.0168396371993086,-0.0367248120969962,-0.0206300276536764,-0.0207033604009512,-0.011652842242564,-0.0116711514719313,-0.0116872243356108,-0.0255458004385964,-0.0132278375867172,-0.0132488861923375
-0.0348270916118072,-0.035392430667643,-0.0368514059652118,-0.068324015605642,-0.0405192420775068,-0.0418375169868446,-0.0172987704180985,-0.0174336255842686,-0.0169533143579684,-0.0367248120969962,-0.0206086346770965,-0.0206775032031897,-0.011743056342472,-0.0118941741881658,-0.011526961499605,-0.0255458004385964,-0.0132038982211539,-0.0132693373225728
-0.0352376549103305,-0.0353547587188726,-0.0361700060452684,-0.068324015605642,-0.0405299163478995,-0.0420190060534159,-0.0171277877420215,-0.0175084117395049,-0.0170131875550548,-0.0367248120969962,-0.0206068515737507,-0.0206897069675991,-0.011584779330266,-0.0116674222145826,-0.01169018795664,-0.0255458004385964,-0.0132189769830169,-0.0132879377527694
-0.0346224930620987,-0.035157662865389,-0.0362397827501008,-0.068324015605642,-0.0405170248380536,-0.0420089938259449,-0.0173963389739076,-0.0177361093436536,-0.0171421453564842,-0.0367248120969962,-0.0206038560109526,-0.0206482516903358,-0.0117099955966017,-0.011893480953156,-0.0118214823378914,-0.0255458004385964,-0.0132188990122066,-0.0132761908120597
-0.0346907460394684,-0.0351135445227653,-0.0362246897623904,-0.068324015605642,-0.0405249736585848,-0.0418971752800417,-0.0172121062920828,-0.0176970274368579,-0.0171484825043339,-0.0367248120969962,-0.0206012501408233,-0.0206770488677299,-0.0116826826281695,-0.0119177954128317,-0.0118101365804339,-0.0255458004385964,-0.013218605080584,-0.0133000900029076
-0.0349581007318211,-0.0357251436366263,-0.0364908051742338,-0.068324015605642,-0.0405227209457573,-0.0412923083043683,-0.0172885403856847,-0.0174639074232537,-0.0172746558824134,-0.0367248120969962,-0.0205888014306482,-0.0206221850131795,-0.01154968217143,-0.011513870080288,-0.0117514573141338,-0.0255458004385964,-0.0132243709159493,-0.0130593772808088
-0.0351370458820026,-0.0361111127083007,-0.0366501038907359,-0.068324015605642,-0.0405452670855521,-0.0414531279164479,-0.0170949074819523,-0.0172395296251453,-0.0172177909487773,-0.0367248120969962,-0.0205829440330811,-0.0206180283960829,-0.0116022816347638,-0.0116603689986729,-0.0116891127563076,-0.0255458004385964,-0.0132144935502258,-0.0131675559826635
-0.0350745498191731,-0.0361442744329936,-0.0364685735045379,-0.068324015605642,-0.0405653235193153,-0.0416712789023446,-0.017414901105656,-0.0177031320336472,-0.0172206145622369,-0.0367248120969962,-0.0205883372103012,-0.0206256657382785,-0.0116636227208765,-0.0117544246530079,-0.0117457144770578,-0.0255458004385964,-0.013241430449404,-0.013306072686215
-0.0352968036773859,-0.036079833060557,-0.0366749072580934,-0.068324015605642,-0.0407384454250892,-0.0419739888945789,-0.0173358342827739,-0.0173540177124443,-0.0172944915233181,-0.0367248120969962,-0.0205456444605477,-0.0205840997534277,-0.0116908688960331,-0.0115920269925763,-0.0116126385475297,-0.0255458004385964,-0.0132746430907286,-0.0132955781941788
-0.0353000756376601,-0.0360765828515741,-0.0366629120088925,-0.068324015605642,-0.0407550496514344,-0.0417917609565651,-0.0173349116279356,-0.0173594632531483,-0.0173026687559983,-0.0367248120969962,-0.0206474211267117,-0.0206678851851059,-0.0116911238857353,-0.0115795669692649,-0.011615641764812,-0.0255458004385964,-0.0132640551211538,-0.013135699026034
-0.0350339967814892,-0.0359742221699237,-0.0364068440449544,-0.068324015605642,-0.0407493315610856,-0.0417451014735526,-0.0173431920929216,-0.0172005290269601,-0.0172992985613614,-0.0367248120969962,-0.0206418167107906,-0.0206895763915695,-0.0116323990719099,-0.0117157045842307,-0.0116122146112088,-0.0255458004385964,-0.0132655087383745,-0.0131180319193488
-0.0358686045419743,-0.035538228587648,-0.0364920059956262,-0.068324015605642,-0.0407418199458777,-0.0416582545056938,-0.0173763697553411,-0.0172438572828545,-0.0173039399361452,-0.0367248120969962,-0.0206757527855612,-0.0207235725965269,-0.0117807469202409,-0.0115539253402694,-0.0115443992208118,-0.0255458004385964,-0.0132312437570423,-0.0130697637683269
-0.0358628578348106,-0.0355910912003184,-0.0362676183367857,-0.068324015605642,-0.0407706593968955,-0.041512043205172,-0.0173860649768815,-0.0172525148706675,-0.0172893026595975,-0.0367248120969962,-0.0206727408609453,-0.0207079871487468,-0.0117877971378625,-0.0116017694512652,-0.0115888382856707,-0.0255458004385964,-0.0132218568662715,-0.0131741025624636
-0.0357280367598446,-0.03592997523435,-0.0368390912810606,-0.068324015605642,-0.0407624960583407,-0.041708902165695,-0.0171406385825888,-0.0175284768990619,-0.0172387902708953,-0.0367248120969962,-0.0206829895457407,-0.0207352495853645,-0.0116806982205166,-0.011474751284401,-0.0114675827917822,-0.0255458004385964,-0.0132231678155072,-0.0131079853537081
-0.0355325699779306,-0.0348465323448229,-0.0357250007281303,-0.068324015605642,-0.0407580012429622,-0.0417117778514391,-0.0170179907518872,-0.0172664097643777,-0.017092061628865,-0.0367248120969962,-0.0206821949467575,-0.0207330774770239,-0.0116172842216247,-0.011490060559388,-0.0115724008424833,-0.0255458004385964,-0.0132150615157278,-0.0131155348640906
-0.0347516312840964,-0.0351626298971628,-0.0360426855744554,-0.068324015605642,-0.0408465833581632,-0.0416335121836657,-0.0170428747531987,-0.0171503932271785,-0.0172536929359851,-0.0367248120969962,-0.0207090906743945,-0.0207364091345606,-0.0117386597719863,-0.0115629563253121,-0.0115783070659062,-0.0255458004385964,-0.0133636966644604,-0.0133215349517668
-0.0344996653580398,-0.03504371823334,-0.0362341815086017,-0.068324015605642,-0.040818803370586,-0.041504127801695,-0.0169936360859528,-0.0170681475396151,-0.0169171624704365,-0.0367248120969962,-0.0207371123805577,-0.0207365925032194,-0.0116257677472531,-0.0116414401172038,-0.0116227428518124,-0.0255458004385964,-0.0133559282358646,-0.0132367022199558
-0.0341554019242712,-0.0350056390990096,-0.035751860608162,-0.068324015605642,-0.0408213440341494,-0.0416947874392579,-0.017098080004594,-0.016773373989917,-0.0168794934781812,-0.0367248120969962,-0.0207390223757651,-0.0207471767908629,-0.0116754622532988,-0.0116056682064856,-0.0116422941192133,-0.0255458004385964,-0.0133477886532687,-0.0133647352513694
-0.0344285793599868,-0.0346755887007856,-0.0369646537089722,-0.068324015605642,-0.0408653946574165,-0.0415645866849033,-0.0170424987312134,-0.0167908016216188,-0.0169265093797599,-0.0367248120969962,-0.0207580783553686,-0.0207384854498189,-0.0117291417604619,-0.0116187408768674,-0.0117567150554783,-0.0255458004385964,-0.0133365260140736,-0.0132824751592701
-0.0350313114512845,-0.0353382895518467,-0.0368816628653919,-0.068324015605642,-0.0408574958877364,-0.0415664125677499,-0.0168459237745841,-0.0168734646279716,-0.0166804300240817,-0.0367248120969962,-0.0207333055538466,-0.0207119389390612,-0.0116595307770487,-0.0115871314314319,-0.0116459064839065,-0.0255458004385964,-0.0133343043077532,-0.0132885233309099
-0.0359819886398851,-0.0357280384283265,-0.0366881054879483,-0.068324015605642,-0.0408557012882808,-0.0414685267005979,-0.0167098712317229,-0.0167834573813046,-0.0166704874857258,-0.0367248120969962,-0.0207152284875652,-0.0206635179118187,-0.011742210752833,-0.0117168804380981,-0.011782177678528,-0.0255458004385964,-0.0133368279854298,-0.0132354834258612
-0.034847637811741,-0.0360076778285558,-0.0376077851965545,-0.068324015605642,-0.0408402344391879,-0.0414170133196685,-0.0167182731921548,-0.0168751914732281,-0.0165618185069349,-0.0367248120969962,-0.0207053532853639,-0.0206616620357497,-0.0117392275105887,-0.0115750048554476,-0.011398655201776,-0.0255458004385964,-0.0133244095872562,-0.0132874895040663
-0.0350626610665538,-0.0364272903075975,-0.0376015184894391,-0.068324015605642,-0.0408546947278761,-0.0415022638988331,-0.0166885979408896,-0.0165825740365052,-0.0164211840638431,-0.0367248120969962,-0.0207140178324381,-0.0206777715299222,-0.0117540946278153,-0.0115752291868856,-0.0114648864030141,-0.0255458004385964,-0.013335225501268,-0.0132229052827993
-0.0353612921094935,-0.036593914357333,-0.0368130406408655,-0.068324015605642,-0.040865009183057,-0.0412955779622561,-0.0168025829324254,-0.0167332922368652,-0.0163332940047602,-0.0367248120969962,-0.0206419740984796,-0.0206078360977474,-0.0117063251936246,-0.0115636435311225,-0.0114268426088342,-0.0255458004385964,-0.0133514687197537,-0.0131401671210805
-0.0353594024014561,-0.0363016577587723,-0.0368586048864337,-0.068324015605642,-0.0408757080315369,-0.0413772626107673,-0.0168023772202385,-0.0167800114091624,-0.016351626703456,-0.0367248120969962,-0.0205999026458601,-0.0205636207980963,-0.0116905683025791,-0.0115670724865584,-0.0114140779128846,-0.0255458004385964,-0.0134052882179455,-0.013194452814137
-0.0352933545858475,-0.0361737535524539,-0.0376290925678122,-0.068324015605642,-0.0408277580390603,-0.0413383458554824,-0.0167633540381491,-0.0166694657765359,-0.0165271493732995,-0.0367248120969962,-0.0205840613681136,-0.020545910697946,-0.0116724141742017,-0.0115122847413403,-0.0113525662297661,-0.0255458004385964,-0.0133877493680267,-0.0131751485234365
-0.0357283963646513,-0.0364405641927325,-0.0372885789252882,-0.068324015605642,-0.0407643054400307,-0.0412789922754454,-0.0168251912256352,-0.0165753134524765,-0.016478035224411,-0.0367248120969962,-0.0205581838626511,-0.0205148238578305,-0.0116267203545395,-0.0114956381864446,-0.0113196979946236,-0.0255458004385964,-0.0135019454018514,-0.0134370032704155
-0.0365071933081386,-0.0371582679577934,-0.0366530934110931,-0.068324015605642,-0.0407699671915408,-0.0411063235632135,-0.0163438607639439,-0.0163965701614793,-0.0164344807476963,-0.0367248120969962,-0.0205657875203494,-0.0205260753005493,-0.0117449142505749,-0.0115720056936285,-0.0113892663395557,-0.0255458004385964,-0.0134985715018999,-0.0134378766189993
-0.0365679425621422,-0.036791410146583,-0.0361230238540248,-0.068324015605642,-0.0407772733592092,-0.0411311356379331,-0.0165229714360502,-0.01669785118265,-0.0163907894992854,-0.0367248120969962,-0.0205675657877765,-0.0205243811854237,-0.011755043873283,-0.011518112974279,-0.0115643289000377,-0.0255458004385964,-0.0135069004212884,-0.0134416666402689
-0.0363425144765482,-0.0366061608805756,-0.036459421568701,-0.068324015605642,-0.0407164167645697,-0.0409891906088089,-0.0165834880909062,-0.0167385867381525,-0.0166816071104397,-0.0367248120969962,-0.0205181031215888,-0.02048998309399,-0.0117098506013972,-0.011656616847269,-0.0116006713396988,-0.0255458004385964,-0.013401916032316,-0.0133295390346429
-0.0358475247019499,-0.0359386279659648,-0.0369333938403916,-0.068324015605642,-0.0407201834480951,-0.0409704901985734,-0.0169949520937851,-0.0169564957076532,-0.0169898516598116,-0.0367248120969962,-0.0205264604349978,-0.0205005189108095,-0.0116899086779414,-0.0116518801191519,-0.01154795341205,-0.0255458004385964,-0.0134299626183944,-0.0133233804611108
-0.0358648021743151,-0.0363675292108884,-0.0373262320376436,-0.068324015605642,-0.0407744773687497,-0.0410415377785366,-0.0171449919636419,-0.0166837586477551,-0.0168305767426158,-0.0367248120969962,-0.0205123955142744,-0.0204819551013398,-0.0117638772179293,-0.0116510305113346,-0.0116361829314328,-0.0255458004385964,-0.01342272209796,-0.0133547453812867
-0.0352692770941767,-0.0363049007596518,-0.0367531367203401,-0.068324015605642,-0.0407247010803909,-0.0409620208391379,-0.0167002422687401,-0.0165642586469956,-0.0166687430686685,-0.0367248120969962,-0.0204904950421586,-0.0204611944014312,-0.0117190333850787,-0.0115759713873952,-0.011563769099654,-0.0255458004385964,-0.0134439307486398,-0.0133313666512683
-0.035269193518628,-0.0362819867209388,-0.0369182199949426,-0.068324015605642,-0.0406975015416859,-0.0407103576415848,-0.0167001532292907,-0.0165328060313194,-0.0167674038913219,-0.0367248120969962,-0.0205134741442026,-0.0205121534468214,-0.0117191439818931,-0.0115752659535637,-0.0115779334430212,-0.0255458004385964,-0.0134436030151087,-0.0134371720704703
